8
1 500 1000 200 42 777 13 99
-5.961613
2.916626
-1.123935
-7.375263
-5.794156
-5.790664
-5.790664
-1.684017
-5.561973
-6.383096
-3.068382
-3.600703
3.233803
2.806642
5.390927
-4.592346
-1.778244
-4.317360
0.357648
-2.238296
-4.754706
-4.722746
-5.567723
-1.516020
-3.473200
-3.121569
-1.721509
-3.188124
-5.790664
-5.790664
-8.334593
-1.682009
-5.794156
-9.048834
-3.751953
-1.335137
-1.908701
-2.651848
-2.917991
-1.883095
-3.916140
-4.305319
-4.524107
-2.141619
-3.875191
-2.374181
-5.261973
-1.992525
-0.361649
-9.333734
-2.175435
-0.147142
-2.436068
-7.340060
-5.700380
-1.580456
-9.467643
-4.114039
-5.415572
-5.794156
-5.790664
-9.413504
-5.790664
-5.790664
-9.299541
-2.264848
-1.958529
-1.077496
-2.346832
-1.423131
-2.008843
-1.293739
-3.753959
-3.062752
-6.823726
-0.527568
-1.932089
-2.720179
-2.179626
-2.758823
0.449914
-5.787169
-0.418296
-0.803175
-4.319698
-2.285441
-0.969393
-1.889833
-6.953909
-1.177446
-3.895359
-5.790664
-9.419200
-5.790664
-5.548445
-6.297325
-5.794156
-5.794156
-5.790664
-5.794156
-6.155168
-8.329568
-5.787169
-5.790664
-5.790664
-5.790664
-5.787169
-8.329568
-5.794156
-5.787169
-5.790664
-5.790664
-5.790664
-5.790664
-5.790664
-5.790664
-8.329568
-5.790664
-5.790664
-5.787169
-5.794156
-5.790664
-5.794156
-5.794156
-5.790664
-5.790664
-5.790664
-5.606356
-9.185576
-8.329568
-8.329568
-5.790664
-5.794156
-5.794156
-5.790664
-5.790664
-5.790664
-5.790664
-5.790664
-5.790664
-5.787169
-5.790664
-5.794156
-5.790664
-5.794156
-5.794156
-5.787169
-5.794156
-5.790664
-5.790664
-5.787169
-5.790664
-5.794156
-5.787169
-5.794156
-5.790664
-5.787169
-5.790664
-5.794156
-8.329568
-5.790664
-5.790664
-5.794156
-8.334593
-8.329568
-5.787169
-8.334593
-5.790664
-5.790664
-5.790664
-5.794156
-5.790664
-5.794156
-5.794156
-5.790664
-8.329568
-5.790664
-5.794156
-5.790664
-8.334593
-5.790664
-5.790664
-5.794156
-8.329568
-5.790664
-5.790664
-5.790664
-5.790664
-8.334593
-5.790664
-5.790664
-5.790664
-5.794156
-5.790664
-5.794156
-8.329568
-8.329568
-5.790664
-7.888692
-2.392749
-5.790664
-5.790664
-5.790664
-5.794156
-5.790664
-5.790664
-5.790664
-5.790664
-5.790664
-8.329568
-8.329568
-5.790664
-5.790664
-5.794156
-5.790664
-5.790664
-8.334593
-5.790664
-5.790664
-5.787169
-8.334593
-3.857553
-5.790664
-5.794156
-8.329568
-5.794156
-5.790664
-5.790664
-5.790664
-5.790664
-5.790664
-5.790664
-8.657105
-5.103624
-3.420768
-5.790664
-5.790664
-5.794156
-8.334593
-5.787169
-5.794156
-5.790664
-5.790664
-5.790664
-8.334593
-5.790664
-5.790664
-8.329568
-8.334593
-5.790664
-5.787169
-5.790664
-5.794156
-8.329568
-5.790664
-8.237208
-6.448837
-3.178070
-1.459583
-0.899287
-2.290418
-3.973725
-8.109702
0.651860
-3.992737
4.352519
0.702543
-6.477275
-2.559000
-0.194612
-1.655994
-5.343610
-1.211217
-9.026019
-1.135593
-2.035496
-6.984264
-4.253023
-1.335104
-2.049463
-4.757575
-0.859617
-1.553457
-1.572575
-3.576283
-2.658066
-0.501795
-2.906404
0.317521
-0.720055
-3.862450
-5.323694
-1.176794
-0.310086
-3.766492
-2.606282
-5.776410
-4.623430
-2.090375
-5.561054
-2.021692
-3.765850
-2.820841
-2.465899
-0.565906
-3.308532
-2.591235
-1.995036
-4.454632
-1.048592
-0.318183
-6.565846
-1.006306
-6.293897
-5.886516
-4.317719
-6.670413
1.855534
-3.294198
-8.092126
-3.517488
-4.331052
-4.844240
-6.256907
-2.814299
-5.021081
-8.798091
-3.779509
-1.821476
-1.691676
-4.433361
-2.127076
-5.330526
-3.992576
-2.793215
-4.164134
-3.200111
-2.892061
-2.476240
-3.484993
-3.373205
-9.406682
-5.636162
-1.798419
1.826922
-7.413055
0.384555
-2.103631
1.172943
-3.837017
-4.034903
0.715741
-1.469561
-7.312654
1.187424
-7.540167
-8.615876
0.282857
-5.404922
-0.910893
-2.716730
1.495809
-6.631922
-3.376976
-4.687601
-2.729074
-2.526219
-5.168514
-3.848674
-2.769045
3.010967
-7.052525
-5.329558
-5.790664
-4.170076
-4.715971
-1.546249
-10.012892
-5.787169
-5.787169
-5.787169
-8.329568
-7.503376
-6.301168
-3.379204
-1.545511
-13.790949
-9.020326
-4.701159
-4.020922
0.145261
-1.781039
-5.724518
-0.864858
-6.896892
-1.179555
-2.661827
-8.889270
-0.679761
-2.731107
-7.728042
-3.460384
-7.463995
-2.649229
-4.929594
-1.421027
-4.396800
-2.028506
-2.868737
-5.261786
-4.062960
-3.197215
-2.795847
-1.367618
-6.709327
-1.820922
-4.219722
-4.848495
-5.787169
-2.976851
-2.472789
-4.361951
-0.747755
-4.599511
-7.045338
-6.562673
1.100824
-8.428180
-8.945477
-2.368766
-5.698175
-8.038414
-5.019406
-5.116651
-2.995165
-5.787169
-3.842679
-7.424204
3.351366
-6.553174
-5.818716
-2.199135
-5.235213
-1.718524
-4.743163
-1.388716
-5.794156
-4.877984
-5.932151
-5.105676
-2.279461
-5.071137
-3.973308
-3.398686
-1.764479
0.316652
0.575623
-7.952027
-5.747400
-2.648607
-1.788402
-8.689830
-2.835623
-9.833859
-2.910357
-6.551380
-5.063511
-0.816062
-8.438437
-6.173890
-3.011862
-7.635123
-1.700976
-2.370150
-3.596337
1.282648
-3.577876
-3.397911
-5.787169
-4.834389
-1.241213
-3.654660
-5.170458
-2.901175
-4.653936
-0.328121
-3.294251
-2.915614
-7.532327
-5.495339
-6.387630
0.069866
-3.731234
-5.688855
0.293855
-3.484577
-5.713899
-1.840936
-3.344204
-3.669697
-2.996000
-7.312654
-3.778362
-2.786854
-3.161830
-3.311734
-7.570077
-4.575777
-8.163812
-2.048412
-5.790664
-5.190833
-3.322442
-8.905643
-2.611006
-1.524616
1.305720
-1.387511
-4.638437
-6.855280
-1.999470
-5.262631
-7.791403
-2.762527
-2.169959
-1.122934
-4.053085
-5.003262
-1.989202
-2.894593
-9.231157
-0.411628
-4.818487
-6.396779
-2.220149
-2.569062
-5.534924
-4.780351
-5.217853
-5.671345
-6.682069
-1.189324
-5.790664
-3.213400
-3.349459
-7.142213
-3.387523
-7.281200
-1.643908
-8.484622
-4.334584
-3.331886
-4.931038
-5.794156
-3.390373
-8.485978
-2.675837
-3.215258
-3.585765
-4.050466
-3.258940
1.310695
-0.908267
-2.493258
-9.077308
0.614090
-3.647788
-7.966793
-3.799650
-7.622398
-2.846766
-5.170396
-1.773398
-9.870164
-5.025844
-6.182065
-4.167746
-3.811742
-5.206933
-5.521398
-0.777586
-4.381230
-1.112086
-8.963344
-4.130890
-4.748278
-3.155528
-7.643690
-5.788285
0.041347
-2.280320
-3.601954
-3.738301
-2.802353
-5.445111
-7.488554
-2.318622
-4.261349
-3.613490
-1.429250
-6.346861
-3.526973
-7.285690
-3.291922
-1.276658
1.733519
-2.822371
-6.456539
-3.391677
-5.512683
-5.780559
-8.832281
-7.810573
-0.628415
-5.877725
-3.200423
-5.947804
-3.416016
-6.819410
-5.666862
1.327403
0.513263
-3.615128
-3.854771
-5.790664
-6.411809
-3.525324
-6.116904
-9.117486
-7.366349
-1.311433
-5.790664
-4.259809
0.429339
-8.288372
-2.296222
-3.040906
-5.087120
-7.968299
-1.760782
-2.706737
-5.752594
1.141874
-3.199733
-5.602880
-1.890828
-4.249270
-4.523057
-4.624634
-4.861936
-2.260407
-7.982543
-4.952301
-1.381507
-4.120101
-2.088682
-3.585986
-3.031540
-4.418066
-3.833322
-4.105600
-3.476582
-6.285800
-2.646791
-1.352613
-5.794156
-3.101534
-4.861207
-4.143604
-3.342865
-3.516598
-8.329568
-4.932987
-4.273992
-2.748052
-2.777580
-9.379316
-1.679561
-3.593749
-2.980419
-8.986403
-2.990281
-3.761911
-2.856786
-7.209475
-4.606977
-9.234324
-6.653566
-4.699757
-8.132086
-3.435128
-3.188389
-3.224415
-3.468433
-3.049093
-7.021627
-5.666234
-7.595795
-5.374851
-5.790664
-4.541040
-5.549109
-5.790664
-6.036100
-6.770748
-4.637651
-6.178225
-3.391091
-3.951253
-4.224214
-7.021163
-4.461954
-3.404275
-4.188065
-5.787169
-7.534687
-2.148320
-6.863763
-4.907980
-5.917817
-5.794156
-4.735839
-2.770511
-5.772267
-2.347975
-8.696527
-5.657338
-1.318623
-3.372318
-7.288645
-4.981287
-4.249870
-4.497286
-5.787169
-4.231681
-3.598188
-2.346758
-2.338379
-2.794743
-1.710920
-8.426902
-5.707155
-0.724365
-3.909263
-4.026253
-3.360859
-9.424901
-2.617003
-9.520375
-3.802756
-6.069022
-4.448765
-6.502751
-4.856130
-5.414658
-8.157554
-6.979341
-2.108803
-2.425830
-6.173728
-7.566497
-4.822664
-5.165291
-2.951344
-3.602899
-10.099694
-5.259346
-2.705551
-1.883597
-8.587258
-0.524464
-5.713156
-4.057996
0.428948
-2.738544
-1.733536
-6.561648
-1.940698
-5.790664
-4.905324
-1.493752
-10.640873
-5.055005
-5.787169
-5.344173
-2.511271
-4.582715
-4.082866
-5.350457
-5.862240
-5.011073
-3.238429
-5.808244
-5.113850
-3.676519
-2.531880
-5.426646
-2.632968
-6.189293
-8.661338
-0.817583
-7.532327
-0.928752
-6.567012
-4.166387
-4.384337
-4.199927
-3.246436
-5.889898
-7.908320
-7.449329
-2.977306
-6.082160
-2.308412
-0.412294
-9.436294
-6.981832
-6.273735
-6.185904
-7.696215
-4.471068
-4.227705
-9.407806
-6.433034
-7.483717
-4.060624
-3.650538
-7.079448
-2.959574
-5.014784
-7.369754
-4.318659
-4.873085
-3.688580
-7.339491
-7.844753
-4.248959
-6.899556
-6.258908
-6.980811
-7.300934
-4.955742
-9.033325
-2.931316
-1.292182
-2.432614
-2.698225
-1.399447
-4.806103
-4.810073
-2.202809
-3.846481
-0.756757
-2.643662
-8.329568
-9.151382
-8.530792
-7.207613
-9.339433
-5.885463
-7.307475
-3.636149
-5.794156
-4.837693
-9.088715
-2.590705
-8.892861
-2.635092
-7.734073
-3.299383
-5.424352
-3.976155
-5.794156
-2.280228
-2.819575
-3.110337
-7.617416
-5.787169
-4.866996
-5.794156
-3.754695
-9.339433
-3.228185
-4.712355
-8.646632
-7.516740
-3.815190
-4.932117
-3.818736
-3.790508
-9.345136
-9.259651
-6.470035
-3.510700
-4.467260
-4.798448
-4.775020
-4.888049
-8.866476
-3.264905
-3.352207
-6.002169
-5.290336
-7.321178
-5.908646
-6.718176
-4.703420
-4.250691
-3.275040
-7.824964
-2.980927
-9.783417
-5.790664
-9.299541
-2.043023
-0.435004
-3.468183
-5.790664
-4.369159
-3.304473
-5.790664
-5.867900
-5.212961
-5.179907
-4.300445
-7.834986
-6.239708
-6.209514
-4.487704
-4.906285
-4.055906
-7.878749
-5.682459
-0.933289
-6.399531
-4.062945
-3.657872
-9.111498
-6.976334
-2.912577
-5.790664
-6.135094
-4.150071
-5.790664
-1.467291
-4.152009
-5.653331
-9.802953
-4.458310
-4.436181
-4.116467
-3.638727
-2.370119
-5.062565
-8.860776
-5.513590
-5.794156
-3.455253
-5.581050
-3.279447
-5.586085
-5.584435
-3.246147
-4.500382
-5.239279
-5.425671
-4.215530
-5.794156
-5.294332
-5.837222
-4.775484
-2.530025
-3.423804
-7.626572
-2.818310
-4.003994
-7.898448
-7.186924
-6.427936
-4.381289
-4.929750
-5.490963
-5.349116
-5.790664
1.800874
-7.559997
-3.289843
-4.848476
-4.321930
-5.490697
-5.736152
-3.626500
-0.847164
-0.616822
-6.002827
-4.928893
-6.031056
-2.771425
-4.234093
-2.973575
-8.298373
-0.611055
-5.481249
-4.376494
-1.887160
-6.320432
-4.398788
-5.424865
-5.923210
-0.245912
-9.367923
-7.946659
-5.558596
-5.551821
-4.811116
-5.419991
-6.852273
-5.196569
-9.339433
-5.005033
-3.639994
-4.781561
-9.236856
-5.175747
-3.808806
-8.513143
-2.606539
-4.329358
-7.270060
-5.787169
-3.069549
-1.656228
-3.418694
-9.043118
-3.258967
-6.265436
-3.720071
-8.490390
-7.795408
-3.363607
-5.790664
-7.042282
-6.228045
-2.845280
-4.034631
-5.175445
-3.917085
-5.399133
-5.415328
-4.247610
-2.634670
-5.578878
-4.665364
-3.384688
-1.657328
-7.456605
-2.608581
-3.568650
-2.699073
-6.855994
-8.237208
-9.156701
-7.766646
-5.383425
-4.206792
-5.565346
-6.351751
-5.047106
-2.695809
-7.869156
-5.248475
-2.867122
-7.283193
-6.051874
-8.630922
-5.580711
-3.891315
-6.407024
-5.320800
-7.971677
-5.791698
-6.673950
-5.424672
-3.144340
-5.790664
-5.297560
-5.790664
-7.931369
-5.401560
-0.792961
-4.733549
-4.458113
-5.290474
-6.350264
-5.541685
-4.903174
-5.561973
-6.922520
-5.015486
-3.441425
-4.552397
-7.995431
-8.334593
-3.498410
-1.022220
-5.343546
-4.396592
-5.858508
-3.353549
-4.831028
-5.795984
-4.889959
-2.666075
-2.741852
-3.071479
-4.328227
-2.642971
-0.528120
-8.186230
-4.474879
-6.051419
-3.755200
-4.843442
-1.147649
-5.452122
-4.718732
-7.226931
-4.664987
-3.739697
-5.671986
-1.521971
-5.790664
-6.769300
-4.343062
-7.406738
-5.960967
-4.944757
-7.886545
-3.841673
-3.793802
-5.104659
-0.509849
-2.760288
-8.329568
-5.790664
-2.794843
-5.790664
-1.948465
-4.822637
-4.190935
-0.970846
-6.307351
-4.228905
-6.061201
-2.884274
1.371898
-3.843361
-5.561973
-2.404503
-7.475633
-10.896082
-5.790664
-3.224189
-5.255273
-7.844753
-4.722450
-7.357295
-4.349440
-4.944369
-6.353069
-4.104681
-4.018816
-2.335054
-7.723558
-3.212406
-7.927736
-3.606448
-6.105381
-2.757745
-8.378971
-7.752248
-8.329568
-3.106387
-7.649484
-5.568739
-4.810942
-8.329568
-3.624897
-3.023397
-4.995696
-3.375046
-2.270582
-4.279811
-4.744599
-4.931367
-7.021163
-4.491908
-6.261023
-3.397684
-5.787169
-4.375795
-4.201765
-5.326210
-5.794156
-4.244478
-3.031223
-5.735875
-1.744669
-5.912509
-3.327250
-6.150437
-4.766045
1.033471
-4.276941
-9.419200
-3.129907
-4.365288
-4.125162
-4.276883
-3.202396
-5.958798
-5.236452
-5.581151
-6.047683
-4.153666
-4.805714
-8.474365
-8.093369
-3.810158
-5.458897
-5.790664
-5.790664
-7.374709
-5.778462
-5.640655
-2.603376
-5.607834
-3.720449
-4.959488
-3.884765
-6.083195
-3.426139
-6.158810
-6.877332
-6.659391
-5.904492
-4.823162
-5.976434
-1.228078
-2.993544
-8.624740
-4.320212
-3.981585
-4.745594
-6.637064
-9.230124
-3.537491
-5.790664
-7.052550
-5.280280
-5.859199
-5.180370
-5.350437
-6.213908
-1.190369
-2.797473
-4.484554
-5.526971
-5.010915
-5.027260
-2.829666
-7.734148
-3.161792
-6.828216
-6.758827
-5.537054
-5.531543
-2.420388
-1.991726
-5.790664
-5.592850
-4.733880
-3.451671
-4.660131
-3.238117
-2.786764
-4.992080
-5.794156
-8.190255
-8.912066
-5.790664
-5.794156
-3.529207
-6.938233
-4.399307
-9.894391
-4.530649
-7.971230
-4.853746
-3.247271
-5.315374
-3.886781
-5.275036
-3.246925
-3.507294
-6.988587
-4.837734
-3.789786
-6.113560
-5.543101
-2.781578
-4.784855
-8.866476
-3.695623
-8.334593
-6.066283
-3.233231
-8.524581
-6.545200
-7.556734
-7.291467
-9.299541
-8.390016
-3.906942
-5.796124
-5.015724
-5.612894
-6.908984
-3.171158
-5.540225
-2.632358
-2.853786
-6.164221
-2.933007
-4.510233
-4.962172
-5.036180
-3.493816
-4.310505
-9.322335
-7.765805
-6.080658
-8.760283
-5.483840
-5.443374
-8.578555
-4.928034
-4.970642
-7.097383
-3.406048
-5.270110
-5.764911
-4.579405
-3.643809
-9.231157
-5.380443
-5.277930
-6.051443
-4.409275
-3.522771
-3.011117
-3.259084
-4.773247
-9.424901
-6.614535
-5.721889
-3.398904
-3.340554
-3.502794
-3.696828
-6.753957
-8.334593
-3.049844
-4.431099
-6.972079
-3.840945
-5.794156
-6.040653
-4.901303
-5.766797
0.722835
-5.790664
-6.500595
-2.660486
-4.593223
-3.314653
-8.025097
-6.837483
-7.750241
-4.920373
-5.077941
-6.760900
-6.039214
-4.133636
-7.298477
-6.113154
-4.925578
-7.422525
-5.531543
-5.197117
-4.016869
-6.161716
-4.726110
-5.616669
-9.763879
-5.864362
-4.026977
-2.165960
-8.329568
-4.099354
-6.660504
-6.435408
-5.449617
-6.725855
-5.829466
-4.046926
-4.002182
-5.617720
-4.818808
-5.794156
-1.699002
-2.829118
-6.892294
-4.853773
-3.245263
-3.793644
-5.943408
-5.635965
-7.290282
-3.163488
-3.849015
-5.190833
-8.334593
-6.485197
-5.822891
-0.865522
-5.078233
-5.790664
-5.279906
-3.585396
-4.952559
-7.415934
-5.790664
-4.618005
-9.949255
-3.838021
-7.528922
-2.321372
-4.005046
-6.308913
-3.137121
-5.125593
-5.266931
-3.662253
-5.885653
-5.360299
-5.725538
-3.893737
-5.359563
-4.356354
-5.070833
-3.320492
-5.794156
-4.709257
-6.087455
-8.414490
-4.879834
-9.413504
-3.445210
-4.740220
-8.299441
-1.762355
-3.219159
0.095213
-7.360308
-2.303088
-5.783478
-4.648579
-3.952023
-2.014406
-3.393754
-4.377356
-6.505261
-3.561331
-4.538337
-5.790664
-6.488837
-5.507878
-4.649696
-8.627324
-3.920365
-4.811558
-8.388813
-7.331604
-3.495116
-5.023927
-4.383818
-4.004348
-7.952153
0.412938
-7.901227
-6.533700
-3.112334
-4.262238
-5.087542
-5.790664
-4.638659
-6.677105
-4.057049
-7.136352
-7.359857
-5.787169
-3.864629
-7.538041
-2.913116
-9.857813
-5.548445
-4.920165
-3.694419
-6.559617
-8.329568
-5.787169
-9.310930
-4.308495
-6.536186
-4.914021
-3.454136
-7.937504
-6.361905
-1.530566
-5.072571
-6.159760
-3.513369
-5.330510
-5.062423
-5.787169
-3.337710
-4.662576
-6.138643
-3.666656
-6.246851
-3.612965
-6.749130
-1.520675
-4.305294
-6.529584
-8.667114
-5.324415
-7.644054
-3.312326
-5.518018
-6.613026
-7.795931
-6.870274
-8.216819
-4.827940
-4.553796
-4.775056
-7.357187
-5.682591
-2.569962
-3.950644
-4.005755
-2.575993
-4.781419
-6.172289
-1.817860
-8.849376
-4.768116
-8.329568
-5.850097
-1.134817
-6.343929
-1.170095
-8.962495
-6.393511
-3.895833
-3.252582
-3.501034
-5.305881
-3.987952
-3.898825
-1.269162
-5.101523
-3.439517
-3.568393
-2.789564
-1.986675
-4.085422
-2.906568
-1.976603
-6.259438
-4.419189
-6.971156
-2.515541
-7.483717
-8.150550
-2.406425
-5.794156
-1.610198
-2.881064
-5.332143
-4.001628
-4.530037
-5.363168
-3.382098
-4.836642
-3.693916
-4.601752
-8.445045
-5.790664
-1.942072
-3.273148
-6.429874
-4.009337
-6.136771
-6.251317
-5.102342
-2.520604
-2.809637
-4.726369
-5.845967
-3.286462
-5.011415
-11.274812
-4.147467
-5.232170
-9.650537
-6.542730
-3.691483
-7.271324
-5.675478
-5.632618
-4.831479
-5.734277
-6.235849
-4.616578
-5.476058
-4.046867
-5.500664
-4.890927
-4.828782
-4.257978
-7.397775
-3.813756
-5.695104
-8.220379
-4.811723
-2.846965
-5.053159
-11.249885
-0.544515
-7.834986
-5.048879
-2.725364
-3.277438
-7.453177
-5.979146
-5.649859
-5.186512
-4.250867
-7.213956
-2.956189
-3.680290
-9.083010
-6.526952
-3.943208
-5.528158
-7.307244
-4.003024
-3.701427
-9.037418
-4.479118
-9.261209
-3.164037
-5.740539
-6.621494
-7.534892
-4.783138
-5.759354
-4.318659
-4.285779
-3.799096
-5.904449
-5.551821
-6.236711
-2.583292
-9.282452
-4.704556
-6.892721
-4.422843
-5.040710
-6.101537
-5.276994
-6.650532
-5.475764
-8.826591
-3.762910
-3.513199
-4.831153
-2.959922
-1.272571
-2.850674
-8.583793
-4.351851
-5.271435
-6.397952
-6.153828
-5.465202
-3.811849
-7.989906
-9.162790
-1.176744
-5.794156
-2.172186
-7.274510
-10.099694
-7.256109
-5.798076
-6.240930
-3.211433
-6.225623
-4.189089
-4.079264
-7.413139
-5.538300
-4.193927
-3.252165
-5.790664
-8.030252
-5.794156
-2.506283
-3.265181
-5.403061
-2.693646
-2.712321
-5.790664
-8.992253
-6.220578
-5.928218
-3.350069
-4.562541
-9.020326
-3.725729
-5.432446
-9.134295
-3.137338
-4.919131
-6.721757
-7.633319
-5.448933
-2.152763
-5.556087
-11.255610
-6.834271
-2.252019
-4.017420
-7.214270
-2.662722
-6.836168
-6.216688
-4.130238
-6.041773
-2.015651
-3.713457
-5.898792
-4.201806
-3.623139
-3.414621
-4.540257
-7.479198
-4.693054
-4.339833
-4.479464
-5.054837
-2.719027
-7.401254
-5.885356
-8.681199
-4.113113
-2.140079
-4.926134
-4.518268
-5.666399
-6.059087
-3.332354
-5.108320
-9.305241
-4.183059
-7.673892
-5.790664
-5.794156
-5.759081
-5.286337
-4.785377
-2.785053
-3.358592
-3.754748
-2.918109
-4.752753
-6.576496
-2.093708
-5.166006
-5.168630
-6.175872
-6.307082
-2.242208
-5.794156
-5.565346
-4.692721
-6.949625
-6.480447
-4.164866
-4.158890
-5.115321
-4.384933
-3.289843
-5.172069
-3.322978
-5.790664
-5.783683
-2.991857
-6.658086
-9.316637
-2.680643
-3.352192
-6.587939
-4.080314
-3.387523
-5.376771
-4.380015
-5.501579
-4.994675
-4.160485
-5.518018
-4.948502
-4.719371
-4.284823
-3.166322
-3.254445
-8.100288
-3.711095
-3.862290
-4.761953
-4.601425
-8.869473
-2.565319
-3.290473
-9.407806
-6.680241
-6.593804
-5.557813
-4.163930
-5.157764
-7.319167
-4.437581
-5.964763
-7.299140
-3.937881
-5.580225
-6.164839
-8.155643
-3.595147
-1.648228
-3.807150
-5.523495
-2.507579
-3.382092
-6.814185
-5.215475
-5.521398
-5.787169
-3.314466
-8.334593
-5.738693
-6.488806
-5.790664
-7.031487
-7.602423
-7.742783
-2.973718
-4.426068
-4.381205
-3.632580
-5.104583
-4.847101
-5.184423
-4.473256
-5.790664
-3.620317
-4.111553
-5.457514
-4.106495
-5.592124
-5.787169
-6.833736
-5.322894
-4.261744
-4.920209
-3.623758
-4.475965
-8.164901
-3.039939
-3.626956
-5.353558
-3.530689
-3.695654
-1.381588
-5.329325
-4.942255
-6.881128
-3.921795
-5.797695
-9.157085
-2.687277
-4.707188
-3.833754
-4.143529
-5.790664
-5.555205
-7.702191
-4.397006
-6.157776
-4.403113
-3.177499
-1.959291
-9.322335
-9.094411
-4.210364
-3.614614
-2.432626
-5.062274
-5.790664
-4.429265
-9.390713
-5.590683
-1.979123
-5.000569
-3.220636
-3.760205
-5.584417
-6.909080
-2.849726
-9.973645
-4.241836
-3.530701
-5.041761
-6.095923
-1.649589
-3.507432
-7.438525
-3.335326
-6.134702
-5.516513
-7.106350
-3.447151
-6.362735
-7.303628
-7.487636
-5.571550
-7.297947
-6.891897
-2.503073
-4.877889
-7.238629
-5.064458
-6.471834
-6.281953
-6.563977
-6.764623
-6.266332
-7.031805
-5.790664
-5.035330
-5.404526
-3.607767
-4.266507
-9.236856
-1.464996
-4.506481
-3.173109
-3.405298
-5.790664
-7.742238
-8.334593
0.793941
-5.572112
-5.987738
-3.565709
-9.356521
-5.277905
-3.162369
-4.071151
-5.225691
-5.356590
-3.337591
-9.526041
-8.248547
-5.790664
-5.172746
-3.463126
-6.765328
-3.769662
-7.411419
-6.616358
-8.968333
-5.324961
-4.525230
-9.362223
-5.790664
-1.641102
-2.046497
-3.341808
-9.498127
-5.477122
-7.584125
-5.271990
-5.790664
-8.329568
-5.266660
-4.658056
-4.378299
-3.822913
-5.352180
-5.038135
-4.427372
-10.077279
-7.766646
-6.652814
-4.485629
-5.143350
-4.921812
-9.265352
-7.326838
-6.483057
-5.568739
-5.471876
-8.176038
-5.794156
-3.171992
-3.393754
-8.249235
-3.990359
-5.979939
-5.040689
-3.887253
-7.883807
-5.507878
-3.684996
-4.283548
-9.255822
-6.207918
-5.253827
-4.498179
-9.236856
-4.454431
-5.561973
-6.136490
-4.959728
-3.684735
-3.901308
-4.824493
-1.939139
-9.093663
-3.984387
-4.842937
-4.360648
-5.122308
-3.545905
-5.811644
-5.794156
-3.089096
-7.894081
-3.574008
-6.988928
-4.673587
-5.794156
-4.572293
-4.819730
-8.329568
-3.757810
-7.628302
-6.258345
-9.322335
-5.794156
-5.697860
-3.302480
-7.160643
-4.748023
-5.790664
-4.295170
-9.514590
-5.790664
-3.762214
-6.577679
-3.336207
-6.301827
-7.296257
-3.840149
-6.188369
-4.498706
-5.062468
-6.605199
-6.658068
-6.639464
-4.060659
-6.239687
-6.330708
-4.695020
-8.334593
-5.575497
-6.674698
-2.018178
-4.897030
-5.518018
-4.477639
-5.794156
-6.398700
-9.088715
-7.357426
-6.436791
-9.196973
-3.006786
-3.559139
-5.794156
-9.440662
-4.822930
-3.101828
-5.463349
-5.730365
-4.262392
-2.996805
-1.715679
-6.875724
-6.065103
-0.889432
-4.171509
-3.852019
-4.884521
-7.406896
-5.787169
-5.572112
-3.934657
-4.077875
-3.589617
-4.489758
-4.106594
-6.176407
-5.507878
-4.536204
-4.188146
-9.299541
-5.186530
-5.704488
-7.841052
-6.810440
-9.436294
-3.512913
-9.316637
-5.323656
-5.790664
-5.790664
-6.321419
-5.790664
-4.338797
-6.262747
-4.494314
-6.598354
-8.112737
-3.470820
-7.438525
-9.402108
-6.178549
-1.590060
-1.912973
-3.952805
-8.048232
-1.094287
-9.248256
-2.768970
-2.346030
-4.828750
-8.329568
-9.310930
-6.186587
-6.393252
-9.436294
-4.629043
-4.879573
-3.867525
-3.358672
-6.218457
-4.437435
-7.010917
-5.790664
-5.790664
-8.334593
-3.165735
-6.158282
-4.731140
-6.599374
-10.174086
-5.790664
-6.480553
-6.027189
-3.976052
-3.941379
-4.592746
-9.259651
-6.200024
-5.630663
-2.659967
-5.299697
-9.402108
-4.120425
-7.384330
-6.028264
-4.416800
-6.395716
-4.230904
-7.671083
-4.253266
-5.219845
-7.188642
-5.440256
-5.790664
-3.940946
-8.127673
-2.682211
-7.771529
-4.598641
-5.096821
0.420402
-4.327083
-5.596296
-5.743707
-4.384642
-3.449707
-5.457385
-8.211720
-5.171437
-7.240857
-4.897156
-5.450238
-6.238983
-4.212772
-4.772841
-6.280647
-5.786312
-7.537205
-7.890628
-3.874937
-8.104675
-5.790664
-6.301510
-7.026114
-5.787169
-6.554988
-7.271771
-3.366091
-4.106199
-6.197720
-8.040879
-5.247824
-2.806846
-9.402108
-6.313976
-5.790664
-4.917258
-8.005852
-7.936643
-9.900486
-4.382827
-6.576176
-4.310203
-2.289256
-3.966133
-8.329568
-3.549822
-6.172670
-3.917609
-5.150023
-4.174928
-8.059537
-5.790664
-6.320651
-4.338645
-4.422753
-6.574409
-4.202565
-9.105798
-5.339215
-4.764277
-5.812798
-4.155383
-5.790664
-4.742999
-5.237129
-8.011438
-5.794156
-5.794156
-4.928712
-5.794156
-9.003232
-7.487838
-5.790664
-4.989156
-4.259355
-4.187868
-5.114628
-5.298052
-4.223948
-6.539942
-7.167912
-1.684898
-5.380219
-5.329325
-3.963573
-3.333319
-7.735554
-4.991765
-3.817825
-7.667085
-4.987541
-5.790664
-5.790664
-8.667582
-1.830184
-7.406896
-5.605334
-5.528158
-7.937504
-5.794156
-5.448184
-5.567449
-4.263710
-2.626991
-4.323010
-3.895302
-8.001486
-9.259200
-7.397856
-5.989107
-2.786115
-5.248939
-3.886076
-4.603875
-1.953935
-3.786354
-4.583366
-4.568064
-0.694506
-2.868312
-5.686618
-6.542901
-3.687625
-6.483748
-5.608595
-7.776404
-5.668491
-3.737683
-4.598966
-5.790664
-4.646669
-4.832452
-3.988103
-5.132897
-4.326816
-3.397670
-4.819710
-6.772058
-4.150554
-6.495386
-5.748019
-5.128417
-6.051431
-3.441452
-4.152972
-5.772246
-8.792396
-7.192330
-4.522837
-5.091080
-3.236401
-3.977040
-7.462286
-7.896890
-4.023764
-9.413504
-4.526843
-4.853306
-4.062478
-5.518370
-3.415371
-5.395709
-5.579819
-5.790664
-4.465545
-7.483717
-3.841269
-3.720008
-6.413464
-5.790664
-3.118439
-5.307456
-6.511028
-5.540219
-5.790664
-5.414102
-6.263714
-5.790664
-3.685817
-5.350127
-3.409638
-5.868837
-4.022120
-6.347574
-6.568100
-5.268218
0.344629
-5.787169
-7.439105
-9.208373
-4.524298
-9.043118
-5.794156
-8.980444
-7.283799
-6.337085
-5.274058
-3.752981
-3.545205
-7.120646
-5.790664
-5.790664
-5.790664
-6.058245
-7.384330
-4.503881
-3.043022
-4.694713
-5.609161
-5.409512
-5.342242
-5.787169
-5.040002
-3.877793
-5.150812
-8.084286
-5.790664
-5.790664
-4.978456
-7.483717
-4.553910
-3.839920
-4.864463
-3.340229
-6.131113
-3.318731
-6.887018
-3.333505
-7.798979
-5.759476
-4.082371
-3.540542
-7.098491
-9.362223
-5.790664
-6.806693
-5.388019
-7.586473
-4.709800
-3.793013
-7.294199
-3.785374
-5.790664
-5.846066
-6.179614
-4.711927
-5.565346
-3.692110
-1.847846
-7.023893
-6.690990
-3.328308
-7.311112
-9.430599
-3.556954
-4.479118
-8.117907
-5.945003
-8.240326
-6.143316
-5.847658
-5.790664
-9.413504
-6.357955
-7.393293
-3.947955
-8.821051
-3.385778
-5.457152
-4.127844
-4.398393
-2.928054
-5.790664
-5.120813
-6.420040
-4.434985
-7.465635
-5.443571
-5.515107
-6.839199
-6.310529
-3.724760
-2.109920
-9.436294
-3.578274
-5.350857
-5.145912
-3.665345
-5.467299
-4.065779
-5.867785
-8.458098
-2.861946
-3.923708
-3.470747
-5.151775
-1.705595
-5.766069
-5.467835
-5.708436
-5.790664
-6.371486
-5.673002
-3.589766
-4.185856
-3.256635
-4.507405
-5.790664
-5.272955
-8.325288
-6.519810
-5.571655
-4.712635
-6.358758
-5.790664
-4.514052
-3.317053
-4.208369
-9.419200
-4.431623
-6.349100
-5.790664
-5.543425
-9.272408
-5.716209
-4.793173
-4.668739
-3.512094
-6.727645
-7.087153
-7.479198
-6.279534
-3.421789
-4.604356
-4.212964
-6.451545
-7.647505
-5.325251
-5.790664
-5.310554
-4.874249
-4.718437
-9.083010
-5.572112
-6.055826
-8.329568
-6.101486
-9.390713
-5.836544
-6.240338
-4.697899
-7.634846
-5.820534
-4.431244
-6.999861
-5.058397
-2.608854
-2.279330
-5.870624
-7.092151
-4.022477
-5.856378
-7.335126
-1.765075
-6.901103
-8.329568
-5.095037
-5.787169
-3.302413
-5.507878
-5.498710
-5.861658
-9.969700
-4.457613
-5.790664
-7.942384
-7.295515
-4.344702
-8.474273
-6.629018
-5.695913
-5.438377
-5.564888
-4.366147
-5.453776
-7.409615
-5.412947
-4.085310
-4.386694
-9.513301
-9.345136
-1.650032
-4.830427
-5.561973
-4.932386
-3.947964
-5.790664
-7.264955
-3.299196
-3.363782
-5.790664
-5.561973
-5.794156
-4.670431
-4.413674
-4.570928
-3.723118
-9.299541
-3.757401
-3.835093
-4.068157
-4.087317
-4.342052
-6.503509
-5.555205
-6.156896
-5.050755
-6.320798
-9.521261
-3.966275
-4.578649
-8.017715
-5.794156
-4.715868
-3.005306
-6.573604
-4.019763
-5.830416
-8.211720
-3.698683
-5.413202
-5.790664
-2.949448
-5.142777
-5.651525
-2.097025
-4.506602
-4.360151
-6.504149
-3.669209
-6.593560
-5.257117
-5.256901
-5.313951
-4.979115
-5.951895
-4.637661
-4.224713
-4.874584
-5.575483
-5.829682
-5.587742
-5.794156
-5.561973
-4.836086
-3.657760
-3.878079
-6.882829
-5.790664
-8.598716
-5.445971
-5.004326
-6.547218
-5.469422
-4.248105
-4.340563
-5.790664
-2.727947
-6.589873
-5.798187
-4.640839
-1.355361
-7.878922
-4.479559
-3.950729
-2.665347
-4.291256
-6.092191
-8.615214
-2.430949
-5.271148
-6.193712
-5.790664
-5.081546
-4.450995
-4.838680
-5.596082
-3.667372
-6.339624
-5.794156
-5.790664
-5.790664
-5.854909
-8.059011
-4.535603
-4.252533
-4.361661
-3.506348
-6.766907
-3.774215
-6.699941
-2.472168
-5.220692
-7.034614
-3.394723
-5.195815
-4.617868
-4.834553
-4.753064
-3.256445
-7.309556
-4.338407
-5.104384
-3.371867
-4.930845
-5.764529
-7.554272
-5.315168
-3.414532
-4.323783
-3.957236
-6.343966
-5.458515
-2.805958
-6.719221
-5.161936
-3.870731
-4.501933
-4.807146
-7.289398
-6.144360
-5.499733
-5.790664
-1.765874
-6.386035
-5.582292
-3.243548
-6.837340
-5.389536
-5.623206
-4.417327
-4.663597
-5.283864
-3.318936
-5.790664
-5.790664
-4.192461
-7.019881
-6.651030
-5.790664
-4.869647
-6.771950
-2.429770
-6.330328
-8.589309
-4.966185
-3.573954
-4.934686
-5.206459
-5.296755
-5.786831
-5.494348
-4.850842
-5.661516
-5.779076
-7.981438
-5.212130
-5.370953
-7.648436
-4.645479
-4.704658
-7.053034
-5.111599
-5.335640
-4.794361
-4.664172
-4.020698
-6.530478
-4.641741
-7.402256
-3.866813
-3.569756
-6.814491
-6.249782
-11.274434
-9.185576
-5.790664
-4.727906
-3.112812
-9.202673
-3.367427
-4.650017
-5.636774
-4.090453
-9.430599
-4.872406
-3.412799
-3.869548
-4.695953
-5.794156
-5.570390
-5.526558
-5.475768
-6.050618
-5.208065
-2.186101
-5.724816
-6.258908
-6.080553
-3.217884
-4.412545
-4.202970
-3.784629
-6.987344
-5.794156
-3.636345
-5.794156
-5.790664
-6.571563
-6.074646
-5.494348
-6.591015
-6.400630
-9.248256
-4.563023
-3.773901
-7.195004
-6.896847
-5.553439
-4.674379
-6.155299
-9.436294
-9.441998
-5.710109
-9.754167
-4.722910
-5.840867
-4.661138
-4.318996
-5.128927
-4.676655
-5.000257
-3.791114
-3.605160
-6.951075
-4.649988
-7.057029
-4.560127
-6.198411
-7.375263
-5.790664
-4.603050
-5.941265
-6.499489
-5.284297
-3.178385
-5.447116
-4.896352
-4.724488
-5.328144
-6.587769
-5.790664
-3.943294
-5.894135
-5.740562
-4.252283
-5.489277
-3.795859
-5.613528
-6.628645
-5.787169
-9.181572
-5.153461
-4.573343
-5.769945
-5.800628
-0.644029
-4.081697
-5.794156
-5.794156
-3.079752
-5.794156
-3.098284
-4.219351
-7.934306
-5.088357
-5.790664
-5.819738
-6.393983
-5.145426
-7.295962
-4.016022
-2.126480
-5.819037
-5.934898
-9.441998
-3.352956
-5.628215
-5.888168
-4.999896
-4.485495
-5.787169
-2.453029
-5.469699
-5.490402
-2.115593
-4.971843
-5.848418
-5.245002
-7.397775
-5.787169
-5.794156
-2.900817
-4.940472
-4.977023
-5.794156
-4.224375
-4.611047
-7.406738
-7.066002
-5.479073
-6.118847
-5.091049
-5.832244
-5.592968
-4.818454
-5.541685
-4.761193
-6.556968
-3.254445
-5.790664
-4.875456
-7.370068
-6.822652
-7.851941
-4.747364
-5.025462
-5.816767
-4.271204
-9.356521
-3.803236
-5.384552
-8.334593
-2.236719
-6.235542
-5.002867
-4.120185
-5.794156
-5.794156
-5.077956
-3.615144
-6.081850
-4.880251
-6.738880
-1.544807
-5.287601
-5.790664
-4.946962
-5.794156
-5.843062
-6.978549
-3.641755
-3.791450
-5.900224
-3.559074
-5.061731
-2.109946
-4.896482
-4.729039
-8.598716
-3.100512
-4.643095
-4.897295
-3.013692
-6.069801
-5.790664
-8.334593
-7.253458
-4.317890
-5.009734
-4.368242
-5.243804
-2.837357
-5.845832
-1.894580
-4.127283
-6.593565
-5.555205
-5.053140
-5.333008
-3.212377
-6.029362
-3.286089
-2.514192
-4.799332
-6.612515
-5.970230
-5.794156
-4.388009
-2.789515
-2.312794
-3.291417
-5.904840
-6.980811
-3.408736
-6.370664
-5.268218
-5.790664
-4.250841
-6.010527
-5.790664
-3.311548
-6.710850
-5.644847
-5.168346
-1.242829
-4.364998
-4.434375
-3.844094
-5.790664
-4.759894
-6.500156
-3.405839
-3.022146
-2.546124
-3.388484
-2.182184
-6.897097
-4.236891
-5.682459
-6.788891
-5.198863
-4.626956
-8.242703
-5.881249
-4.553773
-5.186014
-5.178429
-5.369803
-6.185904
-4.740981
-4.692289
-4.989577
-5.782564
-5.250206
-6.325836
-3.591970
-1.468433
-2.858149
-5.492307
-2.842961
-4.544814
-5.790664
-5.589721
-5.225648
-3.561271
-6.247375
-6.373862
-4.564644
-2.710714
-4.660709
-3.072215
-4.249056
-4.366349
-5.402261
-7.922858
-6.397908
-8.232106
-3.409160
-5.550837
-3.443631
-0.683612
-4.887617
-7.762924
-6.205108
-6.980811
-5.475308
-4.393502
-2.958566
-6.546441
-5.086780
-9.060217
-11.770846
-3.706116
-5.470244
-4.538028
-5.790664
-5.360040
-4.760809
-2.075387
-3.517559
-5.818023
-6.222783
-5.790664
-7.893569
-8.946253
-6.292893
-5.769382
-5.531543
-5.787169
-3.540964
-4.612695
-3.978632
-5.558596
-6.209518
-4.666556
-5.298868
-5.030845
-8.329568
-5.787169
-4.057949
-8.049838
-5.790664
-7.007859
-2.072351
-3.064296
-8.329568
-5.027141
-4.640288
-6.436985
-4.095580
-4.718414
-2.833394
-7.883807
-8.962867
-3.961722
-5.422030
-5.609388
-4.819345
-6.028287
-3.410378
-5.672863
-4.979486
-3.562538
-8.329568
-2.730068
-4.913588
-4.927285
-6.091161
-4.440107
-4.489294
-6.156065
-4.843251
-9.356521
-4.549643
-8.334593
-5.790664
-3.614218
-4.516322
-6.379030
-7.151195
-6.081430
-5.894352
-6.614672
-7.605552
-3.465858
-3.945246
-5.794156
-6.063458
-8.339618
-6.963477
-3.615873
-5.271460
-4.473745
-4.762103
-6.217756
-5.213816
-5.947845
-2.914578
-1.528493
-5.218054
-4.553508
-6.780459
-5.880558
-2.332123
-7.411419
-5.365460
-5.815479
-7.908207
-9.032551
-5.764515
-4.731042
-7.445591
-7.975019
-4.080553
-5.313458
-5.539990
-6.063490
-6.318884
-5.504705
-6.347335
-4.656355
-5.790664
-9.236856
-4.937006
-4.832540
-4.463469
-5.474063
-7.374609
-5.790664
-5.274621
-4.426962
-6.680131
-4.814684
-5.790664
-4.999558
-5.818946
-4.079533
-5.794156
-4.491341
-4.389365
-4.353408
-5.794156
-3.590154
-5.345440
-3.790014
-2.450601
-8.329568
-7.591213
-5.558596
-5.794156
-6.927007
-5.482951
-4.729541
-9.050570
-7.008160
-6.288496
-3.508365
-2.772440
-4.431607
-5.787169
-5.787169
-4.738956
-3.381281
-9.006992
-5.893927
-4.552370
-3.415061
-7.449461
-5.003427
-5.251287
-5.640276
-5.162189
-5.794156
-3.868118
-8.334593
-6.234601
-4.292402
-5.790664
-4.649366
-3.585396
-6.012898
-4.394499
-6.983222
-5.463503
-5.239279
-3.842612
-7.003225
-5.000320
-5.778832
-5.167398
-5.023844
-5.270704
-5.676490
-2.990414
-5.595948
-6.817187
-5.571883
-6.272361
-3.039677
-3.565484
-3.615181
-8.010727
-2.903742
-3.649167
-5.794156
-5.557419
-4.295031
-6.250185
-5.021525
-5.512452
-5.783885
-5.790664
-0.348259
-5.790664
-3.643967
-4.296956
-4.079031
-5.350260
-4.651362
-4.540244
-5.208969
-6.773981
-5.887758
-5.636456
-5.951616
-5.286102
-7.869156
-3.091155
-5.794156
-5.083619
-5.787169
-5.268085
-4.810724
-7.805693
-4.225511
-1.926485
-2.968961
-8.329568
-5.790664
-3.507987
-4.825212
-6.876385
-6.306847
-4.774574
-8.974799
-9.242560
-5.117896
-4.000257
-9.500825
-7.671969
-7.678779
-3.388312
-8.334593
-5.787169
-3.081630
-5.658385
-5.790664
-6.408652
-5.885681
-5.565346
-9.930975
-3.466615
-2.675468
-3.510005
-4.243986
-4.040712
-2.251869
-5.794156
-3.034014
-4.277734
-6.046221
-4.895201
-3.744037
-5.561973
-3.731715
-3.354264
-9.735885
-5.894657
-6.539948
-6.246641
-3.776943
-10.931536
-5.794156
-5.555205
-2.034789
-2.922062
-3.826842
-6.525960
-4.524328
-6.190557
-6.094492
-1.756755
-4.870064
-4.541487
-5.794156
-6.650566
-5.490963
-2.307388
-7.164633
-4.760792
-5.403757
-4.844388
-4.785600
-5.194243
-5.790664
-2.782519
-2.803035
-4.944771
-3.679012
-4.200554
-9.638346
-5.127340
-5.867221
-5.790664
-4.914021
-4.264923
-4.643272
-5.794156
-6.916776
-5.569935
-6.357569
-6.572140
-1.616638
-4.650668
-5.733841
-5.731805
-5.896459
-4.397581
-5.527391
-7.034614
-4.548632
-5.727311
-5.759252
-5.534598
-6.549102
-5.965986
-5.601528
-5.645730
-3.783213
-4.480232
-5.790664
-7.546157
-6.194067
-5.472905
-8.657105
-5.790664
-4.560035
-4.454614
-4.192119
-6.863903
-4.171239
-6.245426
-0.767687
-4.247820
-5.946087
-3.751838
-4.731910
-5.743441
-3.235808
-3.870100
-4.522681
-2.816109
-5.070509
-6.772539
-8.084286
-3.531048
-5.193296
-4.495580
-3.948832
-3.656823
-6.756935
-3.971294
-3.764247
-4.639259
-6.633776
-4.824510
-5.794156
-8.207355
-4.814129
-7.330524
-2.583312
-6.697434
-3.426414
-3.175622
-5.366372
-5.787169
-4.575909
-5.590976
-5.748785
-6.496258
-5.016059
-6.404861
-5.573816
-6.000575
-5.794156
-4.468786
-4.542283
-6.198111
-4.087584
-5.073315
-1.863252
-6.258916
-6.227549
-9.017686
-2.684358
-8.334593
-8.329568
-6.924781
-2.965168
-5.790664
-5.386235
-5.790664
-0.315016
-5.790664
-5.555205
-5.790664
-5.742390
-5.337093
-5.249863
-5.794156
-3.370895
-4.744223
-5.790664
-3.688135
-5.332205
-5.752942
-4.615746
-5.790664
-7.235694
-5.790664
-4.278954
-7.318074
-6.691956
-3.850950
-5.431161
-5.790664
-4.271903
-3.222265
-5.790664
-3.189739
-5.518018
-5.319456
-5.166687
-6.596846
-5.790664
-5.811639
-3.880782
-5.245092
-3.880258
-5.255748
-6.578041
-2.533239
-5.021318
-5.023370
-6.732712
-5.294245
-3.990640
-7.664948
-5.990410
-5.132632
-5.151714
-5.790664
-6.684974
-5.794156
-6.790187
-5.944592
-8.929152
-4.999742
-4.719154
-4.799613
-7.321561
-5.790664
-7.406738
-3.412449
-5.066026
-5.790664
-3.578743
-5.734889
-4.191398
-6.942170
-5.494924
-5.787169
-4.330885
-4.113801
-6.016374
-8.244130
-8.403805
-4.700589
-5.794156
-3.628973
-6.061577
-5.790664
-5.388263
-5.528848
-1.535837
-4.407584
-9.362223
-4.663412
-5.621425
-5.169970
-9.436294
-7.299140
-4.204512
-5.588716
-5.794156
-3.377125
-5.441910
-5.209002
-3.797347
-6.778306
-4.353548
-4.662875
-5.790664
-4.516784
-7.247205
-7.737354
-5.319677
-5.654422
-5.892642
-5.790664
-8.125069
-3.671702
-4.938186
-5.709578
-5.268852
-3.930546
-5.485785
-9.020326
-5.790664
-3.123036
-5.511256
-9.322335
-5.565374
-4.858032
-4.905005
-5.709552
-8.329568
-3.245845
-3.471465
-5.790664
-4.175286
-6.871938
-9.402108
-5.441363
-5.790664
-4.783258
-3.472322
-4.723647
-6.029262
-10.065088
-5.467299
-4.412332
-5.070370
-6.456485
-5.555055
-9.350823
-5.790664
-10.105888
-5.794156
-4.821244
-5.686575
-5.336788
-6.841120
-5.331046
-5.790664
-4.430912
-4.262494
-5.984845
-6.054682
-4.254185
-6.357244
-4.919781
-6.884388
-6.500132
-0.603258
-4.537724
-3.558952
-4.527477
-4.491202
-5.646312
-5.790664
-5.247610
-3.394083
-4.268952
-5.140296
-5.945313
-6.869934
-4.773003
-3.089005
-5.222786
-5.409570
-5.220811
-5.794156
-5.794156
-4.670476
-5.065061
-2.582458
-5.691828
-4.311334
-5.514116
-5.722184
-5.790664
-5.438512
-4.560586
-5.531543
-4.859997
-4.628051
-2.571906
-5.332537
-4.672654
-3.777470
-5.999221
-6.668500
-5.473372
-3.589181
-5.723255
-5.881284
-9.122895
-9.362223
-5.004197
-2.481421
-3.609662
-5.876124
-7.669013
-7.465635
-5.172753
-2.563696
-7.688532
-5.222231
-4.197669
-8.329568
-2.550972
-8.649944
-7.139812
-3.973766
-6.365997
-2.937878
-4.937529
-9.396414
-4.677873
-4.490811
-3.935609
-6.005585
-5.470789
-5.264176
-3.510154
-4.489234
-5.503397
-4.062775
-0.795171
-7.800814
-2.996550
-5.975451
-5.561973
-4.543119
-4.472679
-5.787169
-6.232909
-5.376515
-5.830225
-5.427843
-7.476620
-5.790664
-4.123015
-3.584727
-5.195272
-8.912066
-7.375360
-3.575175
-5.112634
-6.060272
-5.794156
-5.671986
-8.334593
-5.790664
-5.189173
-3.268455
-7.662213
-4.339043
-4.471307
-5.096632
-5.551821
-4.995286
-5.109707
-8.329568
-2.921466
-5.794156
-4.086157
-4.395523
-4.872166
-3.998305
-4.731960
-5.790664
-7.752725
-4.014904
-4.278301
-3.383364
-4.950109
-5.790664
-5.049188
-4.860787
-8.329568
-4.270217
-8.006108
-4.383794
-9.906583
-5.790664
-4.735095
-7.986314
-5.350362
-5.794156
-4.433411
-3.597121
-4.825877
-9.967551
-6.773206
-6.054596
-4.754357
-6.235648
-8.329568
-7.478649
-3.985166
-4.809049
-4.965007
-4.246561
-4.085801
-4.398695
-7.490674
-2.475323
-5.049289
-5.790664
-3.356623
-5.200110
-3.925197
-2.407670
-4.741591
-3.837852
-6.006718
-6.264002
-6.262494
-3.920744
-5.388851
-5.522456
-5.790664
-2.289685
-4.357839
-7.440835
-4.081512
-4.683914
-4.869003
-2.728026
-5.790664
-3.078595
-8.837727
-5.009621
-2.891852
-6.353838
-5.790664
-5.504492
-3.057980
-4.050628
-5.790664
-4.461034
-3.299245
-7.909996
-4.284105
-5.708999
-2.748519
-3.369063
-5.673815
-4.249084
-4.533662
-7.567110
-4.977862
-4.670282
-2.480534
-2.771713
-6.072571
-5.794156
-4.053206
-5.790664
-5.794156
-5.060766
-4.747326
-2.313652
-6.028300
-5.092520
-4.732551
-4.409589
-3.180317
-3.667183
-5.790664
-2.786623
-4.548289
-5.938438
-5.790664
-5.794156
-8.020488
-4.660542
-3.399992
-5.952416
-8.329568
-3.413977
-5.901258
-5.790664
-5.477310
-5.724754
-5.790664
-6.536966
-6.150937
-5.932571
-6.059688
-5.630771
-3.389445
-6.582921
-5.159117
-4.774216
-5.790664
-4.829526
-3.865304
-4.606691
-7.795931
-6.712298
-4.400776
-2.498270
-5.215593
-5.790664
-2.698957
-7.343626
-4.193033
-4.245031
-8.288176
-2.450898
-4.398573
-4.556711
-2.585275
-5.794156
-4.855423
-4.900271
-3.119598
-5.790664
-5.790664
-6.160749
-5.787169
-4.825568
-3.254632
-5.102052
-5.307450
-8.334593
-3.503252
-6.074053
-4.203014
-4.800119
-5.794156
-5.088193
-5.790664
-4.049824
-6.385062
-3.928447
-9.339433
-2.661983
-3.204638
-5.996464
-4.904921
-5.409363
-5.624477
-4.351866
-4.468954
-4.556817
-3.599271
-5.293663
-5.546151
-3.675734
-4.858240
-5.613077
-5.790664
-5.792216
-3.984765
-5.330010
-5.973412
-5.790664
-5.204951
-4.864165
-4.092980
-6.390029
-6.320146
-5.325221
-2.615122
-4.591468
-4.564858
-5.794156
-4.711179
-5.228903
-5.335346
-5.347923
-5.206233
-5.553478
-7.703182
-8.112737
-5.790664
-5.288555
-3.148544
-4.015514
-4.659053
-3.939001
-1.192599
-5.790664
-4.566782
-3.777689
-5.407446
-6.518651
-3.513750
-5.790664
-4.911622
-5.444304
-5.145487
-8.464916
-3.835371
-6.236599
-5.790664
-6.397382
-5.234437
-3.511406
-5.173116
-2.429993
-5.264740
-5.794156
-8.946421
-3.762921
-4.735111
-4.480632
-3.559253
-5.592400
-4.382421
-5.384219
-5.790664
-5.861952
-5.790664
-5.819938
-4.433825
-4.434033
-8.329568
-5.561973
-5.558596
-5.303375
-8.395319
-6.704620
-3.390373
-11.906225
-5.967597
-5.068658
-4.632427
-3.277963
-6.705710
-4.723126
-6.253599
-5.247838
-6.837045
-7.003225
-3.856549
-5.182396
-9.045094
-4.830235
-5.790664
-5.244391
-4.415335
-5.319085
-5.785467
-2.809481
-3.499836
-5.531543
-4.090338
-5.790664
-4.124801
-8.329568
-4.163950
-9.367923
-5.514634
-5.794156
-5.794156
-5.473786
-5.518018
-2.030953
-5.449267
-5.531438
-6.011570
-6.018662
-4.846556
-3.742696
-7.281200
-9.441998
-5.224243
-7.057916
-3.855043
-4.145141
-8.332400
-5.492031
-3.582280
-5.242082
-9.367923
-5.813786
-5.370421
-9.441998
-2.912177
-4.656569
-4.670245
-3.502831
-5.794156
-5.445010
-5.790664
-5.964271
-7.281200
-5.058884
-1.249632
-5.690992
-5.236189
-4.326489
-9.413504
-4.444038
-3.183261
-5.790664
-6.306404
-5.267400
-5.224896
-3.086343
-5.437830
-3.096296
-2.580305
-6.171094
-3.360501
-8.594263
-4.796545
-5.134378
-2.819186
-2.796708
-7.446463
-5.790664
-3.590738
-2.988602
-3.287356
-5.656244
-6.512058
-6.633189
-4.276410
-3.926619
-5.678967
-4.423909
-7.003776
-3.528522
-4.308323
-5.823475
-7.991199
-5.907837
-5.790664
-5.787169
-5.093224
-5.496789
-5.004153
-5.156517
-4.713562
-4.097260
-3.571497
-5.790664
-5.551821
-3.557809
-4.339512
-5.790664
-5.790664
-2.780277
-4.105927
-5.463919
-0.937057
-4.814227
-5.188303
-5.663160
-5.787169
-4.904375
-3.686181
-0.642405
-4.555716
-2.175026
-3.929036
-3.909250
-7.551847
-6.854565
-3.054853
-8.997535
-5.790664
-5.790664
-4.794022
-5.575346
-5.415268
-3.961560
-2.169524
-4.633648
-6.136287
-3.544279
-3.009063
-8.329568
-7.483717
-5.904554
-4.902168
-2.425178
-9.766371
-4.477966
-8.329568
-5.562450
-5.790664
-4.054867
-7.066002
-5.548445
-3.499544
-2.454709
-2.499213
-3.616067
-3.063944
-3.394764
-2.130685
-5.702049
-1.888387
-4.581378
-6.197056
-5.032439
-5.597915
-4.283606
-6.052040
-4.051916
-4.988054
-8.219112
-3.973321
-9.020535
-5.537351
-3.134357
-5.564025
-6.126513
-4.815490
-9.402108
-4.387775
-4.951915
-1.176142
-2.989859
-3.310623
-3.442706
-6.099081
-5.790664
-4.093375
-4.959171
-3.271414
-3.635221
-4.597267
-3.358357
-8.005852
-5.794156
-5.005557
-5.079325
-5.015139
-5.558596
-3.444349
-5.731993
-0.616462
-4.236979
-4.320119
-4.000625
-3.668452
-4.577611
-6.031421
-5.794156
-5.331183
-4.044423
-5.259299
-4.168998
-4.576705
-5.410547
-3.862779
-3.467810
-8.329568
-5.481205
-5.325365
-4.394889
-4.208446
-3.242038
-2.229075
-4.489594
-5.052330
-4.902523
-6.699789
-5.074047
-5.090784
-6.329289
-2.159927
-4.974972
-3.417966
-5.230422
-3.637470
-4.461544
-4.070923
-5.558596
-4.783375
-5.790664
-4.043096
-9.328034
-3.255501
-3.186394
-2.640249
-5.794156
-4.741067
-6.259165
-4.412485
-3.732473
-4.343714
-4.422651
-3.192173
-4.920327
-5.794156
-3.370877
-3.484142
-5.794156
-6.814219
-2.211451
-8.329568
-3.321681
-5.808368
-6.052862
-5.070819
-3.985721
-3.877356
-5.787169
-9.305241
-5.283808
-11.943831
-5.790664
-7.474679
-2.462677
-3.347302
-7.312587
-5.787169
-5.787169
-4.674047
-4.317890
-5.790664
-3.905470
-6.954373
-9.943160
-3.948844
-3.436593
-5.987152
-4.404047
-8.329568
-4.439469
-5.787169
-2.220906
-4.633014
-3.844678
-5.665931
-5.790664
-5.946676
-6.631106
-5.708148
-7.388809
-5.794156
-5.790664
-5.453055
-3.731987
-3.172597
-3.269065
-3.232416
-4.949860
-9.530787
-5.551932
-3.533511
-5.778863
-3.431201
-4.285273
-2.563856
-5.794156
-7.564672
-5.790664
-6.498853
-4.142466
-2.159777
-3.723877
-4.351789
-5.787169
-4.858591
-4.889164
-5.790664
-5.589005
-5.678313
-2.502279
-5.147553
-4.349948
-4.239792
-8.334593
-3.802867
-5.794156
-5.381107
-4.751506
-6.249407
-5.289706
-3.867169
-5.794156
-5.790664
-4.743718
-5.328653
-3.223484
-6.212393
-6.255607
-2.868945
-5.677594
-2.012535
-4.027805
-3.500981
-5.540336
-5.316211
-5.943823
-4.082749
-6.083777
-4.372233
-3.332878
-5.210320
-4.052140
-6.120437
-5.828015
-5.514634
-5.787169
-3.106686
-4.910697
-3.710760
-5.968139
-4.439759
-7.025646
-5.787169
-5.565346
-5.794156
-5.790664
-5.096176
-3.439302
-5.339048
-4.667891
-5.787169
-5.032688
-3.254842
-5.900586
-3.765016
-5.790664
-4.260865
-5.291673
-4.800695
-5.073377
-2.994304
-5.070666
-2.714364
-6.860993
-5.787169
-3.817686
-5.790664
-5.301463
-5.568739
-3.908859
-5.171118
-4.840867
-5.206090
-3.976772
-7.932623
-5.501108
-4.294149
-4.092360
-5.787169
-3.959907
-4.010468
-5.222729
-4.679731
-4.839207
-6.010368
-5.790664
-3.572160
-9.333734
-8.734999
-3.381948
-0.615385
-5.790664
-5.614698
-6.854487
-5.565346
-5.790664
-5.239189
-3.784316
-7.364768
-5.794156
-1.771438
-9.315434
-4.332456
-5.035968
-4.393402
-3.706656
-5.880820
-5.790664
-3.985557
-5.790664
-5.193989
-2.526335
-5.579329
-3.233485
-4.281173
-4.980407
-4.662744
-4.273391
-5.790664
-4.239473
-7.927736
-5.201366
-5.325251
-4.543720
-3.249263
-5.787169
-6.243824
-3.066301
-9.196973
-3.846808
-5.197412
-6.258231
-4.532716
-5.790664
-5.790664
-4.667862
-4.474339
-4.261832
-5.381137
-6.182065
-4.002671
-4.894231
-4.531552
-2.726044
-6.160186
-4.611095
-4.416539
-6.902922
-5.617014
-6.552598
0.027226
-5.946928
-4.016501
-5.682618
-2.815831
-8.191344
-5.794156
-1.873946
-4.359911
-2.299464
-4.428091
-8.162536
-4.493507
-2.897322
-3.948666
-1.747121
-7.483717
-1.805651
-5.124239
-5.717115
-5.787169
-5.965651
-5.012867
-3.660111
-8.329568
-5.979939
-3.312119
-5.306336
-9.250280
-3.346158
-4.348988
-4.102396
-5.790664
-5.794156
-3.081480
-4.078396
-6.541309
-2.677253
-4.333275
-5.322635
-4.129015
-2.390050
-2.323838
-3.273212
-3.873943
-6.243533
-9.214067
-4.464620
-5.790664
-4.944807
-3.395835
-2.542851
-4.778929
-4.483436
-4.259461
-2.991765
-5.792930
-6.472540
-4.179309
-5.184611
-5.790664
-3.263717
-6.063002
-5.790664
-5.265319
-4.656507
-4.840926
-2.087736
-5.794156
-2.676655
-5.378479
-5.790664
-5.725594
-3.222894
-7.289962
-8.329568
-4.553700
-8.556026
-5.790664
-3.765159
-5.790664
-7.474679
-1.605352
0.120846
-3.312800
-5.790664
-4.344563
-3.042830
-4.162548
-3.884045
-1.739413
-8.904027
-8.267789
-3.770072
-2.564685
-4.645144
-3.448195
-5.538300
-4.712987
-2.920258
-5.721872
-4.504630
-4.874704
-5.794156
-5.790664
-5.790664
-5.367112
-5.794156
-3.410378
-5.088108
-7.030128
-5.790664
-4.728870
-6.573936
-2.981528
-2.372140
-5.790664
-7.474679
-8.329568
-8.256655
-6.739438
-3.502115
-3.883161
-5.790664
-2.277838
-4.742969
-2.726839
-4.683178
-5.052255
-2.575932
-4.081553
-4.750915
-5.790664
-7.479198
-4.591311
-5.224162
-2.287808
-5.830595
-5.340175
-3.836141
-2.576487
-3.118928
-5.294197
-7.388819
-4.816923
-4.090913
-5.768460
-4.509873
-4.368573
-6.183411
-5.278333
-3.518867
-3.684120
-4.105736
-2.686422
-3.295588
-7.602697
-5.790664
-4.385518
-5.551301
-7.275840
-5.790664
-5.521398
-9.117189
-2.784405
-2.506714
-6.188516
-9.299541
-5.558596
-5.790664
-4.187572
-3.959169
-4.831479
-6.241018
-3.360887
-3.564818
-5.228416
-3.914460
-5.790664
-4.040596
-5.467379
-5.565346
-5.734339
-6.218307
-4.740131
-5.324597
-5.532433
-5.545578
-2.261008
-5.152435
-8.334593
-5.790664
-4.562958
-9.419200
-6.476524
-4.104604
-8.334593
-5.590722
-6.104267
-5.790664
-4.596247
-5.478295
-4.389126
-3.407246
-4.769052
-3.866264
-5.342218
-3.254426
-4.789060
-5.790664
-4.439332
-7.214113
-6.080196
-4.447995
-3.191672
-3.090752
-5.790664
-3.122341
-5.389536
-5.568838
-5.706172
-3.575856
-6.274180
-5.637576
-4.797328
-5.249947
-4.597379
-8.262690
-5.061740
-4.792724
-5.607778
-5.424431
-4.226604
-1.857899
-2.986741
-9.276750
-5.536108
-3.829038
-1.829844
-1.975369
-5.645864
-3.672583
-2.976521
-3.231623
-2.565307
-5.477447
-4.265193
-5.790664
-5.164121
-4.996103
-6.555897
-5.247203
-2.238529
-2.598039
-6.095799
-2.337403
-4.671260
-4.550802
-5.794156
-5.794156
-8.165847
-5.277406
-4.989456
-4.900175
-4.251089
-5.905231
-8.334593
-5.462329
-4.333405
-5.794156
-5.790664
-5.801503
-7.479198
-9.048818
-2.917208
-3.319417
-5.790664
-5.137563
-3.905652
-2.674223
-7.488391
-5.790664
-3.969432
-3.697025
-5.729841
-5.787169
-4.572466
-4.260813
-4.172831
-6.252323
-4.431878
-5.790664
-5.184974
-5.025641
-4.307764
-5.625423
-5.510794
-3.906951
-5.200435
-6.225759
-4.931267
-3.166917
-2.815379
-5.246700
-9.566722
-7.098329
-6.235847
-1.720096
-8.334593
-2.640666
-3.988390
-3.529109
-3.504951
-5.750018
-4.669488
-5.175451
-5.555205
-2.034552
-3.003561
-5.556090
-3.901715
-3.946810
-3.222420
-3.361274
-3.971018
-5.790664
-4.664435
-1.649450
-4.979266
-4.795632
-5.790664
-5.331254
-5.383574
-5.787169
-8.349178
-5.363052
-9.333734
-5.284297
-2.992724
-7.034614
-4.976694
-4.512663
-3.924973
-4.951362
-2.405558
-8.246647
-5.790664
-4.645726
-4.625023
-5.790664
-3.424864
-5.144143
-9.077308
-5.178498
-4.051441
-4.386298
-3.355510
-9.339433
-1.802733
-5.566890
-2.306669
-3.460450
-6.516440
-5.790664
-4.272136
-4.749247
-4.821042
-2.838852
-5.790664
-5.145147
-4.809821
-3.996791
-5.277163
-4.548865
-6.537467
-4.320682
-4.521412
-2.982803
-3.100687
-2.682811
-1.933714
-4.844376
-5.790664
-4.735352
-2.890101
-8.997535
-3.018566
-4.927319
-1.183125
-1.200928
-5.098477
-3.748312
-4.917115
-5.437655
-2.843884
-4.098823
-2.939222
-5.457722
-4.948493
-3.502360
-1.146641
0.331618
-7.310058
-5.035429
-4.976601
-3.664631
-3.852295
-4.807375
-4.886933
-5.874591
-4.518906
-5.489051
-4.141430
-9.530787
-4.521251
-3.494775
-4.059459
-4.139857
-8.109772
-0.307592
-3.249557
-3.796979
-3.577216
-4.598876
-4.906150
-4.202767
-5.178164
-3.110803
-8.820887
-3.845930
-6.232324
-3.698868
-7.160149
-7.359065
-5.086450
-4.566070
-8.329568
-9.202673
-6.089784
-8.329568
-5.307370
-8.995759
-5.432550
-3.695287
-6.407954
-5.790664
-1.869758
-5.798693
-7.128767
-3.162988
-5.611898
-5.330610
-2.314319
-5.671986
-5.790664
-3.723926
-9.305241
-8.329568
-3.454587
-5.635473
-5.561177
-5.217074
-5.919132
-5.226737
-4.322600
-4.237007
-5.913894
-4.415312
-5.568739
-9.339433
-2.422586
-5.142232
-3.357377
-7.188904
-5.059032
-4.614302
-5.794156
-5.790664
-6.683539
-4.685604
-5.308961
-4.469250
-4.366073
-1.787179
-4.338720
-2.705976
-5.000140
-4.574251
-4.152535
-0.720805
-8.329568
-5.568739
-4.577643
-5.209370
-4.020748
-4.174570
-4.993083
-2.341486
-5.790664
-4.792096
-9.373620
-3.287121
-3.277396
-4.321379
-5.995062
-5.787169
-5.907742
-3.294747
-1.733444
-5.718660
-5.338753
-5.311335
-4.305392
-5.790664
-5.556857
-8.329568
-9.516443
-5.339150
-0.726317
-3.907519
-6.935530
-4.447317
-2.565284
-6.339159
-6.164658
-3.585026
-5.790664
-3.332987
-5.997023
-3.386990
-4.371102
-3.208538
-4.082127
-5.411732
-4.999432
-1.964310
-9.293839
-3.301582
-9.043118
-3.860766
-5.540436
-2.396565
-5.203042
-5.381665
-2.567010
-4.570522
-3.919393
-5.790664
-4.297708
-3.096550
-4.312449
-3.162369
-5.858397
-7.001418
-4.868425
-4.772628
-5.024056
-6.149953
-4.052461
-1.914799
-7.030128
-10.040708
-4.708713
-4.033360
-3.866285
-2.358453
-5.871262
-5.826870
-5.416588
-3.617000
-4.043904
-4.437916
-5.940424
-3.941670
-4.030941
-7.952153
-5.790664
-3.278531
-5.591859
-9.328034
-3.789144
-7.407698
-6.376360
-6.981856
-6.569621
-2.793353
-5.790664
-3.993984
-4.424623
-4.403757
-4.250802
-2.995551
-4.582494
-4.736670
-4.931805
-5.576850
-4.031235
-9.809047
-4.425841
-5.790664
-3.918043
-4.167014
-5.850263
-4.969946
-3.173213
-3.551280
-3.104007
-5.031383
-5.235959
-1.272414
-5.794156
-4.776371
-4.818378
-3.510485
-3.770734
-9.339433
-3.550493
-6.187935
-3.234817
-4.693099
-5.758176
-5.095169
-4.186934
-5.790664
-5.204630
0.393843
-5.455962
-3.200835
-4.544315
-5.487870
-5.535616
-9.362223
-3.189975
-6.721268
-4.367151
-4.912810
-5.220201
-5.187215
-6.828370
-5.787169
-3.628373
-5.102748
-6.382096
-3.824861
-4.400342
-5.272842
-4.337209
-5.760115
-5.790664
-9.151382
-5.790664
-4.663136
-6.312577
-8.329568
-5.505293
-5.794156
-4.886168
-4.282598
-0.763650
-5.787169
-4.977638
-5.787169
-6.827544
-5.790664
-4.848748
-4.885217
-3.066962
-3.638322
-5.798935
-3.891979
-5.383764
-5.790664
-5.790664
0.103839
-6.140206
-5.790664
-3.292748
-6.189296
-2.479801
-3.468253
-4.193395
-1.263944
-5.561973
-2.994703
-5.790664
-4.119728
-5.250130
-3.065630
-4.502698
-4.704159
-4.945770
-4.492757
-5.557152
-5.790664
-4.479705
-4.248122
-2.299097
-4.756508
-2.353469
-3.203089
-8.329568
-2.954050
-4.677044
-5.790664
-7.520841
-7.453177
-5.528158
-7.909249
-3.165544
-9.356521
-3.740651
-6.454981
-4.673597
-6.136560
-3.674975
-2.242002
-4.267419
-4.550840
-5.790664
-6.140595
-3.291931
-0.277243
-2.706954
-4.608921
-8.743237
-5.794156
-6.466936
-7.566497
-5.482118
-3.212784
-9.863908
-4.669417
-5.892954
-5.672137
-4.873538
-5.790664
-5.790664
-1.779649
-5.787169
-7.598982
-3.457620
-3.634781
-4.869647
-5.190529
-5.597306
-3.840397
-2.931806
-3.431938
-2.762195
-4.538383
-3.262067
-5.790664
-7.294658
-9.390713
-3.352192
-5.790664
-4.435598
-5.790664
-4.986834
-4.912446
-1.506949
-3.805245
-4.036765
-5.794156
-5.790664
-3.510181
-4.026655
-3.546307
-1.466436
-2.892746
-2.019699
-5.776142
-5.421744
-0.989568
-3.159878
-5.447929
-5.187346
-3.166883
-5.695890
-2.527936
-4.763476
-5.972879
-2.504389
-2.877178
-3.487029
-2.880941
-6.250027
-3.308547
-4.867098
-3.484278
-6.671392
-3.869051
-5.790664
-5.944286
-6.231703
-4.458797
-3.346941
-2.956025
-4.442613
-3.858616
-5.096227
-0.777759
-3.304917
-4.648889
-3.389378
-6.609726
-4.067811
-3.836941
-4.151038
-0.075350
-0.398384
-4.608810
-9.031724
-4.458288
-5.794156
-5.728846
-5.790664
-4.449345
-8.329568
-8.648742
-5.088686
-4.573889
-6.013007
-5.047071
-1.413498
-3.188117
-4.056965
-3.582961
-8.118754
-5.198268
-4.788013
-6.166663
-5.794156
-5.790664
-1.463781
-4.056727
-3.090004
-3.399158
-6.106284
-4.648930
-4.946698
-4.163485
-5.366418
-5.834725
-4.743165
-4.800072
-8.329568
-4.055370
-5.794156
-5.375158
-5.253374
-2.751439
-3.127132
-3.451507
-0.991799
-7.146703
-10.175936
-5.148353
-5.603538
-2.561889
-5.518018
-4.620836
-5.465315
-3.672234
-0.512869
-3.176293
-2.880232
-5.848811
-5.004614
-4.360478
-2.334769
-5.787169
-5.790664
-8.020488
-4.557855
-5.453776
-3.346867
-5.794156
-2.815616
-4.640147
-7.528315
-1.256494
-1.964478
-3.280469
-0.777090
-1.034870
-5.176007
-4.552598
-4.382447
-3.438524
-3.513210
-1.559429
-1.240636
-6.085593
-4.259010
-3.546014
-4.297243
-4.206283
-6.295860
-5.443634
-5.787169
-5.790664
-3.511819
-5.602546
-8.334593
-7.370736
-9.362223
-5.363705
-2.246980
-3.874411
-4.889320
-5.794156
-5.808767
-4.051352
-3.546268
-4.637309
-3.922997
-3.150577
-5.138164
-1.588167
-5.794156
-5.790664
-2.392704
-6.216635
-5.637078
-5.794156
-5.726204
-6.523042
-6.068149
-5.790664
-2.006510
-5.575086
-1.900476
-5.054675
-4.656934
-4.743966
-3.336740
-4.430548
-4.369234
-5.960049
0.596777
-9.145687
-6.303388
-4.123634
-8.172497
-2.630410
-4.222185
-4.297397
-2.956323
-4.209612
-3.535082
-2.321742
-4.675103
-3.321848
-6.550239
-3.714839
-4.435719
-5.790664
-5.794156
-4.309044
-5.115149
-4.969379
-4.974534
-5.790664
-3.492481
-7.569335
-5.661516
-5.790664
-3.319697
-3.463112
-3.117450
-3.922691
-4.896930
-5.790664
-5.790664
-2.353875
-4.614774
-3.782705
-6.385660
-3.213569
-4.776106
-1.525957
-5.550755
-4.354698
-4.926476
-4.956513
-9.128594
-4.712243
-5.787169
-3.232424
-3.157697
-4.758541
-3.219040
-8.329568
-4.861591
-6.494178
-3.696883
-4.899655
-7.145562
-3.619614
-5.769650
-1.990578
-3.583205
-4.476392
-5.272500
-5.518018
-5.376616
-4.878167
-4.310421
-3.362957
-5.357668
-6.085229
-9.050570
-4.040342
-4.706311
-5.950402
-5.930776
-3.781734
-5.370499
-4.163820
-5.841373
-3.207322
-2.956299
-2.698998
-4.395496
-3.756066
-4.290925
-4.500330
-5.790664
-9.088715
-4.269138
-3.383164
-5.790664
-5.572112
-5.790664
-4.020075
-3.260036
-7.388809
-6.027235
-1.743126
-2.379102
-0.509145
-5.790664
-4.091218
-3.016073
-4.392034
-8.706934
-4.178523
-3.259787
-5.752266
-3.377062
-4.313114
-4.141574
-3.869437
-4.515154
-5.790664
-2.819436
-5.787169
-3.209909
-5.528158
-4.025910
-5.794156
-2.193019
-4.001590
-4.637144
-5.920989
-2.708927
-1.449172
-4.827991
-2.789983
-5.175587
-5.790664
-4.628239
-5.130233
-5.787169
-4.650337
-1.166016
-3.326642
-4.799892
-5.478843
-1.854671
-2.400005
-2.856053
-3.097315
-3.342177
-9.769895
-2.761611
-2.190200
-5.572112
-4.366459
-6.913392
-2.320281
-3.263009
-3.965923
-4.037483
-2.420164
-4.334312
-5.745282
-5.561973
-1.929171
-3.839776
-5.103374
-5.217861
-4.204645
-0.923595
-5.544390
-4.117187
-2.896236
-9.310930
-5.768272
-5.446449
-3.375625
-5.446372
-6.525717
-4.561519
-4.844237
-3.157342
-3.091536
-5.910347
-5.790664
-5.348478
-4.781568
-3.849429
-4.716352
-1.429295
-5.424459
-4.268848
-4.538516
-6.976795
-5.116627
-3.243434
-4.972165
-5.561973
-3.331231
-5.385960
-6.512058
-2.859678
-4.270655
-1.397555
-5.267724
-1.895868
-8.329568
-6.366385
-6.399736
-3.288466
-4.416119
-5.787169
-5.123871
-6.431508
-4.047762
-8.197392
-2.759166
-5.787169
-2.967230
-2.859410
-3.724023
-3.112246
-3.469942
-2.008875
-5.719047
-8.329568
-5.303830
-3.510124
-4.726255
-4.145584
-3.772921
-5.011329
-3.912019
-2.372787
-4.029079
-3.858099
-5.121513
-7.552840
-3.692054
-5.851146
-4.250360
-5.727010
-4.202458
-7.193659
-5.790664
-5.494022
-5.027356
-1.779427
-4.020647
-3.536707
-5.332536
-2.849091
-5.790664
-4.747072
-3.035801
-1.335104
-8.329568
-5.790664
-4.449387
-2.046595
-5.790664
-2.996547
-2.215274
-1.474068
-2.575038
-3.176380
-3.648947
-2.290297
-4.522288
-4.967377
-5.440395
-4.497961
-5.790664
-8.329568
-2.503563
-7.279611
-3.257780
-4.967506
-4.783151
-5.790664
-6.618923
-3.141908
-5.742469
-6.559958
-4.972035
-2.218378
-1.615586
-5.458871
-1.925211
-5.794156
-2.593589
-4.623198
-5.790664
-6.554878
-3.692309
-9.132349
-4.692817
-4.117843
-2.769207
-5.026901
-4.286952
-0.083729
-5.753932
-3.623524
-5.377616
-0.747190
-2.045730
-9.339433
-1.352649
-4.399531
-6.596934
-1.870031
-8.181132
-3.702313
-4.870003
-3.280457
-4.182806
-2.951052
-3.668272
-3.576058
-3.368716
-1.677199
-4.459718
-2.533193
-2.974074
-2.632723
-4.717992
-5.790664
-5.790664
-7.597355
-2.802334
-7.815462
-4.854432
-7.106314
-4.467311
-8.329568
-3.910686
-2.820406
-4.719799
-1.836854
-4.705235
-4.267141
-5.150881
-3.523231
-1.244415
-6.501866
-7.393293
-1.806432
-0.612527
-2.951975
-2.924228
-4.375257
-5.180197
-0.618930
-4.560731
-3.140122
-4.289271
-8.329568
-7.483717
-3.255888
-3.810935
-5.201908
-5.032403
-3.214565
-0.570852
-5.787169
-5.967688
-4.604085
-3.633024
-4.266703
-2.616464
-5.794156
-4.838570
-5.360768
-5.790664
-3.521769
-3.390037
-2.557442
-3.087170
-0.628740
-3.851538
-10.371487
-5.790664
-7.227965
-5.501108
-8.329568
-6.155056
-5.678299
-5.790664
-1.486096
-3.564490
-5.383116
-4.333077
-5.215092
-3.406669
-5.794156
-2.064990
-5.275056
-1.876958
-8.063898
-1.146208
-7.307244
-5.787169
-2.318707
-5.363345
-4.463609
-4.136554
-2.825058
-3.982364
-3.459496
-2.885284
-3.403327
-9.236856
-6.440934
-5.790664
-5.790664
-5.790664
-5.570426
-3.348032
-4.779585
-2.565042
-4.905074
-5.787169
-4.764409
-3.101142
-1.799928
-5.790664
-2.625465
-2.210052
-4.646986
-5.136880
-2.934185
-1.064858
-4.594847
-3.101022
-2.318784
-5.316151
-5.754143
-3.864499
-4.438753
-7.434011
-2.759708
-4.848560
-4.988533
-5.862315
-5.745282
-4.368144
-3.765524
-1.700564
-5.790664
-4.159909
-3.794999
-3.749956
-3.445708
-4.142672
-2.557573
-3.020054
-2.859313
-8.934852
-5.790664
-5.790664
-5.790664
-5.802200
-2.294911
-4.161349
-4.094937
-6.071449
-3.840046
-4.479146
-4.982550
-5.790664
-5.369981
-1.151685
-5.953922
-4.949088
-2.342157
-4.894307
-5.787169
-1.776852
-4.302365
-4.232141
-5.916431
-5.790664
-4.833683
-1.859133
-9.430599
-6.235850
-0.810450
-2.223234
-3.172149
-4.890904
-3.983422
-1.603453
-4.438931
-6.722456
-0.207848
-3.965511
-3.190508
-7.976551
-5.238919
-6.859756
-2.630554
-6.901778
-3.092859
-5.790664
-7.947265
-4.636958
-5.020183
-5.252930
-0.559474
-5.794156
-4.485690
-3.320229
-7.479198
-3.918636
-5.523602
-2.579934
-3.705031
-4.640520
-0.139537
-3.884332
-3.686791
-4.390801
-1.876402
-3.052990
-2.527522
-1.857710
-7.375360
-5.504492
-2.419895
-6.493008
-5.787169
-7.246210
-5.112086
-7.934487
-1.959613
-2.000827
-4.348424
-1.833161
-3.024587
-4.895825
-2.680834
-5.449892
-3.148196
-3.743240
-7.052550
-5.294956
-1.040212
-6.041454
-4.206012
-1.652686
-5.790664
-3.742543
-2.549120
-5.176733
-6.483916
-4.075760
-5.790664
-9.008932
-5.790664
-2.496774
-9.111498
-5.787169
-7.284876
-5.154047
-2.468923
-3.105010
-4.919277
-5.794156
-5.101211
-4.162661
-2.650851
-4.309301
-4.150998
-5.593602
-2.027865
-2.465867
-2.992050
-3.517260
-3.450074
-2.411302
-8.048609
-3.280620
-2.543254
-1.295545
-4.651750
-6.245271
-5.419438
-4.216218
-2.159295
-2.434748
-3.717050
-1.788223
-4.837309
-4.106233
-3.546043
-5.724626
-3.245285
-2.919358
-2.695078
1.758011
-4.779355
-8.329568
-3.956677
-2.375586
-3.367374
-4.262968
-4.299573
-3.666160
-1.258087
-6.382370
-1.952021
-3.684549
-2.644565
-5.007960
-2.757864
-0.915201
-2.231077
-1.927226
-5.794156
-3.264318
-5.787169
-3.866560
-3.540421
-3.087036
-2.673288
-1.399809
-4.242988
-5.790664
-4.102748
-0.988267
-3.343496
-6.800770
-4.549318
-2.704500
-5.790664
-4.922129
-4.670343
-3.301759
-5.538300
-4.681603
-3.281461
-5.416585
-6.843660
-5.501261
-5.278396
-1.045403
-4.607381
-3.242682
-2.817051
-3.107091
-4.682294
-4.443501
-1.764767
-3.033007
-5.158866
-5.322894
-2.581060
-6.153180
-1.647792
-6.855669
-5.627231
-5.091323
-1.652270
-5.787169
-3.957618
-2.947803
-3.124973
-4.672515
-3.255451
-3.306474
-2.813931
-2.090889
-7.429492
-5.794156
-4.161323
-5.605919
-4.129773
-4.090602
-2.428327
-3.639903
-3.385124
-5.710745
-5.518645
-4.128531
-2.933931
-6.165999
-4.433468
-3.471089
-5.511208
-4.059994
-4.696915
-5.790664
-2.765640
-5.790664
-4.422769
-3.811031
-5.163778
-3.160358
-1.362025
-5.418353
-5.948123
-1.883443
-3.104533
-4.266999
-3.605081
-3.924304
-2.305145
-1.209625
-7.204988
-4.834265
-2.131681
-5.790664
-3.033336
-4.665593
-4.257421
-4.932614
-4.002234
-6.300493
-3.113088
-4.561515
-4.033992
-3.461700
-2.950911
-4.909087
-4.492991
-3.964847
-5.296545
-4.466778
-5.361951
-3.762009
-1.015190
-4.824024
-9.328034
-2.654913
-5.057562
-9.305241
-3.697716
-5.794156
-2.653723
-9.174178
-4.093303
-4.528052
0.180230
-0.700016
-0.869594
-3.952396
-4.644753
-3.773266
-5.316489
-5.068171
-5.077447
-0.742005
-3.850136
-2.369732
-4.559444
-2.621248
-1.893029
-8.211720
-3.588244
-3.276459
-4.193509
-1.585583
-5.790664
-8.334593
-4.727070
-2.904781
-4.093231
-3.453053
-4.168522
-3.524642
-4.558249
-3.477393
-4.104480
-3.554914
-9.322335
-2.726325
-2.071095
-8.334593
-3.825409
-4.008845
-5.526241
-4.303728
-9.074107
-2.955873
-6.832858
-3.511250
-5.984485
-3.892306
-5.067966
-3.179888
-1.358852
-1.120243
-5.759743
-5.771976
-1.437487
-4.213846
-2.316379
-2.463964
-7.800814
-9.020326
-3.744488
-8.165847
-4.188351
-5.790664
-5.790664
-5.863580
-3.938807
-3.392509
-2.809533
-3.552574
-5.565346
-9.345136
-4.983453
-4.380990
-5.790664
-2.922997
-5.935843
-2.628736
-5.558596
-5.444994
-1.874539
-8.803791
-5.787169
-5.790664
-5.184592
-3.868120
-3.656465
-5.787169
-9.447696
-2.725665
-0.980303
-2.733344
-3.478784
-2.758585
-5.075499
-4.224658
-2.418269
-5.318563
-3.763357
-4.135843
-1.964590
-4.056093
-3.103977
-4.160318
-3.370877
-5.787169
-7.483717
-4.162115
-5.790664
-4.098026
-2.866914
-9.350823
-3.634407
-4.650763
-5.087228
-2.010906
-3.552720
-5.790664
-4.093056
-6.078593
-2.377322
-4.896490
-3.335062
-5.488850
-3.544689
-2.544870
-3.999377
-4.561755
-4.166463
-2.745047
-5.790664
-2.791396
-2.071662
-5.787169
-5.351949
-5.602546
-8.221916
-5.781233
-5.790664
-0.830559
-4.834084
-0.518543
-5.104171
-4.087937
-3.546843
-4.557115
-2.627078
-4.190190
-5.850173
-1.004532
-3.042559
-5.790664
-5.072391
-5.758823
-7.474679
-2.244974
-4.542915
-2.738161
-5.340748
-7.411222
-4.679420
-5.790664
-10.149291
-5.245653
-2.223300
-0.549107
-2.718987
-9.191277
-4.362189
-2.541606
-3.366664
-4.895553
-3.358809
-5.618445
-6.716609
-3.914754
-0.861191
-4.330733
-4.713084
-4.110249
-2.727766
-5.572112
-3.090925
-6.008893
-11.122343
-8.211720
-3.850257
-4.819239
-8.329568
-0.021376
-7.139451
-3.689071
-5.790664
-4.594611
-1.493099
-5.568739
-4.544235
-3.669644
-2.993575
-3.329385
-2.215760
-3.486984
-5.677799
-8.329568
-5.790664
-2.063599
-5.790664
-1.067255
-2.440781
-2.752144
-2.344776
-2.637230
-1.165603
-1.831351
-4.571239
-6.833134
-4.956991
-2.162252
-3.445924
-3.327050
-2.673606
-3.838103
-3.023748
-5.997234
-5.731031
-3.888530
-3.406225
-7.634846
-5.790664
-5.790664
-3.505985
-2.362951
-5.787169
-4.456116
-5.794156
-7.556344
-6.931490
-4.578993
-4.488848
-0.279869
-1.347633
-3.652419
-2.307652
-2.038408
-5.787169
-0.256508
-7.616034
-5.790664
-2.962666
-1.962629
-5.790664
-2.808354
-5.794156
-0.212810
-0.108020
-1.347186
-5.790664
-5.787169
-3.918654
-2.851050
-4.080588
-5.790664
-5.790664
-5.005783
-5.794156
-9.034130
-2.185476
-1.601904
-2.786412
-0.601753
-6.107378
-2.554209
-2.926933
-4.355745
-4.828853
-3.736061
-2.678907
-3.858607
-11.748277
-1.542721
-1.226239
-2.734040
-9.054520
-3.068058
-5.518018
-7.815462
-4.793515
-4.502411
-1.927658
-3.387208
-5.983595
-5.790664
-5.537432
-4.474951
-1.443066
-4.107102
-2.621454
-7.190962
-3.287751
-5.790664
-2.470402
-5.896287
-2.588002
-1.049971
-3.889525
-3.347577
-5.103836
-2.472160
-7.375360
-3.380425
-7.258790
-5.165922
-3.880330
-3.907214
-5.787169
-3.104652
-0.984253
-8.283083
-3.343883
-0.753570
0.168794
-1.458406
-4.237068
-2.713578
-4.436296
-3.007282
1.252142
-4.976822
-0.840961
-5.520834
-2.126396
-2.616046
-3.919061
-3.840459
-4.152300
-4.169574
-1.049616
-5.790664
-9.083010
-5.162816
-2.554690
-7.452087
-3.438037
-4.595816
-8.329568
-5.219656
-2.851647
-3.890697
-2.799842
-4.345847
-2.431314
-1.955232
-6.976814
-1.301367
-2.003523
-0.116660
-1.338048
-6.096609
-2.338743
-2.324953
-4.255330
-5.953202
-0.930312
-6.347055
-1.834280
-4.259325
-5.790664
-5.794156
-2.173814
-4.966394
-5.794156
-2.389561
-4.087428
-3.409846
-1.573704
-8.339618
-1.976805
-4.961837
-2.301547
-0.624610
-0.868415
-2.030018
-2.892870
-5.004063
-2.520265
-3.305459
-2.141095
-4.548113
-5.787169
-7.299140
-9.242560
-3.418170
-5.794156
-3.225418
-4.686867
-6.540525
-5.790664
-4.353641
-2.818080
-3.216735
-0.775294
-0.204845
-2.470474
-3.823672
-5.291638
-5.182470
-9.219764
-3.422406
-3.561219
-4.209187
-3.893757
-1.825434
-2.249087
-1.311576
-4.790950
-3.389594
-3.327508
-6.077102
-2.948157
-3.366242
-2.921778
-3.921745
-5.780195
0.060006
-1.750430
-2.985697
-8.334593
-3.238429
-3.993339
-2.390381
-1.795370
-3.478546
-3.382193
-3.559793
-2.908201
-2.847016
-0.302550
-9.367923
-1.818714
-3.821383
-0.545622
-4.011127
-8.921307
0.218899
-4.564987
-1.483611
-9.973645
-5.790664
-4.049159
-5.794156
-4.199169
-3.043074
-5.790664
-5.431206
-4.106417
-4.093435
-0.914265
-2.440092
-7.435243
-0.442098
0.323758
-5.514634
-5.794156
-3.629918
-4.839563
-0.236016
-11.972720
-1.250371
-1.460701
-3.130557
-1.289494
-8.334593
-3.941562
-5.790664
-2.998609
-6.435327
-4.468128
-1.053154
-2.142388
-5.514634
-8.329568
-1.907970
-3.351449
-4.879651
-5.266660
-5.794156
0.353612
-2.667039
-3.300028
-4.628543
-2.941634
-4.178314
-3.451950
-5.787169
-5.943861
-3.220946
-2.770578
-3.061171
-3.072439
-1.002525
-2.346159
-5.596052
-1.248992
-2.063231
-3.295073
-1.153369
-5.790664
-5.765927
-1.858471
-4.570466
-3.643438
-3.956431
-2.472281
-6.625287
-4.087933
-5.299134
-8.277979
-8.309485
-6.053104
-2.292238
-5.787169
-3.983104
0.838156
-4.426927
-0.717771
-3.441555
-5.068664
-2.121498
-0.870606
-1.458350
-5.173691
-4.937161
-5.790664
-1.936718
-2.842317
-2.158436
-3.433954
-3.127357
-3.029260
-1.160951
-1.532205
-3.085096
0.265060
-3.015888
-5.794156
-1.044842
-3.251420
-1.359058
-1.322648
-2.278338
-6.425125
-5.794156
-3.441555
-3.300479
-5.101603
-3.323945
-5.447535
-7.106350
-3.930004
-4.838925
-5.787169
-5.790664
-4.279872
-3.717308
-3.380743
-0.356733
-2.244024
-6.907483
-4.183487
-3.015642
-2.185924
0.104577
-6.116995
-2.379278
-2.275725
-3.404122
-0.222070
-1.804428
-2.879366
-2.710640
-3.866883
-5.843824
-8.567300
-5.790664
-2.092189
-2.253122
-2.412110
-1.971772
-2.192608
-4.191719
-3.221515
-1.785463
-1.719661
-5.794156
-2.579494
-4.084815
-4.659458
-0.667348
-4.080001
-3.419212
-4.245496
-2.851363
-5.623525
-0.444374
-8.104675
-2.659633
-0.330179
-4.457188
-5.787169
-2.064543
-1.804532
-3.479814
-1.538919
-1.973722
-7.254302
-2.253521
-9.402108
-3.711062
-3.871798
-2.547630
-2.472527
-4.669984
-5.342388
-1.625224
-7.054710
-4.150784
-5.794156
-5.794156
-1.125107
-0.282786
-1.917637
-0.247978
-3.768326
-5.050220
-1.723540
-1.271792
-4.495457
-3.376631
-5.794156
-5.794156
-8.329568
-2.530314
-2.274908
-6.205970
-3.439705
-1.347491
-3.578785
-2.637856
-2.554468
1.350099
-7.249846
-2.378875
-5.119858
-8.329568
-1.179904
-2.392598
-5.180926
-1.706179
-4.058880
-2.394744
-4.248468
-4.395801
-3.113094
-2.731230
-5.790664
-5.528158
-0.294653
-1.222294
-1.164483
-5.769525
-2.020188
-1.243681
-0.872236
-4.856548
-2.689930
-4.619844
-5.790664
-5.790664
-3.523936
-7.106350
-3.394623
-3.137902
-8.661065
-1.454679
-3.261569
-5.217660
-5.768176
-0.986010
-5.790664
-1.027340
-2.789166
-9.074107
-2.059681
-3.286520
-2.432760
-3.199487
-4.032460
-0.291709
-4.753819
-3.560664
-2.148041
-0.646180
-2.264635
0.280852
-3.077241
-4.218853
-3.838430
-0.679375
-2.956258
-2.357762
0.085797
-3.335757
-3.248437
-7.917977
-2.746179
-0.058535
-7.088767
-5.790664
-8.111204
-5.511256
-5.790664
-8.329568
-2.265163
-5.790664
-6.891629
-2.881404
-1.639119
-1.270870
-2.540184
-1.409448
-5.002223
-7.213669
-2.313466
-3.977218
-1.872692
0.137661
-1.720407
-2.910530
-3.407620
-3.418889
-2.358032
0.079308
-3.080494
-5.790664
-1.385983
-5.790664
-3.378320
-2.560428
-7.397775
-0.747381
-2.636195
-7.375263
-5.787169
-4.286027
-1.579111
-5.561973
-8.889270
-5.790664
-2.996970
-0.755674
-1.640067
-5.794156
-3.054005
-5.274655
-2.614381
-0.089959
-2.685617
-2.666176
-0.785381
-4.603570
-5.559056
-3.794025
-5.787169
-2.907532
-4.062151
-4.131024
-3.867795
-1.055557
-1.082302
-5.404993
-6.420685
-2.221362
-0.928268
-2.342061
-8.329568
-1.453945
-0.518753
-8.329568
-2.212124
-5.790664
-0.557430
-2.291052
-5.790664
-1.609820
-1.140789
-5.790664
-2.348309
-1.100378
-1.862633
-1.693152
-2.195642
-3.460265
-1.654400
-3.457624
-2.809683
-1.642261
-2.130246
-4.051702
-1.105633
-1.847083
-4.279502
1.558338
-7.641931
-3.269986
-1.150889
-1.500942
-0.124880
-6.707318
1.731323
-5.790664
-8.334593
-4.346897
-7.317075
-7.834986
-7.272239
-2.350181
-2.813038
-4.666966
-9.430599
-2.928476
-3.394615
-0.354431
-1.165689
-5.794156
-2.446114
-4.201718
-5.790664
-3.382828
-1.961373
-4.140975
-8.820887
-5.361831
-3.067118
-1.596425
-2.345686
-2.062965
-3.692338
-3.599054
-7.052206
-3.098334
-3.584185
-1.077012
-2.986773
-2.187737
-2.265810
-5.790664
-2.590429
-4.663110
-1.479934
-5.790664
0.029060
-3.325641
2.118460
-1.622461
0.758955
-1.769956
-3.844540
-5.790664
-3.164377
-6.251217
-2.817927
-7.429492
-9.662729
-3.433701
-2.286350
-1.143404
-2.309572
-2.010021
-5.787169
-0.477714
-2.276354
-0.286805
-7.559997
-1.470059
-5.787169
-1.498231
-0.013553
-0.296925
-4.939839
-3.297617
-2.511435
-5.239065
-1.617778
-4.033490
-5.790664
-4.466567
-5.090795
-2.435424
-5.790664
-5.790664
-4.009037
-3.574718
-4.195850
-4.648654
-3.280816
-2.904775
-1.350713
-3.311472
-4.555577
-3.164553
-9.430599
-5.790664
-1.324130
-4.699330
-5.487585
-1.665558
-7.844753
-2.866713
-9.436294
-4.111046
-0.673804
-4.325757
-1.330986
-9.405292
-2.656384
-0.039352
-0.384039
-5.790664
-4.355192
-4.197277
-4.148094
-4.702628
-2.261803
-0.352091
-5.841791
-3.726315
-8.277979
-4.023397
-2.661922
-1.191529
1.463728
-1.917480
-5.790664
-0.156915
-4.248520
-5.790664
-0.857869
-5.790664
-5.790664
-7.833676
-5.794156
-3.587877
-2.793804
-9.054520
-1.691265
-3.648805
-5.790664
-1.221148
-2.935708
-0.269525
-2.159892
-0.331361
-2.704358
-2.530282
-0.363281
-2.452100
-0.967718
-1.540069
-0.876630
-2.342350
-4.684719
-7.031059
-3.444116
0.077652
-4.980042
-3.694149
0.591550
-2.579850
-3.194215
-4.488214
-3.453758
-8.329568
-6.393511
-4.367605
-8.329568
-0.934930
0.745876
-2.871065
-1.886875
-7.898448
-5.790664
-7.805693
-1.007061
-6.744855
0.588310
-2.144717
-2.697372
-1.811626
-5.790664
-7.901786
-3.122580
-5.794156
-4.034811
-2.194510
-2.011936
-4.688759
-2.706365
-0.512109
-5.790664
-5.685560
-2.436940
-2.394195
-3.286448
-1.189970
-1.437883
-4.308688
-2.710032
-2.562455
-2.496267
1.198531
-5.508512
-1.561933
-8.109702
-1.768540
-7.488235
-1.675765
-2.310246
-5.575497
-5.790664
-5.787169
-5.511256
-5.790664
-5.450366
-1.541318
-5.794156
-8.329568
-9.282452
-6.041958
-1.285268
-4.060388
-5.790664
-6.778069
-5.794156
-1.810762
-3.934167
-3.255763
-1.992752
-0.895498
-0.169611
-2.599812
-1.219520
-1.791708
-2.859812
-11.898907
-3.806576
-2.662858
-5.755772
-2.545156
-0.628460
-1.219272
-2.227200
-2.314773
-1.443510
-4.524002
-3.095665
-2.969054
-2.651954
-1.697542
-0.664964
-9.242560
-3.279447
-2.963995
-5.790664
-4.481830
-8.334593
-5.790664
-5.640576
-8.329568
-8.329568
-8.262690
-5.121088
-5.790664
-3.872376
-5.790664
-0.896846
-4.527277
-5.790664
-4.143171
-7.034614
-3.523284
-3.337762
-7.903332
-0.383064
-1.109429
-8.329568
-1.325263
-3.476826
-0.183402
-4.093084
-2.949922
-4.094076
-0.130242
-1.466223
-2.162882
-0.405539
-2.920858
-3.131933
-4.228612
-4.002660
-3.111670
-3.567800
-2.844626
-7.470159
-0.833561
-8.912066
-5.534924
-5.575497
-7.420445
-3.364659
-3.337637
-4.767139
-1.088325
-9.339433
-1.565716
-1.212740
-3.217574
-5.790664
-5.790664
-2.113329
-5.790664
-4.348571
-2.290199
-5.987522
-5.794156
-3.454849
-3.836633
-1.449303
-2.858891
-2.109159
-3.853048
-5.790664
-7.362818
-1.596676
-1.601618
-2.116799
-3.303216
-4.444292
-1.688061
-1.385316
-0.719772
-1.990525
-3.199253
-5.258623
-4.014300
-0.138753
-3.075242
-0.972813
-0.170075
-5.608894
-2.895829
-4.158573
-4.501096
-5.794156
-1.213006
-2.281586
-2.637018
-4.509459
-0.867693
-1.371031
-2.048412
-5.790664
-3.385448
-3.276459
-9.413504
-5.790664
-3.327185
-2.276892
-5.531543
-3.188089
-5.790664
-5.794156
-3.339364
-2.521559
-9.259651
-0.296705
-7.602023
-0.962219
-2.595391
-2.166946
-5.787169
-7.264662
-1.471023
-12.089073
-3.135455
-1.286235
-1.961729
-5.790664
-8.185326
-2.651849
-4.802747
-1.364323
-3.569391
0.497862
-2.973088
-0.428373
-2.593229
-1.346227
-5.787169
-2.334490
-1.887738
-2.143043
-2.087818
-2.408312
-3.631002
-5.790664
-2.108016
-4.317825
-1.659920
-5.274655
0.642567
-2.370225
-2.870842
-3.282547
-3.619164
-4.169876
0.043689
-3.874682
-1.956376
-0.742204
-1.646265
-5.457152
-8.329568
2.919404
-5.790664
-7.780560
-5.790664
-6.898436
-5.790664
-3.375046
-5.651046
-4.443565
-3.978510
-4.311635
-3.197316
-5.790664
-5.790664
-7.366391
-3.540364
-3.987242
-6.692932
-6.069103
-3.717027
-1.765851
-7.155673
-7.285082
-3.812844
-5.091735
-3.021481
-2.143939
-2.302347
-1.904457
-2.475484
-2.204538
-8.329568
-1.801552
-4.136242
-4.114856
-1.983113
-5.790664
-1.503161
-3.436013
-0.018843
-2.588428
-2.033908
-8.329568
-6.594496
-1.410430
-4.368065
-6.040920
-0.728907
-2.975419
-3.980306
-0.754496
1.908282
-0.950385
-1.011985
-9.316637
-5.565346
-5.790664
-5.790664
-5.790664
-5.790664
-5.790664
-6.044439
-5.794156
0.740202
-0.571544
-1.435579
-3.476130
-5.794156
-2.061635
-4.089688
-5.790664
-4.699213
0.479046
-5.790664
-5.787169
-1.700558
-3.961600
-4.185432
-5.660072
-2.432333
-5.787169
-4.584264
-2.648817
-1.516926
-0.569442
-2.367852
-0.909806
-1.197867
-4.226784
-1.392859
-1.337384
-3.120376
-1.894915
-5.488629
-3.184138
-6.871914
-2.455951
-1.732697
-1.549227
-1.068777
-2.530817
-3.563244
-1.506714
-0.545135
1.275400
-1.841623
-9.316637
-5.258570
-9.362223
-7.834986
-5.821465
-1.969336
-8.334593
-1.068665
-4.227503
-3.010192
-1.564219
-3.823329
-4.013166
-3.288162
-9.026019
-8.092813
-2.633317
-5.794156
-7.157745
-4.484615
-3.555121
-9.413504
-8.329568
-4.227715
-5.794156
-2.308617
-8.158861
-6.245666
-3.601826
-5.952332
-4.104510
-2.336771
1.239831
-6.384856
-8.073513
0.546422
-3.521078
-0.323624
-3.218142
-6.392088
-3.086995
-0.121636
-5.790664
-6.690245
-3.635117
-2.514635
-9.385017
-1.353519
-0.971743
-3.027757
-4.005990
-3.391677
-1.464177
-9.765613
-3.965939
-1.162436
-2.317121
-1.612652
-5.144886
-3.136099
-3.291665
-5.790664
-3.420768
-5.263213
-8.015603
-1.473591
-8.165847
-9.681020
-5.565346
-3.395835
-0.833792
-5.794156
-8.329568
-1.646497
-5.551821
-3.642828
-10.934114
-5.967869
-8.334593
-7.312587
-1.551588
-5.999105
-1.072249
-3.260015
-6.500206
-5.787169
-9.039023
-2.870358
-2.213385
-3.096364
-2.306078
-5.790664
-3.816086
-1.715697
-5.794156
-0.802849
-1.289843
-1.303149
0.465327
-1.557399
-2.006433
-5.790664
-8.912817
-5.152089
-2.396203
-4.746494
-6.008348
-2.602933
-3.556794
-1.478368
-0.860853
-0.296827
-2.778763
-0.265626
-3.687935
-2.293592
-2.137968
-1.363751
-6.123255
-4.361350
-7.479198
-2.934335
-2.353576
-1.841369
-2.732435
-3.491335
-5.575497
-4.168395
1.956077
-3.321225
-3.049103
-5.960967
-5.790664
-5.794156
-7.192714
-5.794156
-4.718928
-9.339433
-7.191534
-9.039614
-3.420768
-7.465635
-1.948827
-1.398743
-0.297342
-5.790664
-1.602391
-3.021929
-5.306981
-6.729125
-6.013983
-3.082104
-1.105972
-6.991888
-2.241567
-3.399081
-2.758201
-3.514632
-1.681694
-5.787169
-1.739225
-1.215198
-1.514433
-6.101861
-3.155447
-2.196275
-5.005038
-4.789668
-3.950553
-0.767722
-4.835454
-4.299119
-5.790664
-1.757784
-4.237889
-3.699756
-2.514284
0.354480
-1.899698
-3.372990
-2.006260
-1.292509
-3.082322
-3.029666
-1.656051
-4.576082
-1.918685
-1.342323
-5.790664
-8.329568
-2.644808
0.762681
-5.045246
-3.481286
-0.832211
-0.108625
-4.890357
-8.709885
-5.907842
-5.609307
-4.791658
-5.790664
-2.119008
-3.893389
-3.589766
-5.794156
-3.483594
-7.079448
-6.357788
-8.615747
-1.161755
-3.016212
-6.482515
-5.555205
-9.784657
-2.047005
-3.927058
-3.472816
-4.993545
-7.734220
-5.790664
-3.592828
-2.658762
-0.996068
-2.730042
-7.470159
-3.732789
-3.846154
-0.103840
-3.556954
0.476375
0.434678
-5.592400
-5.504492
-1.338537
-2.582576
-5.790664
-4.161277
-6.438791
-3.516654
-3.863207
-4.707312
-2.504027
-4.364801
-4.934245
-2.119001
-1.572261
-1.241690
-7.422649
-2.769328
-2.945011
-2.111355
-5.790664
-2.243582
-4.025254
-0.782872
-1.809917
-7.223492
-5.794156
-5.790664
-5.565346
-0.008181
-1.367913
-8.334593
-2.514317
-3.063586
-8.334593
-3.340554
-4.060719
-7.703182
-9.362223
-9.424901
-8.334593
-5.790664
-1.280650
-3.058555
-0.577226
-7.132316
-4.632318
-5.274655
-2.241347
-8.832180
-9.310930
-2.167699
-6.680060
-2.663780
-7.299140
-3.729613
-1.227615
-2.153945
1.581979
-3.480309
-2.017794
-7.218750
-7.360255
-4.209876
-0.845209
-0.986044
-1.261657
-3.024953
-3.743753
-5.171901
-2.637198
-1.506876
-1.233065
-4.318671
-0.822743
-1.755691
-2.548089
-6.757428
-4.390725
-3.104853
-2.228516
-4.071722
-2.114201
-3.176609
-1.308878
-7.675370
-0.144611
-2.170634
0.244620
-3.324496
-5.787169
-2.480572
-5.028120
-5.572112
-8.329568
-4.799959
-3.318936
-3.369495
-5.794156
-9.322335
-3.934159
-2.881630
-6.998744
-1.635020
-5.830474
-7.420050
-5.790664
-1.391418
-5.790664
-1.005675
-3.713763
-7.966793
-1.794716
-9.111498
-3.110108
-4.178326
-2.186660
-0.511478
-0.407840
1.470287
-0.849477
0.448054
-7.942384
-10.016319
-7.383140
-4.419852
-4.512044
-3.039250
-0.525994
-11.482285
-2.638683
-0.107344
-0.954829
-0.917061
-1.403127
-0.384735
-3.424518
-1.531453
-2.354618
-8.329568
-4.360184
-0.405633
-1.273571
2.294202
-12.096797
-3.366831
-2.429831
-0.460296
-7.133161
-0.752545
-6.177887
-4.499062
-1.469110
-2.901150
-5.790664
-1.135578
-5.178178
-1.145324
-4.039402
-4.692838
-4.648969
-1.427916
-4.837071
-5.790664
-5.790664
-1.962426
-6.670698
-4.790237
-0.590434
-1.288056
-7.272239
2.073973
-3.059786
-1.572410
-3.587773
-3.270785
-3.988408
-5.561973
-9.388391
-7.214492
-5.790664
-5.662956
-5.790664
-4.076162
-5.423345
-5.790664
-3.599518
-7.415934
-6.444516
-9.259651
-4.735843
-5.082733
-5.794156
-3.354264
-1.499529
-6.072622
-3.928527
-5.849802
-5.783683
-4.291692
-3.273614
-4.781326
-3.596337
-8.329568
-6.015660
-1.956119
-4.900672
-9.436294
-5.866359
-3.515143
-2.547351
-5.787169
-9.614615
-7.045338
-3.755537
0.628902
-1.660494
-4.592636
-6.595943
-1.371602
0.633286
-3.395002
-2.834636
-2.097795
-4.755839
-2.202426
-3.491092
-3.274728
-4.424554
-9.451365
-3.061661
-0.854464
-1.946396
-5.342623
-0.515923
-6.019300
-6.302718
-2.699942
-1.211250
-3.688293
-1.101137
-0.503860
-1.029723
-3.459629
-4.618942
-3.806238
1.282119
-2.130734
-2.626492
-4.775673
-1.603103
-4.884026
2.515221
-1.299380
-2.632493
-2.355145
-3.535081
-5.794156
-5.507878
-11.917643
-7.350634
-9.424901
-5.790664
-0.742480
-7.686736
-8.196432
-7.104704
-2.784508
-0.372735
-3.631644
-3.318936
-5.794156
-7.913088
-5.790664
0.436504
-7.859395
-2.445174
0.365088
-8.334593
0.379237
-7.188487
-5.794156
-5.555205
-1.519931
-6.228045
-2.033563
-5.575497
-3.174238
-9.134295
-1.738913
-4.819573
-1.999370
-5.790664
-5.794156
-0.029413
-5.787169
-1.171987
-8.334593
-5.142159
-0.373903
-1.122682
-4.898370
-3.150648
-2.507913
-2.401072
-1.203962
-9.249678
-4.417776
-3.166851
-1.387425
-0.175890
-0.081825
-9.014632
-4.872697
-4.062018
-2.735495
-3.559868
-0.100450
-2.346517
-2.307165
-4.354272
-2.509378
-1.450770
-1.596576
-1.175232
-6.017880
-5.462395
-3.972014
-8.334593
-2.495764
0.119922
-4.463815
-5.071648
-0.956910
-2.431009
-3.569203
-2.378991
-3.154445
-6.103332
-2.067909
-5.790664
-0.765936
-3.619511
-8.837926
-3.988433
-3.172384
-2.464382
-5.794156
-6.418981
-1.334832
-6.801288
-4.139857
-5.125590
-4.031867
-2.757187
-5.356130
-2.573398
-0.387284
-5.787169
-8.187081
-3.379204
-1.065329
-5.308016
-4.122417
-2.170125
-2.208543
-5.787169
-5.790664
-1.162012
-5.790664
-5.794156
-6.048239
-5.091329
-5.790664
-0.295856
-2.990805
-1.318504
-5.790664
-5.790664
-6.173616
-4.488812
-6.241345
-2.082355
-5.535251
-3.393981
-2.993664
-0.274447
-7.329646
-5.175984
-0.278950
-2.640231
-8.109448
-9.310930
-3.167178
-5.275013
-9.310930
-4.793425
-5.533852
-3.031381
-5.559923
-5.376382
-2.203433
-5.787169
-5.794156
-2.185918
-5.882178
-1.536752
-3.334100
-2.390121
0.491577
-1.879207
-3.186082
-0.637748
-6.864021
-5.571419
-1.441370
-5.900256
-0.847369
-4.975151
-0.223536
-0.648320
-3.021440
-1.005383
-2.682166
0.950897
-4.786593
-2.106012
-7.358093
-4.597332
-2.937096
-3.170933
0.066077
-4.590041
-0.279833
-4.556409
-2.427517
-2.669914
-5.790664
-5.776256
-3.512433
-5.078647
-2.262432
-5.787169
-9.991936
-7.110221
-8.824478
-1.635956
-0.579995
-2.399179
-3.103410
-5.528158
-5.790664
-0.752851
-5.790664
-5.575497
-3.464363
-2.633140
-5.452976
-9.248256
-2.033817
-5.790664
-4.914401
-1.657347
-2.608607
-8.334593
-5.812984
-5.787169
-3.210134
-1.707098
-3.367679
-0.906033
-1.663280
-2.437406
-7.392133
-12.766891
-8.147628
-4.931137
-5.790664
-2.355330
-3.475928
-1.611048
-6.281953
-7.200496
-4.018093
1.557798
-1.330050
-4.736569
-0.938208
-7.407499
-5.794156
-6.116743
-2.890505
-2.277735
-9.430599
-6.012296
-0.834238
-6.410875
-3.648970
-5.752266
-2.047661
-0.858712
-5.790664
-3.732481
0.066712
-3.117555
-1.515899
-6.471035
-0.047607
-6.510756
-0.211635
-5.486538
-0.941354
-1.683004
-2.588460
-7.822448
-5.572112
-3.068228
-5.733697
-1.299925
-0.074006
-4.142512
-3.761281
-2.380095
-4.524107
-4.845691
-4.643670
-2.006836
-6.873085
-9.407806
-9.151382
-5.790664
-8.152575
-9.356521
-5.790664
-3.750423
-4.307712
1.335160
-1.157253
-9.242560
-5.790664
-1.449533
-0.448997
-4.740091
-3.116401
-6.233481
-2.284959
-5.937716
-5.500296
-6.083348
-4.121337
-5.524778
-6.380023
-6.151723
-4.664636
-0.939878
-3.273494
-1.668685
-1.964913
-5.802931
0.326967
-3.804647
-6.222581
-6.722148
-6.440809
-12.376084
-8.162536
-1.561868
-1.447670
-0.827633
-1.006514
-1.777955
-2.549138
-1.652708
-2.214021
-1.811718
-6.651037
-1.481015
-5.267356
-3.749302
-6.833360
-3.431694
-5.240565
-5.794156
-4.542922
-0.679761
-7.176303
-2.308583
-1.673520
-0.414303
-5.433581
-5.790664
-1.829808
-2.362455
-4.212953
-6.786108
-5.684429
-1.739734
-4.065867
-0.442681
-3.452016
-4.634449
-7.143121
-1.174214
-2.511789
-3.674675
-7.550661
-3.381994
-6.484396
-5.790664
-0.821669
-5.790664
-6.712670
-6.189741
-0.850038
2.179883
-8.329568
-0.890319
-2.123997
-3.541962
-9.373620
-3.013975
-2.992063
-8.329568
-4.571541
-5.790664
-5.790664
-10.118288
-2.991201
-5.867144
-2.314695
1.382565
-5.790664
-7.016683
-9.432394
-4.448737
-2.261291
0.470051
-3.819974
-5.356133
-7.997629
-1.291931
-5.529668
2.947958
-1.362117
-1.912822
-4.174577
-8.568077
-0.657489
-8.376390
-2.010018
-3.572268
-3.116797
-5.326108
-1.999663
-8.329568
-4.139154
-7.349738
-0.106073
-2.538829
-4.180400
-5.365647
-2.678645
-1.959425
-3.067060
-3.351541
-2.937941
-5.312204
-5.787169
-2.495176
-0.470688
-5.790664
-3.449463
-4.089993
-0.532989
-5.675896
-1.737368
-2.210276
-3.028016
-3.584396
-2.303134
0.909633
-1.704115
-5.711740
-1.828052
-2.194439
-3.309844
-2.219219
-7.759964
-1.196070
-9.362223
-3.390906
-6.806792
-3.107689
-1.992929
-5.627716
-6.958392
-4.775471
-5.915431
-4.283751
-2.581851
-9.157085
-1.987939
-9.389791
-4.026065
-5.794156
-5.572112
-5.790664
-5.787169
-9.430599
-5.790664
-5.787169
-8.334593
-5.790664
-3.487199
-1.541597
-8.334593
-5.790664
-2.728593
-7.060818
-2.393608
-5.790664
-9.424901
-5.873949
-6.697497
-8.951904
-9.345136
-9.546902
-5.927086
-3.243258
-2.488455
-3.085116
-5.790664
-5.790664
-5.790664
-6.208481
-7.343976
-5.484207
-1.912948
-5.790664
-5.719079
-1.633434
-8.329568
-7.936377
-5.790664
-3.693582
-1.832088
-6.425125
-3.908525
-4.342124
-7.479198
-4.214813
-3.324847
-7.962746
-3.234540
-5.790664
-1.825230
-6.741385
-5.787169
-1.265229
-1.451030
1.139655
-4.496724
-4.835474
-3.887260
-5.043906
0.141901
-4.446764
-1.597938
-3.920419
-7.051584
-2.632053
-3.093968
-2.675259
-3.171659
-2.835821
-0.933194
-3.261979
-3.045051
-2.050418
-3.561297
-8.334593
-5.434366
-3.338187
-5.779803
-2.191339
-4.024001
-8.370953
-1.777266
-5.790664
-2.375129
0.170452
-2.180636
-1.618164
-5.790664
-5.198533
-3.444993
-7.072020
-2.693168
-2.662005
-3.041060
-3.449314
-2.123279
-0.088069
0.009305
-2.455602
-6.436029
-8.609977
-5.790664
-5.613506
-7.825228
-5.794156
-7.614411
-2.001377
-4.451063
-5.348958
-5.790664
-5.790664
-5.568739
-1.846255
0.162827
-7.066014
-7.325545
-4.487272
-2.611118
-1.387280
-7.648717
-4.551027
-5.790664
-2.116535
-4.502087
-3.373494
-6.747671
-5.787169
-5.555205
-8.329568
-3.241297
-0.753233
0.352121
-8.188982
-5.790664
-4.205402
-4.162055
-2.747131
-8.980444
-2.561889
-5.424548
-5.295340
-5.790664
-5.790664
-2.995857
-0.994448
-3.067655
-7.016025
-0.448041
-5.155774
-5.082442
-5.790664
-5.200115
-5.061754
-0.938161
-2.461843
-3.482745
-4.531947
-2.702451
-2.768368
-5.682376
-2.292184
-5.516392
-4.319171
-3.781993
-3.729721
-5.782168
-7.291107
-7.207173
-0.320325
-4.235310
-5.541685
-1.446062
-6.756298
-3.802501
-5.254714
-5.790664
-4.174310
-4.572952
-3.638617
-3.947284
-4.100184
-5.496457
-1.376714
-3.456798
-2.865184
-4.527695
-5.790664
-0.914423
-4.304867
-6.301168
2.532733
-0.414162
-5.460824
-2.115146
-2.678130
-3.266203
-6.139127
-5.790664
-3.861005
-1.868934
-2.297971
-8.334593
-7.341744
-8.145456
-5.790664
-4.040740
-5.790664
-7.844753
-6.570209
-2.282394
-5.210415
-9.322335
-1.322199
-7.671254
-5.720855
-1.495500
-4.471339
-2.987100
-5.794156
-9.196973
-5.067022
-8.201530
-7.010585
-0.426360
-4.452735
-3.970946
-5.794156
-4.264268
-5.787169
-2.464550
-9.408447
-9.876099
-1.680662
-4.830784
-8.581566
-6.405335
-0.868650
0.059395
-3.509931
-5.026781
-4.457336
-7.543887
-0.551793
-3.651237
-1.582743
-1.773527
-6.484396
-6.837340
0.035310
-5.790664
-3.447942
-7.016926
-5.790664
-2.108664
-5.167450
-5.742646
-5.021174
-3.578865
-5.303627
-2.261976
-7.849882
-1.993313
-2.822154
-4.298144
-8.946253
-5.728277
-5.680726
-3.399534
-5.787169
-5.281146
-5.235474
-5.787169
-3.473833
-1.690936
-7.473403
-4.384014
-0.666151
-5.308443
-3.205250
-4.588907
-3.698968
-4.950898
-4.116525
-8.329568
-5.815984
-2.779438
-2.587600
-5.794156
-3.569864
-3.277821
0.154905
-4.635195
-5.265281
-2.716239
-3.273206
-4.783164
-5.790664
-7.523703
-6.049001
-5.005752
-4.196141
-5.220783
-4.228539
-2.229472
-3.307422
-1.442744
-2.615905
-3.581591
-4.276863
-1.563392
-2.068503
-7.667675
-3.672356
-0.320959
-0.666616
-8.334593
-1.282339
-1.435103
-2.839275
-7.366349
-6.640064
-4.267432
-2.872252
-1.289235
-3.457672
-3.448493
-4.668235
-0.434217
-2.623616
-4.324984
-4.569306
-1.933612
-4.454506
-9.932293
-5.339097
-10.630701
-5.524778
-4.793157
-9.236856
-3.261612
-8.329568
-7.393293
-7.506590
-4.416174
-7.361903
-3.723315
-2.172837
-3.090372
-8.164901
-5.790664
-5.790664
-1.703593
-4.998057
-2.230525
-7.815462
-5.790664
-5.794156
-8.329568
-4.117984
-5.790664
-7.479198
-8.017173
-3.406012
-4.453972
-4.869164
-7.592481
-6.992138
-5.794156
-8.055277
-4.254646
-7.758063
-4.963438
-5.790664
-7.054787
-9.350823
-5.275013
-1.016453
-8.940553
-3.964124
-1.428703
-4.545410
-0.577146
-6.065816
-4.865495
-5.794156
-5.521398
-4.626453
-1.805170
-5.790664
-9.333734
-3.289843
-2.251911
-7.476681
-6.921313
-4.810947
-4.823245
-2.127180
-2.647560
-4.277649
-1.672901
-5.787169
-2.766268
-5.136251
-3.730949
-4.703600
-5.604697
-5.790664
-9.316637
-6.088718
-2.792008
-5.419971
-2.741155
-7.776404
-6.329102
-4.151152
-5.219957
-5.147228
-6.173616
-3.845681
-2.095104
-5.007930
-5.794156
-2.977166
-2.421140
-5.794156
-7.231411
-3.777286
-1.611149
-4.105465
-0.533176
-4.834767
-1.759952
-0.757153
-3.333526
-1.638470
-6.875947
-3.015165
-2.330215
-5.787169
-2.727766
-5.054411
-6.417374
-2.983677
-7.269328
-7.084138
-7.071784
-0.721767
-3.383870
-9.420839
-1.185879
-2.878658
-12.101863
-2.724438
-10.311036
-5.976687
0.970519
-5.794156
-5.787169
-5.787169
-9.111498
-5.787169
-7.207392
-7.546393
-0.335093
-9.390713
-10.118288
-5.293944
-6.614903
-1.917030
-5.458871
-3.394009
-5.790664
-2.945511
-1.646571
-4.503518
-5.794156
-9.202673
-9.276481
-10.099694
-6.793536
-5.787169
-5.325647
-5.137092
-3.567893
-1.169146
-2.689041
-1.397360
-6.845792
-3.029462
-5.794156
-8.328777
-4.545717
-1.536863
-7.971677
-5.386150
-6.031044
-4.407225
-4.548849
-6.040525
-3.239513
-3.951557
-4.752755
-5.868068
-5.790664
-5.497729
-5.790664
-2.226474
-2.180726
-7.995283
-6.302639
-3.286516
-5.985051
-1.534716
-5.657694
-3.368812
-2.347150
-4.390219
-7.942384
-3.457015
-0.794984
2.038298
-2.505639
-8.035132
-6.797644
-2.884964
-5.413225
-5.790664
-3.491079
-1.236385
-9.141056
-0.847283
-8.167521
-7.884689
-2.693063
-3.101142
-4.286961
-9.248256
-5.868068
-1.318220
-3.212339
-7.051507
0.513899
-0.132531
-2.998090
-4.117984
-3.655342
-7.455673
-7.576620
-8.291882
-6.976061
-3.740962
-4.314067
-5.864283
-2.892924
-3.783567
-4.848808
-4.186828
-2.703401
-0.246224
-4.233765
-3.067172
-3.538142
-2.444975
-8.963017
-2.756845
-5.894359
-4.045830
-3.821018
-5.790664
-2.703176
-6.091484
-1.536177
-2.069696
-0.157735
-4.470397
-5.623848
1.440343
-3.016551
-4.912598
-7.463798
-6.506258
-6.400789
-4.688950
0.236757
-0.377360
-7.769343
-5.790664
-5.794156
-5.790664
-5.790664
-3.701840
-4.298230
-5.790664
-7.898622
-6.459963
-4.764564
-2.256446
-7.225699
-4.724105
-3.019575
-7.571379
-5.794156
-3.618507
-3.522264
-5.790664
-9.333734
-5.790664
-5.758016
-5.630107
-8.039609
-3.529533
-8.329568
-2.000538
-5.600610
-3.846247
-8.334593
-4.794394
-1.813760
-5.236050
-5.169336
-1.696966
-0.881364
-5.422338
-5.883132
-6.666137
-5.790664
-5.426451
-2.154200
-9.323090
-4.318245
-5.889088
-7.400632
-0.664287
-4.813497
-1.870879
-4.058534
-5.790664
-2.847163
-1.778286
0.130055
-4.331854
-2.407364
-4.847992
-1.736937
-3.634645
0.018900
-6.640865
-4.268188
-1.621055
-5.467299
-1.746126
-1.375859
-3.481078
-4.855290
-2.907199
-5.790664
-0.580744
-8.600536
-5.519177
-4.106468
-9.414664
-8.177468
-1.914666
-1.814796
-1.061162
0.294460
-2.870388
-3.806217
0.450203
-1.658945
-1.372227
-5.992404
-2.097940
-3.023300
-9.185576
1.147277
-5.790664
-5.556033
-7.008394
-2.085941
-2.452327
-5.280372
-2.154560
-9.796850
-4.038175
-5.564793
-1.444429
-3.573332
-5.276775
-3.593514
-2.185963
-7.237786
-3.625064
-3.036059
-4.761828
-1.630782
-6.841810
-4.307282
-12.299003
-8.334593
-3.772092
-4.589701
-7.581141
-2.725950
-1.040151
-4.171184
-1.749116
-5.787169
-7.127075
-4.253141
-1.830664
-5.358924
-2.099793
-5.475836
-5.660340
-4.687488
-3.042017
-5.790664
-5.757281
-7.661775
-5.259297
-2.608439
-3.839438
-6.108360
-6.050335
-3.282088
-4.872110
-3.214407
-2.729729
-3.360501
-3.115586
-5.689442
-1.964942
-0.496484
-3.820464
-5.790664
-9.054520
-4.993539
-8.334593
-5.558596
-5.563945
-9.430599
-8.329568
-2.775881
-3.075610
-3.587584
-4.133374
-3.424926
-5.794156
-1.402858
-5.790664
-8.329568
-2.280001
-5.790664
-3.715783
-5.790664
-5.572112
-4.620615
-8.334593
-7.352947
-1.632220
-6.562195
-3.986559
-6.803546
-6.974874
-5.790664
-7.048060
-9.345136
-5.794156
-3.987323
-4.979347
-6.856830
-0.585726
-1.626751
-0.152607
-5.042615
-8.334593
-4.029003
-1.507008
-5.494348
-6.659601
-5.575497
-3.183419
-5.790664
-4.137457
-1.766718
-3.232424
-5.219642
-0.600468
-2.259803
-6.167530
-2.719776
-5.790664
-2.417133
-1.640890
-4.281345
-4.615505
-6.531850
-2.577766
-2.527210
-2.842864
-3.316734
-1.697676
-3.119660
-3.180157
-4.023992
-4.927501
-3.671353
-5.018286
-2.070888
-4.804525
-3.249985
-4.224285
-3.578407
-2.973042
-4.511522
-5.528469
-5.471235
-2.564055
-3.441555
-7.324439
-5.790664
-5.806322
-3.502694
-4.626644
-3.480973
-1.827643
-4.467726
-3.251894
-4.308319
-5.794156
-5.278929
-7.317211
-1.634572
-7.810258
-3.178244
-4.180386
-2.500480
-3.318936
-2.355213
-4.385160
-3.640129
-0.555675
-3.014743
-2.245098
-4.739257
-3.327615
-4.259955
-2.868951
-4.120924
-2.133515
-2.035622
-4.117051
-4.318614
-3.473454
-3.606936
-5.738007
-3.275197
-2.772987
-7.577635
-4.752287
-0.436700
-3.419778
-5.504492
-7.416621
-5.938588
-5.225934
-5.790664
-3.794392
0.921395
-0.509731
-4.908743
-2.427640
-3.899384
-6.247017
-8.902013
-4.172544
-1.560589
-2.617403
-5.790664
-8.667356
-8.109702
-9.157085
-5.790664
-3.193142
-6.337596
-7.231890
-5.787169
-7.335990
-5.322894
-5.790664
-5.366726
-5.790664
-5.155895
-9.413504
-4.475206
-5.790664
-5.794156
-9.402012
-5.761234
-3.143139
-9.915545
-5.790664
-8.969040
-4.128541
-5.790664
-3.351078
-8.221916
-1.693656
-3.676130
-5.555132
-5.790664
-7.514328
-4.931005
-5.790664
-3.136132
-4.367605
-9.179881
-3.320739
-3.652741
-8.329568
-8.329568
-8.329568
-10.485631
-1.975342
-4.462271
-5.790664
-7.397775
-6.165571
-0.847648
-7.086297
-8.135263
-2.233555
-7.453901
-2.561132
-7.574098
-4.770896
-11.117142
-2.421587
-4.823297
-3.859421
-5.790664
-3.438832
-5.787169
-3.944351
-5.424640
-5.790664
-1.796676
-2.678269
-5.790664
-7.671676
1.703802
-5.687766
-3.532297
-6.560974
-3.038628
-4.283298
-5.151122
-5.159714
-9.231157
-6.580142
-6.251545
-0.982086
-2.499173
-4.631660
-5.790664
-5.790664
-8.278428
-7.533092
-3.636866
-7.268002
-5.790664
-3.358038
-5.925678
-5.381683
-7.781030
-8.308928
-5.479099
-0.739242
-3.255226
-6.763825
-0.179797
-3.636879
-5.211627
-5.081990
-1.665116
-1.965027
-5.695468
-1.473433
-3.864144
-1.696225
2.959938
-6.931490
-2.198061
-4.204438
1.253734
-3.895936
-5.794156
-5.916962
-2.050890
-4.535892
-4.127488
-3.925588
-5.784698
-4.011001
-0.850945
-5.223600
-5.114936
0.668708
-4.932324
-3.999656
-6.893316
-5.242372
-2.391484
-1.646719
-7.570789
-2.626242
-3.723091
-6.313913
-4.475014
-2.211726
-3.413772
-7.304164
-4.747555
-6.306311
-4.067468
-2.145774
-4.986016
0.352844
-3.192465
-0.808473
-8.334593
-2.919888
-1.700377
-8.711046
-4.035293
-8.329568
-3.654372
-6.173616
-1.033826
-4.324607
-2.712704
-8.798091
-5.930865
-8.138305
-5.787169
-5.790664
-7.387224
-5.790664
-5.790664
-1.101171
-5.787169
-0.840903
-5.404494
-5.787169
-6.833412
-5.440970
-1.901928
-5.790664
-5.025970
-5.790664
-4.142012
-7.125352
-4.371181
-4.311355
-9.356521
-5.565346
-6.380038
-3.478441
-4.051702
-7.064759
-3.008305
-9.191277
-7.849254
-9.373620
-5.290785
-3.904779
-6.274973
-4.224624
-5.514634
-1.765785
-5.790664
-4.692615
-1.664857
-6.916052
-5.492696
-5.314203
-7.478630
-4.762699
-3.917971
-3.219105
-4.244343
-6.618573
-7.968183
-7.039100
-6.484084
-5.548445
-9.777208
-3.221480
-5.581817
-6.634820
-5.287446
-6.752003
-7.375360
-4.749420
-5.575497
-5.898873
-10.180114
-0.664378
-3.309311
-3.430181
-2.340334
-5.787169
-5.392279
-5.787169
-4.399552
-2.909871
-3.170378
-1.872706
-3.645012
-6.900105
-5.019403
-5.300809
-3.451576
-5.794156
2.639820
-4.396425
-3.991565
-3.294621
-5.636977
-6.378682
-5.790664
-3.081826
-4.063842
-2.717426
-3.357474
-2.715652
-3.948793
0.891851
-5.087420
-2.890543
-1.564856
-3.976593
-2.423228
-5.593776
-5.794156
-2.982683
-7.669165
-8.252063
-5.215919
-2.137532
-4.817693
-3.727321
-3.030054
-3.683508
-5.790664
-0.905863
-5.342308
-1.415658
-4.206533
-7.405406
-4.812246
-6.419949
-2.542773
-4.873954
-1.528817
-2.992890
-3.303719
-2.590866
-2.640075
-2.546721
-4.513032
-5.790664
-4.127188
-12.536987
-4.083920
-1.355968
-1.118360
-6.985534
-2.439150
-5.624500
-7.691479
-1.910019
-4.233377
-2.511987
-8.205313
-8.139909
-0.226185
-3.273212
-3.290796
-7.669013
-2.206871
-5.521398
0.742489
-0.489888
-0.558090
-3.933725
-2.833979
-1.537920
-6.116257
-8.138305
-2.537942
-8.329568
-8.701227
-4.327054
-4.211101
-5.790664
-5.790664
-5.790664
-5.777062
-5.790664
-5.555700
-8.615747
-4.427444
-5.790664
-5.790664
-1.918342
-6.189741
-8.858961
-2.117108
-6.008031
-6.091252
-8.329568
-8.974736
-5.186410
-6.424819
-9.413504
-9.869482
-4.228315
-5.794156
-5.493319
-4.349566
-2.777332
-4.188507
-5.585540
-6.039005
-5.790664
-5.787169
-5.790664
-5.794156
-2.608965
-7.317075
-9.402108
-7.415934
-5.930112
-5.794156
-0.823500
-2.941302
-2.450956
-5.790664
-5.809380
-5.017862
-0.878373
-5.139670
-5.605067
-9.026019
-7.094411
-7.885067
-1.396765
-4.432882
-10.570593
-2.734755
-3.952146
-3.455253
-5.178164
-7.615318
-5.790664
-9.134295
-7.487260
-5.790664
-4.145206
-7.346828
-5.771329
-10.040708
-1.598669
-2.006836
-5.319039
-0.311299
-3.418917
-2.934292
-3.261549
-5.790664
-4.898057
-3.792147
-11.469995
-5.423345
-4.407872
-3.454951
-5.849157
-5.445661
-7.345364
-9.827096
-9.236856
-7.745924
-4.012428
-0.905422
-2.534636
-4.041318
-10.356386
-9.259651
-7.433964
-5.790664
-3.524769
-4.476483
-2.037076
-4.576173
-8.387281
-5.276342
-2.252784
-4.051339
-3.566572
1.798033
-9.463668
-4.465489
-1.502968
-7.880083
-9.373620
-1.038969
-5.790664
-3.671572
-5.653352
-4.667723
0.219760
-5.689647
-3.986064
-3.710483
-5.787169
-7.340736
1.247272
-7.573859
-3.687456
-6.467096
-4.704639
-5.790664
0.651252
-4.030371
-5.200614
-2.099335
-4.988746
-2.550012
-0.748610
-3.166930
-5.790664
-5.452675
-5.899548
-6.899422
-7.514330
-4.205021
-4.019477
-7.030472
-6.172917
-3.779779
-3.012967
-7.311896
-4.070005
-3.314931
0.179709
-5.732402
-2.583322
-4.971719
-2.669942
-11.525321
-2.212192
-4.117761
-2.669150
-1.575466
-7.092592
-3.895500
-2.303709
-6.882171
-4.469157
-5.579649
-4.237676
-2.685414
-5.818092
-5.422381
-6.063964
-7.034614
-4.822886
-1.321074
-4.279624
-2.671960
-7.110172
-5.545475
-5.890824
-1.064382
-7.375360
-7.616107
-4.597371
-6.887240
-6.331834
-4.459059
-7.139827
-1.799258
-5.657694
-4.027571
-4.835474
-5.237762
-6.533663
-7.181731
-5.643467
-4.706290
-3.117757
-4.814731
-3.236334
-12.315070
-5.555205
-5.790664
-3.765078
-4.344635
-6.169442
-3.147813
-4.447399
-8.329568
-6.032051
-4.837071
-8.232919
-2.254318
-6.477276
-6.857200
-1.284289
-4.939216
-4.008312
1.204634
-3.817689
-1.964360
-2.368532
-2.688591
-7.895690
-4.795682
-5.108092
-2.235837
-7.961907
-4.704001
-5.787169
-4.425520
-4.443755
-5.790664
-8.058805
-9.835534
-5.790664
-5.790664
-4.401277
-5.288407
-5.790664
-8.051732
-5.790664
-5.790664
-8.968347
-1.997117
-0.566031
-2.323052
-8.329568
-2.527210
-8.638545
-5.790664
-5.912509
-3.282470
-5.509076
-7.231890
-5.787169
-4.050013
-5.518018
-8.736667
-3.136049
-8.035132
-9.419200
-8.329568
-5.790664
-5.790664
-8.898232
-1.419062
-7.388809
-5.790664
-5.790664
-5.787169
-0.603326
0.241782
-8.334593
-5.787169
-5.790664
-5.787169
-4.164921
-5.524778
-5.790664
-2.836519
-1.969690
-9.225466
-1.941973
-9.441998
-2.793724
-6.413273
0.142989
-2.967580
-4.301549
-7.546971
-1.520995
-8.329568
-9.031724
-3.958536
-5.787169
-8.329568
-5.790664
-6.345029
-3.267738
-4.978541
-4.883286
-5.787169
-7.232857
-5.794156
-2.485340
-3.167848
-4.833288
-9.065912
-3.250365
-5.815984
-1.726302
1.519244
-5.790664
-7.820964
-9.413504
-2.505207
-5.787169
-6.668219
-5.750088
-4.843073
-1.777116
-0.007869
-4.645415
-4.178195
-5.304626
-2.785600
-0.518508
-6.494654
-8.329568
-4.651652
-6.138418
-10.130471
-3.186330
-5.790664
-5.790664
-8.329568
-6.720123
-4.359721
-0.665695
-2.407525
-2.240860
-2.505812
-5.790664
-4.732356
-7.255926
-4.666679
-2.560309
-4.200176
-1.747147
-5.497729
-5.599164
-3.837593
-4.760505
-5.125357
-1.883500
-0.365262
-1.955758
-5.048257
-1.063856
-3.402490
-3.204574
-1.487358
-3.327615
-2.598734
-4.017848
-6.703255
-5.682363
-6.467119
-9.333820
1.471329
-5.737363
-3.455986
-8.832180
-4.130929
-1.927824
-3.573793
-5.790664
-6.168531
-7.721675
-4.280700
-4.365189
-0.401959
-4.637661
-6.549728
-9.128594
-4.359799
-5.790664
-2.740712
-4.695846
-2.523074
-8.992132
-4.738630
-3.434362
-5.824369
-3.718209
-5.790664
-4.100730
-4.894091
-1.167007
-4.168365
-7.574822
-7.630042
-7.811511
-3.004570
-6.166651
-3.238487
-5.253492
-4.870551
-11.568267
-3.689885
-1.748146
-2.469672
-7.290173
-2.273973
-1.609289
-7.239574
-5.790664
-4.535091
-5.014496
-3.347440
-5.092943
-6.293744
-3.201128
-4.952698
-6.025837
-1.241122
-3.620816
-6.440310
-3.327615
-5.585419
-9.138440
-0.734022
-4.921672
-9.003232
-5.596045
-6.998744
-3.504461
-4.290806
-5.794156
-2.447731
-3.833536
-9.588779
-3.400774
-5.254590
-9.033182
-5.568183
-2.042109
-3.980417
-4.821704
-5.147385
-2.107972
-2.623221
-2.372231
-4.225895
-6.003095
-4.910033
-7.483717
-7.640790
-3.719722
-2.550343
-9.328034
-9.345136
-5.787169
-5.790664
-3.474864
-8.741112
-3.431538
-9.259651
-9.441998
-8.329568
-4.467561
-5.790664
-5.794156
-5.794156
-9.424901
-3.549365
-2.028046
-3.269246
-8.329568
-3.306248
-5.190408
-3.255226
-2.683899
-5.747400
-5.794156
-9.054520
-5.571655
-5.794156
-8.329568
-5.687766
-7.805474
-3.381281
-5.790664
-4.692225
-0.649785
-5.790664
-3.594140
-8.334593
-5.790664
-8.038414
-5.790664
-9.396414
-1.485324
1.248287
-3.016291
-5.794156
-8.329568
-6.150943
-1.723830
-3.604645
-0.758809
-1.706534
-9.367923
-7.013075
-4.404709
-5.850027
-7.612393
-2.151037
-5.776700
-9.356521
-6.677336
-4.690147
-5.115230
-3.134188
-5.511256
-5.790664
-7.036747
-6.055787
-3.836289
-3.253467
-1.715846
-5.790664
-5.790664
-8.365973
-5.996597
-10.083378
-7.155673
-3.955810
-4.246646
-6.158343
-7.620703
-8.432793
-8.329568
-3.260742
-5.404901
-3.197604
-5.676961
-4.259896
-0.868969
-6.188750
-2.841707
-7.488235
-5.198216
-2.827550
0.591129
-7.478630
0.315024
-2.814023
-6.209691
-7.332571
-3.269809
-5.790664
-5.790664
-9.350823
-8.329568
-1.864476
-6.245922
-5.790664
-5.790664
0.407163
-2.934292
-5.159022
-4.128009
-9.003232
-8.313400
-8.256844
-2.862585
-2.550793
-4.605507
-0.452399
-5.790664
-7.045338
-4.740530
-3.300236
-4.120966
-2.209658
-3.506853
-5.193305
-5.772308
-6.644008
-2.198061
-6.583417
-3.015926
-9.407806
-3.479746
-3.604053
-5.008494
-6.898436
-7.977247
-5.903517
-5.462344
-4.367918
-4.535091
-5.296246
-7.321561
-4.956053
-4.590041
-5.294698
-5.048820
-5.794156
-6.082231
-8.391264
-4.967357
-6.960396
-6.886655
-4.696301
-1.519780
-4.209853
-8.168822
-9.232697
-1.446064
-5.388216
-7.178058
-4.075289
-1.462178
-0.753408
-1.954497
-1.574471
-3.049729
-9.998037
-5.732752
-3.338368
-5.974427
-7.128767
-9.766371
-6.192781
-4.449304
-6.740392
-9.151382
-4.006824
-2.248067
-6.776747
-5.676663
-5.704454
-5.955921
-6.259205
-3.974046
-6.484771
-9.898314
-4.996799
-3.427547
-8.329568
-4.563924
-1.416370
-4.818211
-6.278113
-4.755944
-5.954769
-7.452087
-0.860844
-4.321380
-5.689773
-4.292392
-4.109439
-4.638686
-10.529676
-3.766499
1.894292
-7.148130
-8.884750
-2.307800
-4.274438
-4.732308
-1.866035
-6.736058
-7.140630
-6.310529
-5.794156
-5.794156
-5.794156
-3.563207
-8.343737
-3.707282
-3.172319
-6.191857
-3.432762
-3.430867
-3.897724
-3.386049
-6.814781
-5.551821
-3.387381
-8.334593
-8.334593
-5.790664
-8.015603
1.722697
-5.787169
-5.369695
-5.787169
-3.438252
-4.462780
-8.329568
-3.377744
-5.790664
-8.501783
-6.438306
-9.540807
-0.826412
-5.790664
-5.822778
-7.495358
-4.575840
-5.790664
-5.790664
-5.790664
-8.334593
-5.790664
-7.942384
-4.807485
-5.239083
-6.994260
-5.416585
-7.186628
-3.404143
-6.167955
-7.298007
-5.631375
-4.646504
-5.321535
-7.178085
-5.984764
-2.804195
-4.251115
-10.406199
-9.396414
-5.790664
-1.390347
-3.039310
-4.774077
-7.488235
-5.572112
-4.041318
-8.419932
-7.244280
-5.787169
-8.236200
-6.470975
-3.390373
-3.200181
-7.397319
-9.367923
-4.047807
-8.315038
-5.794156
-6.737159
-5.726682
-5.322894
-1.416254
-9.282452
-4.808937
-5.473372
-7.409216
-6.142295
-3.983632
-5.078841
-3.498595
-7.664133
-2.497091
-13.449454
-4.620731
-3.716361
-5.790664
-8.792396
-7.250722
-5.565346
-5.208462
-1.846904
-6.366185
-7.281200
-3.019624
-2.446793
-5.217756
-5.794156
-3.641631
-3.566572
-4.105465
-4.673790
-3.996349
-6.281861
-3.489407
-7.431203
-5.412341
-7.112381
-8.058805
-5.787169
-7.854518
-7.070482
-1.344436
-9.236856
-7.780560
-8.125549
-8.170947
-7.731068
-5.790664
-2.992910
-4.190220
-5.794156
-2.225004
-5.189679
-8.044897
-5.794156
-2.557294
-4.655355
-10.273774
2.401577
0.074265
-3.166648
-1.843784
-4.214087
-7.635458
-3.815516
-5.794156
-2.347286
-1.377963
-3.416131
-7.312297
-2.944720
-4.137169
-2.635430
-4.463040
-9.365430
-5.707240
-5.897608
-9.122040
-1.039764
-4.986236
-3.364510
-8.069046
-5.790664
-4.952964
-6.881738
-4.070172
-0.164243
-3.171622
-5.794156
-7.862228
-6.868180
-4.079415
-3.992908
-6.131893
-2.373342
-3.585396
-4.003955
-5.524778
-0.773014
-3.775663
-4.458159
-3.690853
-2.358639
-5.099959
-6.565846
-0.767513
-4.351141
-5.486670
-1.908653
-4.845800
-6.305675
-5.307806
-8.329568
-4.761551
-6.381919
-7.953613
-4.079792
-5.674415
0.919446
-6.553878
-4.665504
-8.734859
-5.555205
-4.049139
-4.862949
-8.695517
-1.149903
-2.305187
-6.348645
-3.921863
-4.475770
-5.790664
-5.524778
-3.585396
-1.711122
-2.833571
-4.464289
-3.876963
-6.368312
-2.858622
-1.583844
-7.908320
-1.842117
-5.732051
-3.474213
-10.230069
-9.486686
-4.822171
-7.079656
-6.165009
-1.910037
-3.410593
-13.180273
-5.281565
-6.724858
-4.260303
-1.027807
-4.457421
-3.091758
-2.602975
-5.084892
-5.273143
-1.251120
-5.524778
-1.710752
-5.430476
-8.770081
-5.142573
-4.484439
-1.577056
-4.732174
-2.972541
-4.383746
-5.908599
-9.407806
-5.790664
-3.964758
-8.554251
-3.846523
-9.310930
-6.609574
-8.110227
-7.867425
-5.790664
-5.559311
-7.820346
-5.737103
-9.924876
-8.206626
-12.029651
-3.374030
-5.524778
-3.272457
-5.794156
-5.511256
-0.821669
-5.790664
-5.794156
-5.174950
-5.790664
-5.794156
-5.565346
-8.408923
-3.742203
-7.126642
-3.366543
-6.990365
-5.494348
-8.329568
-0.609322
-0.321405
-5.790664
-4.523554
-9.419200
-5.794156
-0.807400
-5.236057
-4.309834
-5.790664
-5.413560
-2.923097
-4.208955
-7.166835
-1.899439
-8.409582
-4.722174
-4.263384
-5.790664
-8.329568
-4.883104
-5.790664
-5.356930
-8.329568
-9.014632
-3.264448
-7.311396
-5.790664
-5.790664
-7.226122
-5.794156
-8.033497
-9.833431
-5.232170
-0.639748
-6.909079
-8.575312
-9.145687
-4.891758
-5.787169
-3.850901
-5.790664
-3.286390
-7.305410
-2.560198
-5.026875
-3.322093
-5.568739
-8.213109
-8.329568
-9.518801
-3.197741
-9.485939
-7.190458
-7.429492
-7.878922
-9.299541
-6.205108
-5.790664
-5.525523
-6.853638
-3.462785
-4.657299
-4.713641
-6.472147
-5.886209
-7.603524
-2.903479
-5.790664
-5.123841
-3.366743
-3.936490
-5.790664
-8.557596
-5.514634
-7.805693
-6.050508
-1.149318
-5.794156
-5.544225
-10.515833
-8.689785
-9.145687
-5.794156
-6.147170
-5.794156
-5.790664
-9.419200
-6.901155
-7.229166
-4.269053
-4.274438
-6.162848
-6.660294
-1.986040
-1.942190
-5.790664
-5.790664
-6.224336
-5.794156
-5.790664
-7.794023
-3.576643
-6.510614
-4.567385
-5.326108
-6.774572
-4.979216
-5.456740
-5.769668
-3.436641
-7.582655
-5.790664
-3.873483
-8.006281
-4.662638
-3.265068
-8.695962
-11.491070
-3.841727
-3.599171
-7.996083
-5.790664
-10.141170
-5.790664
-4.199081
-2.464227
-8.022862
-9.316637
-8.237737
-7.551847
-4.773200
-9.402108
-4.802618
-2.872483
-5.790664
-5.790664
-9.238500
-2.403960
-8.032496
-1.843113
-4.172406
-3.995900
-0.882853
-8.329568
-1.744760
-8.594106
-6.501076
-7.450935
-5.926813
-2.840808
-1.876070
-4.185715
-4.318245
-4.792909
-6.361491
-7.039011
-2.383959
-6.509504
-5.311865
-3.396760
-2.720933
-5.790664
-7.181680
-4.017848
-5.379188
-1.601704
-5.790664
-5.790664
-6.438635
-4.080534
-6.425170
-5.956463
-5.790664
-4.330330
-4.349540
-11.815977
-3.439220
-3.618543
-2.819780
-4.747555
-4.175437
-4.844415
-1.272588
-7.163013
-5.794156
-6.542730
-4.354430
-6.005908
-8.329568
-8.149308
-3.659016
-4.504039
-5.163528
0.169109
-4.737996
-4.568742
-1.177512
-2.670205
-2.798347
-6.499690
-5.427234
-3.327158
-5.042866
-1.139077
-7.556629
-6.085229
-4.774077
-2.409334
-6.187461
-4.160894
-4.557074
-6.614782
-4.804738
-6.252055
0.471290
-9.083010
-6.921313
-3.986865
-10.064146
-6.755638
-5.389237
-8.028059
-4.282766
-3.273709
-7.545108
-4.727116
-7.111217
-4.626674
-10.346543
-3.421627
-7.616034
-5.787169
-2.189131
-2.088236
-6.249217
-3.510173
-5.075674
-1.820778
-5.502660
-8.068226
-4.910177
-1.856071
-5.646778
-0.535479
-3.176924
0.070578
-3.471420
-8.440305
-6.430812
-7.541737
-10.372453
-7.065527
-6.473524
-4.794450
-6.152009
-1.451350
-5.790664
-5.794156
-7.456605
-2.773176
-3.751281
-0.898632
-6.340894
-7.439047
-4.117984
-0.603660
-3.221258
-3.602899
-3.202486
-5.790664
-7.330068
-6.191600
-9.062417
-5.383485
-7.478239
-5.486977
-4.997420
-2.815615
-8.329568
-5.766168
-4.146195
-4.460135
-1.922478
-1.853804
-5.790664
-7.844753
-3.777680
-5.790664
-6.284569
-2.785634
-7.379553
1.586602
-8.387501
-5.730670
-5.790664
-7.587144
-7.903332
-4.417379
-5.790664
-10.016319
-7.280694
-7.878922
-3.170539
-5.787169
-5.790664
-5.568739
-7.727477
-7.234016
-0.343081
-3.457827
-7.007719
-7.163013
-0.427879
-7.081142
-5.790664
-8.883571
-2.739528
-7.055574
-4.456223
-9.350823
-4.747555
-4.732718
-5.790664
-7.569335
-3.893141
-5.790664
-0.901567
-4.278615
-3.368812
-7.566497
-5.790664
-5.790664
-5.790664
-5.790664
-5.787169
-5.794156
-5.794156
-0.761553
-9.157085
-9.345136
-0.021093
-5.787169
-6.751944
-5.794156
-6.270431
-5.787169
-2.799810
-3.911700
-3.660679
-8.059537
-8.329568
-5.832606
-4.732718
-7.052550
-5.634999
-9.367923
-1.646976
-8.980444
-5.790664
-5.794156
-5.323075
-6.873201
-8.646632
-5.790664
-1.814713
-3.379204
-4.974683
-8.409582
-2.138439
-7.414836
-7.415246
-1.896362
-9.282452
-9.316637
-5.141016
-6.178458
-8.104255
-5.790664
-9.282452
-5.794156
-8.329568
-5.329325
-3.304391
-11.873469
-7.187056
-4.106710
-5.787169
-3.815238
-7.289398
-5.360901
-9.583473
-4.283298
-5.013862
-1.347975
-1.207762
-4.159980
-2.771071
-6.588371
-3.265342
-6.998171
-5.341586
-3.220825
-3.042085
-8.139526
-3.443631
-4.089821
-5.790664
-5.794156
-6.464643
-5.034616
-9.023164
-6.564753
-8.303465
-1.189895
-4.720931
-4.945825
-3.329718
-8.164129
-3.999967
-7.244356
-0.720765
-9.054520
-5.794156
-5.518018
-2.443798
-5.697129
-8.889270
-2.452777
-7.351712
-2.022164
-3.949010
-2.529192
-3.779598
-5.109158
-7.712945
-5.615496
-0.068337
-6.924672
-9.310930
-4.594527
-5.790664
-3.849123
-8.804377
-5.219616
-8.501575
-5.787169
-5.562556
-4.818559
-9.076004
-5.794156
-2.689497
1.387559
-0.689605
-3.335520
-5.558596
-4.612880
-3.344928
-6.640043
-5.880009
3.706055
-7.227965
-4.233765
-4.443085
-0.578111
-5.565346
-8.635375
-5.790664
-3.886766
-7.830105
-3.273212
-9.246002
-2.842133
-7.529473
-7.986648
-1.403299
-3.260742
-8.398035
-6.392207
-5.790664
-6.940457
-5.794156
-6.160102
-5.609307
1.179030
-7.153324
-5.790664
1.374583
-7.281200
-6.045869
-8.230652
-4.073959
-6.093345
-2.904631
-7.190777
-4.477872
-8.151246
-8.909620
-5.794156
-5.794156
-5.813705
-5.633318
-5.994587
-5.790664
-2.608361
-10.796764
-2.171149
-3.341808
-5.457360
-7.062622
-1.875042
-3.557923
-5.718395
-3.387505
-6.911184
-7.347099
-7.792035
-9.851722
-5.034426
-4.411135
-7.330158
-6.693869
-6.051170
-6.357347
-9.613384
-6.206325
-7.523191
-7.272239
-9.184579
-1.566687
-7.908723
-8.501102
-7.025646
-8.750125
-0.560669
-5.790664
-0.645534
-4.636124
-8.022066
-6.470390
-3.979771
-3.540610
-7.366349
-1.886809
-4.620168
-7.058280
-4.758085
-9.373620
-5.226408
-9.424901
-0.524763
-8.389876
-5.790664
-5.419429
-5.679939
-5.790664
-5.113837
-7.878922
-5.497729
-6.823340
-6.891134
-4.016532
-3.780741
-9.402108
-1.008899
-7.221278
-2.665884
-7.883807
-7.013537
-9.592033
-1.317395
0.235446
-5.008801
-10.385663
-9.163776
-5.790664
-4.788997
0.334349
-2.832924
-7.468011
-10.583993
-4.595568
-2.883627
-8.432793
-8.750125
-6.444214
-8.197899
-4.253397
-4.522477
-2.682932
-4.299479
-3.043900
-7.879552
-10.173472
-2.083214
-6.346382
-1.888567
-7.825111
-2.539513
-7.930092
-6.673558
-5.702117
-4.453404
-1.827447
-6.451023
-3.694248
-6.838385
-8.229156
-7.789026
-8.329568
-5.572112
-3.936904
-4.732285
-5.787169
-4.487731
-3.341170
-2.644954
-5.794156
-6.047917
-5.432446
-6.521053
-7.478743
-3.280980
-8.022615
-4.896457
-2.682879
-1.384887
-2.939191
-5.774865
-7.294551
-9.248256
-1.933236
-7.384293
-7.572695
-3.789845
-9.316637
-5.790664
-5.790664
-9.328034
-5.790664
-3.377125
-6.614040
-3.352192
-5.790664
-5.790664
-8.283083
-9.339433
-7.424970
-5.790664
-5.790664
-5.790664
-7.183695
-9.088715
-5.953373
-5.790664
-5.731974
-5.328094
-5.790664
-5.699913
-5.187815
-5.996597
-6.367796
-4.075397
-5.829634
-5.790664
-5.794156
-1.829361
-5.235233
-9.168486
-5.438124
-3.397911
-3.312707
-5.326108
-9.991936
-5.794156
-8.334593
-5.790664
-5.900077
-6.940457
-8.957644
-3.624768
-8.057948
-6.793130
-5.219972
-5.790664
-7.611367
-5.790664
-7.215023
-5.440742
-4.207812
-1.725797
-9.345136
-5.538300
-5.097773
-7.039100
-5.545067
-5.790664
-3.430179
-5.794156
-7.361470
-2.582935
-7.124281
-5.790664
-9.396414
-4.071185
-7.518244
-7.228221
-5.790664
-8.323003
-0.887569
-8.329568
-7.335004
-8.329568
-8.329568
-9.436294
-5.790664
-6.769300
-8.648742
-5.787169
-7.100316
-5.790664
-4.227503
-4.008482
-12.086869
-5.790664
-5.623119
-4.188118
-3.262521
-5.129928
4.037572
-4.856491
-3.866814
-1.797192
-9.362223
-4.157630
-5.794156
-5.826097
-5.790664
-7.927736
-0.603326
-8.329568
-2.800262
-1.783106
-7.119869
-4.641158
-8.283083
-6.208956
-4.842805
-5.790664
-3.020495
-8.152575
-2.640249
-2.116471
-3.408304
-6.480447
-5.593892
1.113715
-5.494348
-2.635848
-4.276587
-10.204527
-2.140706
-8.334593
-7.489163
-5.548134
-5.790664
-8.769600
-7.119825
-7.757883
-5.644064
-6.855280
-5.790664
-2.305521
-6.651801
-6.128041
-8.877869
-4.299625
-6.235850
0.596463
-3.255309
-5.790664
-7.122273
-7.127994
-7.728709
-8.334593
-7.056233
-4.832373
-4.338409
-8.334593
-7.526712
-7.236371
-5.316455
-6.313951
-8.014069
-3.252340
-0.085588
-5.790664
-5.790664
-9.145687
-7.539898
-4.857307
-7.204988
-4.883236
-2.290748
-5.556899
-6.972554
-3.097046
-7.399455
-9.065912
0.330026
-0.744070
-3.615769
-5.002732
-5.794156
-6.039964
1.441037
-5.790664
-8.620952
-3.379204
-6.696281
-5.790664
-3.593971
-3.163317
-5.790664
-1.963238
-7.804910
-1.763641
-9.276750
-4.538591
-2.836402
-5.787169
-7.275723
-2.851743
-5.790664
-3.883778
-6.845680
-6.595222
-5.459199
-9.684744
-4.275146
-3.913446
-4.635262
-0.037806
-6.345901
-7.236123
-6.510045
-5.447674
-7.537205
-3.961157
-7.267750
-2.219058
-6.676525
-7.461118
-8.333365
-5.790664
-1.577126
-7.783453
-5.794156
-1.522059
-7.229305
0.411851
-7.839864
-6.759764
-1.724726
-2.620396
-6.777852
0.407547
-5.794156
-5.790664
-5.347091
-9.590692
-6.337941
-9.151382
-4.467738
-3.674115
-4.945359
-6.302968
-7.298480
-5.790664
-6.825051
-4.360187
-5.057182
-12.401086
-4.621737
-4.262602
-1.838451
-1.816925
-5.790664
-4.233765
-5.111329
-9.663401
-9.168486
-0.802142
-5.790664
-5.514034
-4.412122
-5.359101
-8.283872
-7.481200
-1.601796
-7.156005
-4.349540
-2.938942
-5.314740
-4.031287
-6.234524
-5.790664
-3.208181
-2.353262
-4.663615
-5.790664
-7.472053
-3.448796
-8.628912
-4.094203
-3.246586
-4.637422
-5.787169
-8.860776
-1.589917
-7.463995
-8.334593
-6.595609
-4.607571
-9.371130
-9.065912
-6.193089
-11.402306
-7.483505
-3.300439
-1.338687
-3.685348
-3.880992
-4.866313
-7.201476
-5.045470
-8.912066
-6.340568
-8.186230
-4.594441
-2.978501
-6.810685
-7.341949
-4.174524
-6.063435
-7.246815
-0.133319
-2.675964
-6.263702
-7.086269
-1.779508
-3.342227
-2.982478
-5.487680
-4.920605
-8.491595
-4.785612
-4.592746
-6.428975
-4.451518
-5.402441
-4.210098
-4.479966
-3.210411
-7.461484
-3.204001
-2.568775
-9.065912
-2.730236
-1.407053
0.522292
-9.834503
-7.148161
-5.790664
-3.792602
-5.787169
-8.746187
-4.797645
-6.178458
-9.402108
-3.555340
-4.872674
-6.287020
-2.730042
-4.478005
-4.022565
-5.539350
-3.964518
-12.432090
-7.375360
-8.894965
-5.790664
0.703126
-5.324689
-8.209246
-1.783562
-4.566254
-6.615074
-9.420882
-9.307979
-5.790664
-8.283085
-4.679111
-5.790664
-4.265144
-7.105620
-6.216635
-3.591768
-5.787169
-5.658459
-9.451231
-5.790664
-2.177059
-10.046124
-5.790664
-7.656824
-7.849638
-4.645429
-11.020008
-2.449702
-9.060217
-5.747400
-8.329568
-4.774076
-5.776984
-7.551831
-7.703182
-6.434145
-5.794156
-1.730363
-4.297631
-2.712384
-6.515101
-0.239677
-6.464873
-1.947628
-3.441112
-2.686542
-3.309979
-7.722713
-5.555205
-7.940979
-5.528095
-4.891758
-2.180570
-0.718457
-5.178389
-5.555205
-8.958778
-7.952153
-8.012929
-5.403715
-5.892658
-5.787169
-3.477499
-4.283832
-9.105798
-4.495599
-7.498446
-5.790664
-4.000017
-1.718662
-7.600671
-5.266733
-3.897402
-8.329568
-5.787169
-7.402256
-5.561973
-6.762419
-9.356521
-4.521218
-8.792396
-5.572112
-5.790664
-4.555987
-1.423893
-5.240610
-5.511256
-7.187056
-5.794156
-5.790664
-9.162790
-9.350823
-5.790664
-5.790664
-7.249822
-5.790664
-5.460985
-2.526218
-6.970942
-8.570170
-8.837982
-6.587223
-5.635054
-7.016683
-5.790664
-5.790664
-4.742659
-9.436294
-8.418965
-5.375034
-11.749907
-3.414532
-9.396414
-5.790664
-2.997109
-5.790664
-6.215956
-7.326036
-5.541685
-7.363022
-9.390713
-5.790664
-6.239687
-3.339718
-5.696424
-8.329568
-4.670835
-5.790664
-5.790664
-5.794156
-7.370880
-8.346095
-5.506551
-7.805693
-6.824025
-4.313219
-5.102103
-5.790664
-5.790664
-5.790664
-5.678967
-5.794156
-6.547962
-9.430599
-4.786903
-10.017832
-6.716089
-5.650783
-5.790664
-7.483717
-6.402438
-3.087414
-3.331416
-5.794156
-5.615014
-9.362223
-6.399531
-5.790664
-9.296509
-7.231455
-8.531421
-9.236856
-4.820891
-7.112742
-5.558596
-7.483717
-6.486941
-7.389556
-5.006989
-5.790664
-9.441998
-8.297748
-9.684744
-8.329568
-5.787169
-3.220421
-7.532864
-3.377125
-4.952999
-4.904482
-5.790664
-0.306845
-4.599764
-8.329568
-9.208373
-5.790664
-8.099752
-3.314546
-7.470159
-7.066002
-7.519053
-5.942979
-7.249822
-5.790664
-3.904601
-5.714196
-5.790664
-5.658021
-7.625076
-6.440459
-5.794156
-5.787169
-3.424926
-2.397825
-3.377125
-1.070114
-5.790664
-4.144907
-1.634913
-9.708868
-8.199032
-7.507919
-5.794156
-5.794156
-5.453571
-2.624907
-5.255348
-8.341887
-7.555522
-5.790664
-5.440760
-7.654206
-6.882171
-5.790664
-7.434011
-7.122414
-2.908080
-1.609551
-5.790664
-4.017222
-9.191277
-0.748718
-8.329568
-7.703182
-3.530212
-6.201266
-8.360066
-3.604530
-5.599926
-5.236057
-7.150906
-2.880106
-9.373620
-4.296962
-4.494811
-9.413504
-7.854802
-8.777306
-7.910976
-9.225466
-3.525918
-8.329568
-2.959830
-8.334593
-8.246173
-8.673794
-5.787169
-9.259651
-4.367918
-7.758742
-3.770817
-3.762306
-5.705396
-4.288282
-3.373731
-3.318936
-0.475176
-7.090274
-7.208345
-4.201483
-7.025715
-3.026464
-4.944715
-5.790664
-8.079189
-4.984598
-3.528220
-8.090381
-7.750096
-4.716784
-3.340184
-2.895149
1.271761
-5.849980
-6.402438
-7.958342
-3.131501
-5.794156
-3.837676
-8.571196
-8.798091
-2.791396
-2.763137
-0.755950
-3.591301
-7.465635
-3.620392
-8.329568
-6.110695
-5.790664
-5.790664
-2.459209
-5.790664
-5.000870
-5.790664
-4.209282
-7.275840
-6.570942
-7.795156
-7.048060
-5.787169
-5.056939
-2.325430
-6.830677
-6.993802
-6.998480
-3.745959
-7.722713
-5.167341
-8.257598
-7.232527
-5.357329
-6.918041
-6.810685
-3.319805
0.146082
-5.312253
-2.626039
-7.281200
-0.603723
-8.190255
-4.707264
-5.794156
-3.501608
-3.196924
-4.652766
-3.863982
-7.137734
-6.201266
-8.303607
-5.192781
-0.316113
-3.725719
-3.151491
-3.041790
-4.343288
-5.700378
-5.933931
-3.630332
-8.946253
0.478647
-3.711811
-4.277716
-8.594279
-3.132506
-6.107708
-5.794156
-6.264927
-8.045955
-9.034940
-4.674720
-9.577740
-5.790664
-8.588511
-8.329568
-3.156134
-8.131145
-6.610550
-5.833337
-3.478985
-7.386618
-3.687354
-7.461118
-5.179280
-6.572701
-7.159677
-3.624539
-9.432576
-9.054520
-0.784733
-5.558596
-8.456264
-4.362670
-5.349516
-3.299336
-7.976551
-9.185576
-8.957635
-2.552750
-6.366572
-4.318245
-9.031724
-6.738700
-5.906130
-3.692687
-5.794156
-8.267789
-2.759764
-5.915154
-6.881344
-3.233727
-5.393112
-6.230936
-1.528817
-3.204863
-4.149356
-8.000966
-5.762501
-5.490963
-4.353154
-5.794156
-5.646368
-3.398900
-1.893681
-6.725251
-7.869156
-7.378891
-8.824243
-2.823316
-2.252038
-7.484100
-5.561973
-4.102909
-4.308869
-4.669574
-8.294755
-7.483505
-8.242308
-5.069334
-5.582258
-8.409086
-6.765598
-6.841810
-10.781559
-3.140863
-7.854518
-4.102063
-4.017848
-7.337059
-7.868177
-10.062984
-4.346944
-9.085806
-7.231171
-8.267789
0.138556
-7.981438
-3.211369
-9.050059
-9.196973
-4.908395
-4.246280
-3.220421
-2.432626
-6.748987
-4.214989
-6.911610
-9.419200
-7.397856
-11.484456
-3.310623
-1.789099
-6.482124
-7.483717
-6.886147
-4.208237
-6.366597
-8.757874
-4.346581
-6.653516
-5.980239
-5.813705
-2.971331
-8.860776
-1.881111
-4.821787
-8.632851
-8.139526
-7.830105
-3.386049
-6.075168
-6.640043
-5.564712
-5.734180
-9.672689
-7.249822
-6.877524
-8.234891
-3.089193
-7.088767
-9.333734
-6.055948
-9.952847
-9.430599
-8.254592
-8.515705
-6.098527
-4.503760
-9.449355
-3.938552
-6.501076
-5.696051
-1.759953
-5.790664
-7.399455
-4.186406
-12.949547
-4.242280
-8.934852
-6.514380
-4.798037
-5.794156
-2.883270
-3.237155
-5.794156
-5.794156
-7.661775
-8.262102
-5.545067
-3.552574
-3.267895
-5.775049
-5.859199
-8.576966
-3.591038
-8.353640
-4.254059
-1.990656
-4.860517
-9.219764
-3.002350
-4.269710
-7.622183
-5.558596
-6.456737
-4.334688
-3.879370
-7.387550
-3.051005
-8.696582
-5.841441
-4.418715
-4.010942
-6.533690
-7.577635
-4.167547
-3.993721
-6.856735
-8.474365
-8.126030
-7.353724
-5.623331
-2.892488
-8.515339
-3.576643
-3.974567
-4.392134
-6.307401
-5.964763
-6.818941
-7.723268
-5.794156
-5.787169
-5.790664
-7.070482
-9.441998
-6.454082
-9.236856
-9.054471
-5.790664
-5.790664
-5.790664
-5.787169
-5.790664
-5.790664
-7.393293
-9.331368
-3.379204
-12.029651
-5.790664
-8.806934
-5.790664
-11.861103
-0.617327
-5.790664
-5.946748
-5.790664
-5.790664
-5.790664
-7.723343
-3.530560
-5.706889
-5.790664
-8.582988
-5.794156
-3.515390
-8.099704
-3.554764
-5.790664
-3.289065
-4.723877
-4.973458
-5.790664
-7.387550
-5.787169
-5.748785
-8.889270
-6.174527
-5.572112
1.935508
-9.322335
-8.732808
-7.878922
-3.602899
-5.572112
-5.790664
-9.226120
-8.334593
-8.011732
-8.000966
-9.419200
-5.790664
-5.787169
-5.790664
-5.790664
-5.451389
-8.262690
-4.095429
-6.193586
-4.859954
-5.794156
-9.882195
-7.483717
-4.764529
-4.760549
-5.158716
-5.787169
-9.054520
-9.157085
-5.746539
-9.424901
-7.429492
-5.790664
-5.832606
-5.528158
-1.823290
-5.332128
-9.111498
-8.033318
-5.787169
-5.638966
-4.298928
-4.122822
-5.326108
-8.194010
-5.509434
-8.691320
-8.005852
-3.425083
-9.778590
-6.294723
-7.180843
-2.456263
-5.509217
-6.245271
-7.303628
-8.006281
-1.883377
-5.794156
-5.575497
-5.790664
-2.822432
-5.523098
-2.037406
-6.230954
-4.858005
-11.921266
-2.997931
-5.403858
-8.329568
-7.637029
-10.167897
-3.822198
-5.514376
-3.565243
-4.449680
-5.790664
-11.808451
-3.435866
-5.790664
-6.444975
-5.326108
-5.790664
-9.973645
-8.040019
-5.790664
-0.794391
-9.031724
-9.229084
-6.599715
-5.794156
-5.794156
-7.370736
-5.531543
-5.790664
-7.761766
-8.329568
-5.790664
-8.055277
-7.948614
-3.356343
-5.386945
-7.007719
-5.790664
-9.100099
-5.252000
-5.787169
-5.790664
-5.794156
-9.906583
-8.773206
-0.889031
-5.787169
-5.790664
-5.787169
-5.497729
-1.811339
-7.737354
-7.379663
-6.850740
-8.533698
-8.202228
-5.790664
-1.451685
-5.679203
-6.591691
-1.693983
-7.111846
-4.952257
-4.673476
-5.767914
-4.375100
-3.042116
-7.155890
-7.933444
-3.144025
-8.077046
-8.329568
-4.201362
-3.366430
-3.474640
-6.262747
-5.487585
-7.522570
-3.399992
-3.335821
0.291315
-3.218422
-5.790664
-0.610930
-1.627806
-5.565346
-4.232424
-4.446480
-9.322335
-6.420622
-4.152771
-5.533439
0.074318
-6.799734
-7.460055
-4.780437
-8.353360
-5.790664
-2.069829
-8.309256
-7.136920
-7.522570
-7.922858
-5.348958
-7.815462
-4.407745
-4.011938
-2.766503
-5.460505
-3.456773
-8.846126
-3.408304
-4.200381
-5.790664
-4.415304
-3.560089
-4.766988
-7.649325
-3.341808
-6.698304
-5.744683
-7.012783
-11.665545
-0.715626
-4.250681
-5.787169
-5.709061
-5.790664
-8.395059
-5.790664
-5.030158
-4.687677
-9.122400
-7.251461
-4.420045
-5.794156
-5.790664
-5.790664
-4.982234
-8.272887
-9.316637
-1.983221
-3.436275
-2.715712
-9.100099
-5.459199
-1.950740
-8.329568
-5.794156
-4.265911
-5.790664
-2.734671
-3.316584
-1.795092
-9.572029
-8.969040
-5.905954
-7.623265
-1.239573
-5.790664
-5.794156
-2.305003
-4.720197
-5.790664
-4.076196
-0.622465
-1.341827
-7.079448
-8.147593
-4.104151
-5.790664
-0.733060
-5.794156
-5.535500
-5.790664
-5.504492
-7.909861
-6.887841
-7.982805
-3.461867
-5.882025
-4.443418
-5.790664
-3.639333
-5.213166
-9.225466
-1.874333
-7.563744
-1.332961
-4.665940
-3.238728
-5.794156
-5.701484
-7.810717
-7.208060
-8.329568
-7.213956
-9.259651
-4.450246
-6.980811
-3.404143
-3.874769
-6.918041
-5.790664
-8.858012
-4.273817
-5.790664
-5.790664
-9.469792
-4.234952
-9.356521
-6.228045
-3.849574
-5.056859
-10.527442
-5.538300
-1.913559
-3.350111
-9.093278
-8.334593
-4.971283
-4.321379
-4.208732
-5.794156
-8.604359
-4.789439
-4.758299
-7.622183
-5.794156
-9.293839
-8.345617
-7.766806
-8.741112
-2.263713
-8.490694
-3.189541
-5.887009
-6.197198
-4.071043
-1.679787
-5.118544
-9.077308
-4.169290
-7.420047
-7.821230
-5.130072
-6.089709
-5.790664
-2.311368
-5.790664
-5.818858
-3.526331
-9.305241
-4.415858
-5.790664
-9.549650
-8.934178
-6.635244
-3.317109
-3.970814
-7.693424
-5.555205
-4.080761
-9.139258
-7.081142
-8.058805
-7.025715
-4.077515
-4.936283
-3.277377
-3.311693
-7.800427
-5.790664
-6.669336
-8.362203
-4.451605
-5.790664
-6.863350
-3.156373
-3.254959
-3.999081
-5.479029
-6.692198
-4.139419
-3.902710
-3.294471
-9.477326
-7.981438
-8.329568
-6.265663
-3.348032
-8.715496
-4.098849
-5.245701
-7.326259
-3.077168
-0.615728
-7.080304
-9.363052
-7.228221
-6.127360
-3.410378
-4.810678
-7.325216
-7.731068
-10.394355
-2.577316
-7.779584
-7.800427
-7.470159
-7.476673
-7.191534
-3.436641
-7.755542
-9.603763
-5.790664
-3.111724
-6.375841
-3.416621
-9.483792
-7.420660
-6.220140
-3.294471
-6.056521
-2.408403
-0.792830
-0.837806
-4.114697
-5.529625
-3.377125
-6.186314
-5.155655
-7.227400
-4.696344
-2.658616
-7.213956
-7.173593
-8.608416
-9.179881
-6.276712
-7.873384
-9.249515
-1.717202
-7.222918
-9.105798
-3.434021
-3.265247
-10.456554
-6.591691
-6.448837
-5.004614
-5.113738
-3.239177
-11.277639
-3.865510
-5.671986
-8.552282
-0.504740
-4.343288
-3.239177
-5.944125
-4.923689
-9.339433
-7.882912
-8.582736
-6.583546
-2.076592
-7.701209
-5.991296
-8.277979
-6.129407
-3.218778
-8.048153
-6.574385
-7.602423
-4.820384
-7.369754
-7.760765
-5.790664
-6.018753
-7.991199
-5.790664
-2.395690
-6.590425
-4.732728
-4.945825
-6.960804
-9.191277
-0.682016
-5.762399
-3.367374
-4.485196
-5.438104
-4.815423
-5.555428
-7.293912
-9.356521
-7.561624
-2.727245
-8.339618
-3.368812
-9.273197
-8.083550
-4.996716
-8.289313
-6.916456
-1.738830
-0.687221
-5.241228
-8.864748
-5.568739
-7.776404
-1.694109
-3.746500
-7.800364
-7.095719
-7.646827
-6.803990
-3.194244
-3.347564
-5.329325
-5.248922
-6.980811
-1.868695
-3.420706
-3.884109
-8.667039
-8.415292
-7.577635
-7.966793
-5.082592
-3.493515
-3.445708
-5.007930
-5.896459
-4.630484
0.649499
-1.887612
-5.154641
-5.232839
-5.938708
-7.923482
-9.396414
-7.332860
-5.790664
-7.016683
-9.339433
-5.260617
-2.400729
-8.877869
-3.415589
-8.037935
-4.450879
-5.794156
-8.795312
-2.401553
-9.413504
-5.790664
-9.031724
-2.805187
-6.710176
-5.794156
-8.237208
-7.405406
-9.322335
-8.334593
-9.961446
-5.467299
-5.565346
-8.005852
-5.790664
-8.329568
-8.257598
-7.983132
-5.790664
-5.226408
-5.790664
-8.329568
-5.790664
-5.790664
-9.882195
-5.794156
-9.134295
-6.235880
-7.173593
-3.363145
-6.193586
-5.748785
-5.790664
-8.962867
-7.281200
-4.905816
-9.424901
-5.794156
-5.528158
-5.787169
-8.207669
-1.853634
-9.356521
-5.514634
-5.790664
-5.790664
-6.774094
-5.776984
-9.447696
-9.117189
-11.585955
-5.955747
-2.886241
-6.737159
-5.794156
-5.790664
-2.672096
-5.568739
-3.377374
-5.794156
-5.873697
-8.113360
-5.790664
-5.787169
-5.790664
-5.790664
-8.334593
-6.323548
-6.587939
-1.816491
-5.790664
-7.542993
-4.653209
-7.366224
-7.359857
-5.831958
-4.999896
-5.790664
-5.790664
-5.540436
-8.298373
-5.787169
-5.778832
-8.334593
-5.903337
-5.794156
-5.787169
-4.860616
-7.783275
-5.790664
-5.326108
-2.015651
-7.557841
-7.285812
-8.436554
-5.787169
-9.242560
-9.248256
-7.196018
-5.794156
-5.790664
-9.253953
-5.790664
-9.170989
-9.339433
-7.478649
-5.561973
-4.538298
-8.334593
-5.794156
-5.790664
-5.794156
-5.790664
-5.790664
-5.718035
-5.568739
-7.857745
-5.790664
-5.790664
-9.362223
-5.787169
-1.704025
-7.393335
-5.790664
-7.012199
-5.787169
-5.790664
-4.131862
-5.790664
-5.790664
-9.242560
-2.583966
-6.241492
-3.366743
-5.787169
-5.592400
-5.790664
-5.790664
-5.790664
-7.765718
-7.345206
-1.167557
-3.506842
-5.790664
-5.790664
-8.334593
-9.322335
-7.330524
-8.940553
-8.256655
-3.256277
-7.287252
-2.401976
-3.416053
-7.127018
-5.565346
-7.792525
-0.785202
-8.763906
-8.319444
-4.412122
-8.360066
-5.558596
-5.555205
-7.527450
-7.370880
-11.908710
-2.386142
-7.532327
-5.501108
-5.794156
-7.795931
-5.582258
-6.208956
-7.232857
-9.350823
-6.837340
-5.555205
-5.794156
-3.009092
-5.794156
-7.527314
-4.294187
-5.790664
-7.192731
-7.179956
-5.790664
-5.790664
-5.790664
-8.005852
-8.969040
-8.900663
-5.790664
-4.850776
-5.794156
-5.787169
-4.378127
-5.790664
-8.581566
-5.790664
-5.670222
-9.039614
-9.276750
-5.271780
-7.620197
-6.585556
-9.282452
-9.311830
-3.312707
-11.914575
-5.790664
-7.552877
-6.701864
-7.481387
-10.043885
0.155336
-5.790664
-3.056479
-5.584252
-4.401287
-1.727948
-1.769925
-8.175010
-7.068797
-6.855280
-7.278490
-6.955503
-4.416534
-7.712945
-4.027571
-6.837016
-5.790664
-4.192153
-3.343883
-7.769171
-5.794156
-1.916909
-7.581574
-3.250194
-5.787169
-0.666196
-4.826500
-9.265352
-9.179881
-8.479045
-5.794156
-5.790664
-8.334593
-1.887019
-6.281953
-1.422594
-7.166708
-7.678779
-9.460650
-9.322335
-5.790664
-6.162848
-3.397911
-6.850794
-5.790664
-6.323883
-6.601897
-5.794156
-9.479839
-7.030128
-9.083010
-7.088417
-5.790664
-4.174524
-8.553876
-5.790664
-3.278462
-8.940553
-8.809489
-9.522873
-8.478843
-5.790664
-4.676625
-5.790664
-6.278480
-3.131069
-7.357187
-7.231890
-5.165291
-6.507624
-9.441998
-7.209475
-5.210320
-1.982901
-4.430905
-6.922520
-7.528144
-9.464773
-4.258798
-5.904692
-5.015037
-7.420445
-5.511256
-7.461118
-7.483505
-5.787169
-7.183695
-8.540707
-8.311085
-4.159651
-5.790664
-6.077301
-9.288936
-8.889270
-4.280960
-4.780437
-2.779988
-8.426902
-5.638445
-6.958392
-5.787169
-9.792950
-9.225466
-5.790664
-7.290267
-9.105798
-6.555946
-6.828458
-5.501108
-9.065912
-5.790664
-7.810854
-5.834347
-3.381787
-7.761766
-7.888692
-0.542849
-5.548445
-4.941864
-3.277534
-7.517681
-7.294551
-3.204405
-5.930447
-7.191534
-5.794156
-4.064906
-7.743427
-7.400525
-8.232253
-5.794156
-7.566613
-2.620396
-5.342768
-3.583326
-6.803990
-5.852023
-5.790664
-5.606356
-6.850794
-5.787169
-7.556756
-5.086057
-9.276750
0.233961
-11.396676
-8.062930
-2.802247
-3.294471
-9.043118
-1.411102
-5.530284
-5.790664
-5.790664
-3.983155
-6.984295
-5.790664
-6.966534
-4.982821
-4.074157
-4.461144
-5.268324
-6.821961
-9.208373
-7.896479
-3.337637
-5.077853
-5.790664
-5.779649
-5.146981
-3.080309
-3.333505
-3.457892
-8.680861
-9.722956
-9.316637
-4.341512
-7.961907
-4.844042
-4.524778
-8.003648
-6.792504
-5.548177
-4.879035
-6.218518
-4.882217
-2.574325
-7.703182
-0.742480
-3.289843
-5.794156
-3.267296
-2.936702
-5.812984
-7.331851
-8.334593
-8.496157
-7.602384
-7.043234
-8.709885
-5.471492
-6.604198
-6.284675
-8.923458
-7.844753
-6.828370
-7.605703
-6.713764
-7.832122
-2.565964
-8.329568
-1.875558
-6.214245
-5.708127
-4.857282
-0.796430
-8.045955
0.071324
-4.419688
-3.456898
-10.205088
-1.793082
-6.960978
-5.790664
-5.790664
-7.888692
-3.210411
-9.293839
-2.137945
-8.884743
-5.312387
-6.198111
-7.294658
-2.415770
-4.174310
-4.840174
-3.754003
-6.405290
-6.940457
-6.200305
-9.015823
-0.662538
-7.016683
-5.177878
-8.311272
-3.418222
-8.761343
0.960739
0.436317
-5.787169
-5.696051
-7.815462
-4.275887
-7.219134
-4.648185
-4.455546
-4.964610
-7.776404
-8.329568
-5.164898
-4.954641
-3.761024
-3.215024
-8.415358
-7.048060
-4.916537
-7.892769
-4.271588
-3.397911
-1.017117
-3.349214
-5.725534
-0.647669
-2.988441
-2.588584
-5.817978
-7.907752
-8.726564
-7.763699
-8.135263
-8.991834
-6.793536
-4.230528
-5.790664
-5.790664
-3.841606
-7.542993
-8.224003
-10.083378
-3.480701
-2.327952
-5.545067
-5.794156
-5.555764
-2.992412
-10.205088
-9.413504
-6.547260
-7.503030
-5.046025
-9.741384
-8.387281
-4.466740
-5.322894
-1.452402
-10.105888
-6.792504
-5.595975
-8.776062
-5.442218
-3.377125
-5.818716
-7.929420
-8.724018
-3.321253
-6.243533
-9.020326
-9.316637
-4.773383
-1.318577
-7.551847
-0.715429
-4.315248
-7.512796
-3.102326
-4.641426
-4.691108
-3.318731
-3.483503
-5.371101
-5.804673
-3.290473
-6.242047
-5.484159
-3.085350
-8.837727
-3.102520
-4.468780
-6.193586
-5.752370
-9.413504
-4.288745
-4.697984
-7.468870
-9.316637
-5.464499
-8.224003
-4.789981
-5.322894
-6.799734
-3.648183
-3.416621
-3.193334
-5.480819
-6.237892
-6.998744
-4.022405
-9.385017
-3.274458
-6.569049
-6.882171
-4.152156
-7.526601
-9.100099
-5.497729
-5.632384
-7.385348
-5.369571
-9.277850
-4.439641
-6.962872
-6.044439
-3.511010
-1.857388
-9.280087
-4.342823
-9.293839
-8.331917
-11.850698
-5.521398
-5.476806
-5.981625
-5.094538
-4.637980
-2.962040
-7.639383
-12.853412
-6.740140
-7.726349
-3.210756
-3.836635
-6.133930
-6.819410
-3.352192
-4.451128
-7.181739
-6.918041
-5.647553
-2.445237
-4.392457
-9.063668
-4.575153
-5.328696
-1.933563
-4.812246
-7.065209
-9.793981
-5.790664
-7.711272
-7.678779
-7.151195
-5.790664
-3.749254
-6.757043
-7.957031
-3.010756
-9.441998
-2.691114
-7.224790
-6.167334
-5.316455
-8.441708
-8.329568
-2.940597
-8.011732
-4.202209
-4.331694
-3.558938
-6.868725
-2.417399
-4.968086
-2.239999
-4.109439
-7.298436
-3.424518
-3.877192
-2.967711
-2.337665
-7.632083
-7.097747
-6.808925
-8.663544
-5.364482
-7.202698
-7.839619
-4.828146
-7.721174
-3.146359
-7.654367
-7.770668
-4.904482
-5.790664
-5.790664
-2.911387
-3.063946
-7.988010
-7.007719
-5.790664
-5.541685
-3.661868
-5.790664
-5.603998
-3.441555
-8.604605
-5.790664
-4.024145
-6.060731
-6.914110
-3.352192
-1.738766
-5.790664
-5.820578
-5.790664
-7.952153
-6.941484
-3.471089
-2.916514
-7.248724
-3.836711
-4.246280
-7.453160
-8.662345
-8.787705
-5.547330
-6.316481
-0.777339
-9.350823
-3.647181
-8.334593
-5.790664
-3.377125
-4.524728
-4.882067
-2.643896
-7.581574
-6.859758
-7.003171
-8.087828
-5.438104
-7.479198
-5.790664
-4.942651
-2.663664
-6.543552
-5.100252
-2.501376
-11.734289
-13.660954
-9.436294
-5.904047
-8.158092
-2.650187
-7.479198
-6.756331
-3.919285
-9.020326
-6.639405
-4.204943
-7.384293
-6.039161
-3.366743
-7.531986
-9.077308
-7.434693
-6.330985
-3.814720
-4.610006
-7.976551
-9.299541
-3.095734
-0.627330
-2.478338
-8.334593
-5.787169
-2.077388
-6.430826
-9.008932
-6.935968
-5.575497
-5.579246
-3.473200
-3.363607
-5.790664
-5.794156
-3.908047
-5.790664
-3.086444
-3.362577
-5.741800
-5.790664
-3.394892
-5.790664
-6.461211
-3.374923
-10.043885
-7.178085
-5.794156
-9.717601
-8.329568
-5.963338
-5.790664
-8.962867
-5.794156
-1.913028
-8.329568
-8.625688
-6.224328
-9.424901
-5.794156
-7.148595
-5.790664
-5.794156
-5.790664
-3.976195
-8.003170
-3.367374
-6.687428
-4.698565
-5.794156
-5.329325
-5.790664
-5.790664
-5.790664
-5.787169
-3.350111
-5.790664
-6.182391
-10.186488
-5.794156
-5.790664
-5.028526
-3.250434
-7.483717
-5.794156
-1.922925
-3.308532
-9.050570
-5.528158
-5.568739
-8.329568
-3.532889
-5.794156
-7.981438
-5.790664
-5.794156
-5.226408
-5.558596
-8.329568
-7.334586
-1.774530
-7.155673
-5.790664
-9.039614
-5.790664
-5.103301
-5.642900
-3.024966
-5.565346
-5.790664
-8.547373
-9.322335
-7.361709
-8.667582
-7.834986
-7.317075
-9.376904
-5.790664
-1.649752
-7.119799
-7.208797
-4.802709
-7.337419
-5.794156
-5.794156
-7.174592
-5.790664
-7.043580
-5.794156
-5.374851
-7.280474
-5.794156
-5.790664
-9.477281
-2.409258
-4.318659
-7.369754
-5.042829
-1.932275
-5.794156
-4.397528
-5.386150
-4.549935
-7.272239
-6.229119
-8.414590
-5.787169
-5.790664
-5.494348
-5.790664
-5.790664
-3.302480
-7.402375
-6.657996
-3.343883
-7.288249
-5.787169
-7.173593
-5.790664
-10.186488
-5.790664
-5.790664
-5.790664
-5.790664
-2.788423
-5.787169
-7.131223
-3.452035
-9.402108
-7.307244
-9.396414
-9.299541
-5.935952
-5.725927
-3.356343
-5.514634
-5.794156
-5.572112
-5.790664
-9.020326
-5.790664
-5.790664
-8.334593
-6.193586
-4.202472
-5.790664
-5.787169
-7.893569
-5.240337
-8.329568
-5.790664
-4.751808
-7.335126
-5.790664
-4.248442
-6.026941
-7.722713
-5.790664
-5.794156
-5.790664
-5.790664
-3.622585
-3.360085
-6.564662
-6.430826
-8.030252
-5.948673
-8.334593
-6.788022
-3.859368
-6.976334
-2.857197
-8.818457
-9.162790
-7.627134
-6.208956
-7.986314
-8.843680
-10.369025
-3.483537
-5.568739
-5.568739
-5.787169
-2.071095
-3.730178
-5.519618
-5.790664
-5.790664
-5.790664
-5.794156
-5.790664
-5.794156
-3.437218
-6.891134
-7.181680
-8.161391
-9.407806
-9.535902
-5.794156
-9.282452
-6.927007
-8.332851
-5.521398
-3.345957
-8.426902
-7.474679
-9.208373
-6.936109
-8.463082
-7.641974
-5.568739
-7.452602
-5.790664
-4.078855
-9.413504
-5.144704
-4.475063
-5.578878
-7.854802
-3.354264
-10.540392
-7.411419
-5.794156
-8.329568
-8.305690
-3.598521
-3.428898
-7.557841
-4.357274
-3.486886
-7.215697
-8.731318
-7.776404
-8.621453
-6.320165
-7.305495
-6.644548
-2.475182
-9.813110
-9.614040
-7.615318
-9.436294
-6.640849
-7.246015
-3.302480
-5.787169
-7.654531
-5.787169
-4.845216
-9.068261
-5.794156
-5.419511
-7.142213
-10.010221
-7.093405
-9.979743
-7.003936
-3.281530
-9.139991
-5.794156
-7.987441
-2.783717
-5.790664
-1.876958
-5.790664
-6.579645
-5.794156
-5.794156
-8.678432
-9.339433
-6.389336
-6.204169
0.445132
-6.680414
-4.470582
-7.384293
-4.395484
-5.453353
-6.020437
-8.741112
-7.361470
-7.092900
-7.347206
-9.151382
-9.402108
-5.787169
-5.403780
-5.538300
-8.094482
-5.768875
-9.043118
-1.765131
-5.287515
-4.597436
-6.802814
-5.748374
-6.006496
-4.890853
-4.291890
-5.794156
-7.881369
-5.362484
-6.347444
-2.966581
-8.074621
-6.036057
-4.165020
-8.559645
-4.523695
-8.334593
-5.787169
-9.162790
-6.208956
-7.078834
-8.153239
-2.966581
-7.898448
-7.279226
-3.354264
-8.196432
-7.508345
-7.924355
-7.216773
-5.329325
-7.747025
0.594566
-8.369175
-6.547003
-5.787169
-2.578705
-5.790664
-8.334593
-3.162369
-4.779480
-7.459108
-7.272239
-7.354911
-3.308532
-4.169010
-3.707986
-5.790664
-8.334593
-9.392607
-7.401232
-9.208373
-8.991834
-5.790664
-9.385017
-3.508830
-7.146703
-5.790664
-8.020619
-6.216635
-6.193586
-8.339618
-5.790664
-5.661516
-3.585396
-8.468925
-5.436106
-8.239196
-5.794156
-8.329568
-8.818278
-10.827135
-5.790664
-7.713953
-7.092900
-7.034614
-7.171090
-5.794156
-4.661996
-5.561973
-9.821237
-8.267789
-5.592478
-9.912684
-7.700760
-8.872172
-8.329568
-5.076234
-6.989485
-8.329568
-6.330514
-3.368807
-6.608683
-5.001045
-5.794156
-6.524454
-7.465635
-5.787169
-7.420050
-8.467307
-8.649944
-5.220733
-7.057029
-5.709304
-5.790664
-5.396300
-9.094411
-3.387523
-1.827704
-5.861705
-8.957644
-3.511388
-6.442681
-3.422865
-8.889270
-5.561973
-6.014087
-11.477511
-8.110997
-3.252443
-3.262451
-5.790664
-11.575294
-9.640512
-7.381615
-5.790664
-6.045454
-7.556734
-5.210320
-3.323557
-7.932623
-8.701227
-3.040101
-8.940553
-8.706927
-8.392765
-5.524778
-6.660828
-4.139888
-3.530701
-7.947265
-0.719399
-7.133248
-4.853580
-3.230422
-8.467269
-1.952666
-4.618458
-2.928610
-6.579834
-5.599410
-5.790664
-10.356386
-9.191277
-5.794156
-5.790664
0.104072
-1.912747
-7.147090
-8.012444
-4.146846
-9.020326
-7.178085
-3.248285
-5.866105
-4.047637
-10.262403
-7.173482
-3.508830
-7.204988
-7.193633
-5.794156
-2.483616
-5.692934
-4.627761
-6.193586
-3.900326
-3.266455
-5.385136
-6.242047
-9.668823
-7.844753
-3.160375
-7.037635
-5.907915
-4.401042
-4.552394
-6.958392
-5.543584
-5.575497
-5.133479
-5.609307
-7.395644
-0.724306
-7.894226
-6.759764
-9.255357
-9.168486
-7.070482
-5.567284
-8.739744
-5.386187
-9.407806
-4.185835
-4.704858
-7.732471
-6.989778
-7.414216
-5.794156
-7.879552
-8.390832
-5.551172
-4.434031
-7.326517
-3.128357
-2.069829
-4.064300
-6.904589
-9.157085
-5.814811
-3.983917
1.429584
-7.388819
-6.989778
-5.436363
-7.625076
-5.873697
-3.397377
-8.883571
-10.371487
-5.882368
-6.177109
-8.201530
-4.375774
-9.071614
-8.329568
-8.524581
-5.998911
-9.563902
-7.859550
-7.627493
-3.226940
-5.538300
-5.794156
-10.326657
-6.833612
-4.348571
-7.886545
-3.375849
-8.815185
-8.365505
-1.838361
-5.135685
-8.594279
-7.961907
-6.587759
-8.316529
-4.584769
-7.523191
-4.732728
-1.843509
-5.790664
-9.906583
-11.615405
-7.562792
-9.385017
-0.673062
-7.597355
-5.794156
-7.133248
-3.377125
-8.354623
-9.559090
-5.024894
-5.627168
-3.711426
-5.637078
-5.830441
-9.402108
-9.210075
-7.254302
-6.231277
-5.541685
-5.654538
-6.342200
-3.467264
-5.752284
-5.561973
-7.786181
-5.464499
-9.060217
-9.419200
-4.969220
-7.245345
-10.323283
-4.974871
-7.256109
-5.845063
-6.179106
-7.597355
-4.243951
-7.326036
-9.413504
-7.474679
-1.905287
-8.403805
-6.885661
-6.698350
-9.352483
-8.535975
-5.450394
-8.017173
-9.424901
-6.091484
-7.722713
-5.551821
-3.682840
-3.918787
-4.978700
-9.713140
-8.758202
-9.419200
-5.790664
-5.787169
-4.784617
-3.857372
-7.630343
-3.339718
-3.661769
-4.280583
-9.111498
-7.096498
-6.405363
-3.238429
-9.276750
-3.444535
-9.083010
-5.617050
-8.257598
-0.771740
-5.173598
-5.794156
-7.039100
-7.007719
-9.083010
-5.131002
-5.790664
-3.231650
-2.638378
-3.152358
-3.704119
-7.452087
-6.832858
-8.444215
-6.177109
-9.231971
-6.847961
-3.439333
-3.885680
-7.815212
-4.847232
-6.761117
-7.722713
-7.816552
-7.378367
-7.265822
-8.244209
0.582785
-7.651875
-3.255501
-5.830441
-4.732718
-5.281077
-4.389970
-7.874044
-3.742679
-2.252474
-6.276809
-4.757417
-5.005341
-8.288176
-8.963344
-7.815790
-4.502874
-0.564769
-7.647677
-7.600671
-7.736026
-7.765718
-5.681954
-7.270770
-8.168822
-3.358424
-9.282452
-7.361709
-8.414490
-9.908055
-6.306585
-7.405352
-5.794016
-5.801604
-6.824805
-6.530552
-9.532807
-7.005090
-6.841810
-5.911749
-5.521696
-7.272239
-3.015351
-5.907842
-3.106330
-9.436294
-4.308869
-1.087699
-7.805693
-8.479045
-8.618697
-7.452602
-6.895623
-8.063898
-7.810573
-5.419054
-5.302231
-5.555205
-5.794156
-2.987770
-3.300370
-7.352666
-3.283602
-0.808932
-8.899820
-5.597479
-6.846308
-0.513656
-8.158688
-9.134295
-7.474679
-7.688532
-7.546971
-6.639381
-3.440125
-7.415676
-4.735907
-6.671451
-4.183693
-3.158614
-5.904655
-8.179344
-4.285689
-0.817081
-6.850794
-7.187056
-3.713722
-9.267052
-5.790664
-4.434960
-9.120886
-6.705508
-7.120362
-6.894524
-4.209876
-2.950219
-7.876043
-7.874044
-4.978753
-8.006281
-9.949255
-7.604372
-7.117391
-5.480016
-1.166757
-6.738700
-9.333734
-0.660940
-6.752156
-8.334593
-3.051909
-3.854376
-6.259707
-8.621453
-2.688964
-6.395483
-6.958392
-3.285685
-7.662138
-6.511485
-4.224379
-5.572112
-9.402108
-5.575497
-0.647934
-5.790664
-1.837508
-4.233066
-2.716197
-7.917977
-8.147803
-5.468610
-4.344180
-6.924781
-3.144741
-1.246373
-3.312707
-3.293290
-7.052550
-0.620130
-5.490963
-5.252874
-3.658008
-13.124049
-8.951951
-7.629966
-7.107364
-5.790664
-3.273851
-5.974079
-5.094317
-6.310149
-5.847136
-6.707318
-4.212602
-8.382116
-7.370880
-8.079189
-5.731322
-7.649484
-1.851227
-10.162201
-3.344089
-5.249423
-7.893767
-7.869156
-8.038414
-7.057029
-7.182570
-3.223345
-0.562961
-5.414290
-0.881181
-8.005852
-2.769764
-9.219764
-5.830501
-5.787169
-6.361775
-10.012792
-7.990511
-5.321803
-9.120886
-1.951415
-8.610058
-5.794156
-5.790664
-7.095929
-4.328146
-7.768749
-9.350823
-5.511256
-1.843585
-5.551821
-8.157554
-5.558596
-9.373620
-7.151195
-3.358911
-7.805693
-3.366638
-2.061011
-8.593156
-1.982501
-9.379316
-7.281200
-6.055826
-5.725708
-5.790664
-8.940553
-7.322419
-3.570082
-1.955184
-4.944890
-9.322335
-5.761719
-9.174178
-3.797240
-9.020326
-5.794156
-3.589766
-3.663321
-7.231890
-3.402066
-6.191991
-4.546222
-5.843207
-4.603772
-5.790664
-5.582258
-7.020514
-3.020915
-3.598521
-5.551821
-4.836542
-7.332860
-7.654367
-5.455570
-9.157085
-3.451950
-5.794156
-4.380829
-3.126341
-6.654475
-8.334593
-5.790664
-7.231890
-8.329568
-2.989319
-3.403366
-7.458847
-5.790664
-7.737354
-5.534924
-9.436294
-7.634846
-4.888573
-7.483717
-7.770668
-7.800814
-7.483717
-3.435133
-6.178225
-7.339491
-5.561973
-3.364659
-9.584687
-5.136664
-9.077308
-5.790664
-8.329568
-5.794156
0.615846
-5.413202
-5.790664
-8.630922
-7.290173
-3.356343
-7.708066
-5.524778
-9.339433
-5.568739
-3.420768
-6.692198
-5.722078
-5.790664
-5.790664
-5.790664
-3.921726
-9.345136
-5.790664
-5.790664
-5.790664
-9.424901
-7.379840
-9.350823
-5.790664
-9.305241
-5.541685
-8.186230
-4.354200
-5.790664
-5.558596
-9.288144
-5.790664
-5.790664
-5.790664
-5.794156
-5.787169
-4.955368
-5.561973
-7.034494
-9.139991
-9.362223
-9.441998
-5.790664
-3.352192
-5.790664
-9.065912
-8.609836
-4.938078
-7.771529
-4.957071
-5.790664
-7.052550
-8.196787
-3.767733
-5.528158
-8.763906
-8.264317
-8.620446
-4.982821
-5.229625
-7.021163
-5.790664
-7.483594
-3.735438
-5.416585
-4.291460
-10.223690
-5.572112
-5.794156
-7.142213
-9.122895
-6.815069
-5.790664
-5.790664
-5.790664
-9.430599
-3.304391
-3.259575
-7.349960
-5.565346
-9.145687
-8.334593
-4.302343
-5.790664
-8.837982
-5.794156
-8.329568
-5.787169
-5.790664
-9.214067
-7.908207
-7.596754
-6.169786
-6.547003
-5.790664
-9.339433
-5.511256
-6.078318
-4.204943
-5.794156
-3.064296
-6.667738
-4.987172
-5.490963
-5.790664
-6.913562
-5.441911
-5.790664
-3.380074
-2.452219
-5.790664
-7.556734
-8.334593
-7.639383
-9.282452
-9.259651
-5.616146
-4.618458
-9.162790
-7.334461
-5.497729
-5.790664
-5.794156
-8.334593
-5.555205
-5.273305
-9.424901
-5.970401
-5.790664
-4.283298
-5.203890
-7.330068
-5.794156
-8.900663
-8.441708
-10.124490
-9.271051
-6.877689
-9.288144
-6.153180
-9.219764
-5.790664
-6.247375
-4.978053
-5.560140
-3.164866
-5.790664
0.581275
-5.790664
-5.790664
-9.031724
-5.790664
-6.302639
-9.396414
-11.001970
-8.329568
-7.429492
-5.790664
-5.790664
-8.692404
-5.572112
-9.162790
-2.021953
-5.790664
-5.790664
-11.778373
-8.847278
-6.589546
-5.732752
-7.595013
-3.411824
-8.334593
-8.329568
-5.790664
-5.790664
-5.790664
-5.968540
-5.790664
-5.790664
-7.420445
-6.976334
-8.471265
-9.367923
-3.084328
-5.790664
-4.120133
-8.329568
-6.967365
-5.787169
-8.329568
-8.329568
-3.424926
-8.329568
-8.857782
-5.555205
-3.140358
-9.130618
-5.790664
-8.957380
-6.468596
-4.847582
-5.568739
-5.548445
-7.485291
-5.541685
-5.551821
-5.790664
-5.531543
-7.087153
-6.649034
-5.790664
-5.794156
-8.329568
-7.492754
-5.742166
-3.993663
-0.653198
-0.567662
-5.303643
-2.433549
-5.790664
-4.796337
-6.728116
-5.790664
-5.787169
-5.457152
-5.790664
-3.791356
-7.454720
-1.923860
-3.356343
-5.790664
-5.787169
-7.479198
-5.794156
-5.794156
-5.794156
-5.268218
-2.024477
-4.910838
-7.913088
-5.545067
-0.787367
-6.777852
-5.790664
-3.302413
-6.372060
-6.243565
-9.328034
-9.276750
-10.520359
-4.440686
-6.962872
-6.193586
-8.951951
-9.748079
-7.883807
-4.088150
-5.531543
-9.350823
-0.801293
-5.132230
-5.790664
-5.790664
-7.045742
-3.927978
-5.794156
-5.790664
-5.443634
-6.656349
-5.794156
-5.790664
-7.038879
-5.790664
-11.520264
-7.498446
-9.282452
-5.366352
-7.639383
-7.088417
-3.254445
-5.675829
-2.424215
-8.385187
-5.104659
-7.461118
-5.790664
-7.083929
-7.854518
-5.622637
-6.002703
-3.392783
-5.790664
-3.491335
-9.253953
-5.790664
-8.211720
-5.790664
-5.745282
-8.940553
-5.790664
-5.790664
-9.310930
-3.682649
-4.606602
-7.128767
-8.349178
-7.479198
-5.790664
-9.265352
-5.790664
-7.213956
-8.131474
-4.395451
-5.790664
-7.146703
-5.794156
-5.790664
-9.026019
-3.443631
-5.790664
-4.382212
-4.506238
-4.828146
-5.129373
-7.352947
-8.334593
-9.357908
-8.667039
-5.071620
-9.333734
-5.675478
-5.794156
-5.790664
-6.488344
-4.412122
-9.441998
-1.934862
-3.424926
-5.790664
-9.293839
-9.025428
-5.790664
-5.794156
-5.787169
-9.071614
-5.740562
-5.600681
-9.271051
-8.087930
-5.235259
-5.790664
-9.441998
-4.323599
-5.790664
-5.627168
-7.898448
-5.790664
-9.282452
-3.382193
-5.787169
-5.518018
-5.790664
-2.517453
-5.602880
-5.794156
-5.511256
-7.030128
-5.794156
-9.077308
-3.595587
-8.792396
-5.794156
-3.941482
-9.346256
-5.790664
-7.249822
-3.180386
-8.389668
-2.426606
-4.800858
-5.585638
-7.854518
-3.333485
-2.751748
-5.790664
-2.563137
-0.627728
-2.527217
-5.455570
-3.740503
-8.334593
-7.556734
-5.790664
-6.465265
-8.338298
-7.293129
-3.394892
-9.020983
-4.664987
-4.369310
-5.790664
-9.339433
-9.174178
-3.368812
-7.805693
-5.790664
-4.766978
-5.790664
-6.397184
-5.790664
-2.920880
-5.790664
-6.587223
-4.350093
-5.790664
-5.015012
-5.598318
-5.794156
-8.735409
-4.178132
-6.564662
-7.607328
-5.322894
-5.567101
-9.265352
-7.717831
-7.146703
-3.226940
-6.967365
-5.284723
-8.028059
-6.805956
-5.626614
-5.268218
-0.608532
-2.922594
-5.322894
-6.591295
-9.168486
-7.452613
-5.794156
-7.463995
-5.790664
-5.830279
-9.097498
-10.273633
-9.083010
-7.615318
-9.271051
-5.174950
-5.441195
-5.258570
-6.074102
-4.522192
-8.015603
-7.303628
-8.537579
-3.386416
-5.790664
-8.541672
-7.976551
-3.178385
-4.334979
-2.483616
-5.270110
-3.269781
-4.866947
-0.617327
-5.271438
-5.787169
-4.866777
-5.967217
-8.112737
-5.316455
-6.752156
-8.786702
-8.419319
-4.142277
-4.376576
-7.620197
-0.822170
-5.794156
-5.794156
-5.088108
-6.145387
-0.643345
-6.084131
-4.891758
-7.420050
-7.330068
-8.349178
-8.329568
-3.366743
-5.790664
-7.996083
-8.615747
-8.240326
-3.574995
-6.935968
-8.257598
-8.329568
-5.790664
-7.384293
-5.968560
-6.326064
-7.128767
-3.302480
-7.820346
-3.244431
-5.585638
-5.245701
-9.345136
-3.296075
-5.514232
-5.555205
-2.596584
-7.752001
-6.976334
-5.794156
-8.721264
-2.409820
0.418075
-6.644548
-5.376482
-4.130705
-5.449843
-5.941994
-4.063019
-8.109702
-3.811978
-7.223926
-8.877869
-7.996083
-9.105798
-6.456816
-0.606529
-7.522570
-8.329568
-6.832858
-7.228221
-7.434693
-3.306467
-4.913541
-7.597231
-5.790664
-6.899083
-5.995110
-9.729796
-5.790664
-2.406722
-8.592956
-3.877467
-5.372628
-8.227008
-6.258908
-6.734214
-9.735885
-5.280208
-7.670117
-3.325163
-6.296614
-9.083010
-7.023694
-7.932623
-7.405536
-8.763906
-4.926749
-8.043012
-0.611730
-7.637029
-8.507488
-3.898588
-8.298373
-5.561973
-3.917897
-4.780437
-7.996083
-7.479198
-8.661338
-5.242537
-6.205108
-8.329568
-1.404758
-5.790664
-1.880985
-7.551847
-5.790664
-5.486155
-6.986281
-6.316614
-7.625076
-3.108055
-8.196432
-7.976551
-7.961950
-5.526558
-9.359884
-8.665419
-8.997535
-3.258478
-8.424190
-2.517746
-8.187725
-7.810573
-7.903332
-7.429852
-5.678040
-5.328672
-9.039614
-5.316455
-8.159891
-8.112737
-8.329568
-7.218436
-7.139812
-8.334593
-5.118446
-6.465864
-10.803923
-1.995501
-8.467307
-7.326036
-4.740230
-5.794156
-6.269800
-10.832278
-9.288144
-7.216329
-9.688268
-8.329568
-8.951951
-7.352947
-8.267542
-5.932958
-7.906881
-8.288176
-5.787169
-7.805693
-5.044964
-3.380074
-6.051419
-5.867039
-8.074093
-3.139074
-7.437387
-6.431497
-7.968183
-5.790664
-8.678432
-6.796988
-7.227400
-5.790664
-1.761013
-7.731068
-4.713142
-6.702830
-5.528158
-5.790664
-9.906583
-6.565342
-9.138428
-0.619201
-1.900665
-5.551821
-2.411410
-7.973591
-5.974497
-6.501866
-5.534924
-7.732471
-7.308109
-4.752275
-3.168379
-6.506722
-7.123077
-7.405901
-5.358148
-7.133248
-8.165847
-4.147328
-5.623538
-7.732471
-7.923482
-7.639726
-3.266455
-7.265525
-5.818716
-3.256596
-8.294145
-7.169114
-5.769761
-4.084365
-7.894226
-9.419200
-3.323092
-2.650186
-8.438437
-9.390713
-4.952186
-8.923458
-7.723435
-6.832627
-5.290785
-8.969040
-7.066002
-7.900784
-6.687428
-8.186230
-7.742233
-7.867425
-8.188375
-8.196432
-8.686633
-7.465635
-5.733305
-4.487946
-7.272004
-7.322419
-9.402225
-0.792114
-3.891133
-5.181198
-6.693699
-8.334593
-5.430101
-8.262690
-8.329568
-5.748785
-3.370895
-8.706927
-9.088715
-5.794156
-3.233727
-5.271435
-9.554646
-4.381972
-7.752089
-5.968560
-7.976551
-9.151382
-2.747965
-3.165744
-5.930616
-2.436777
-9.196973
-9.145687
-5.787169
-6.488344
-8.334593
-5.216756
-5.787169
-2.794901
-5.790664
-8.329568
-8.826591
-6.239687
-7.294658
-5.546332
-2.629909
-9.471048
-5.790664
-7.498446
-3.423513
-7.429049
-3.407710
-5.794156
-7.231890
-6.779052
-8.338298
-8.681199
-7.182570
-5.790664
-6.823888
-7.388819
-1.644718
-4.924535
-3.401237
-9.827332
-7.685164
-3.381281
-9.202673
-6.788022
-4.045627
-8.329568
-7.696422
-3.156224
-3.443567
-7.948840
-3.057009
-2.465776
-8.182454
-5.816778
-0.639337
-3.242038
-6.270431
-5.787169
-2.624891
-3.456271
-5.935484
-7.815462
-4.474321
-5.779131
-6.132905
-8.767113
-7.664133
-7.542993
-7.361709
-7.341977
-8.980444
-5.790664
-8.253742
-6.868725
-7.898448
-5.725927
-3.202396
-3.222856
-7.761766
-3.331416
-5.790664
-8.329568
-5.794156
-7.847328
-5.794156
-9.413504
-5.319677
-6.464643
-7.556869
-6.571258
-8.718324
-3.868169
-5.555205
-3.828755
-5.437354
-5.497828
-7.030128
-7.155673
-5.178013
-1.654729
-5.790664
-3.381706
-5.953373
-7.321561
-4.891758
-3.667589
-6.014087
-3.274458
-4.890426
-4.822563
-8.659857
-9.396414
-7.815462
-5.794156
-5.551821
-4.274653
-5.790664
-10.874819
-5.403061
-9.367923
-3.896173
-4.949408
-9.265352
-6.967365
-7.708066
-5.480016
-2.480391
-5.561973
-6.608612
-6.203845
-3.368812
-1.982901
-5.447190
-4.938869
-7.776404
-7.785516
-1.887456
-9.009794
-7.007719
-5.406435
-5.790664
0.345054
-7.542089
-4.078855
-7.066002
-5.790664
-7.146703
-2.824376
-3.219185
-5.790664
-9.333734
-3.198382
-6.985293
-2.861290
-7.043262
-9.299541
-5.098662
-9.276750
-5.186462
-5.790664
-6.547003
-6.040653
-9.179881
-7.316510
-4.343161
-6.793130
-9.430599
-0.596130
-2.442985
-9.008932
-0.815553
-3.310623
-5.998911
-4.699537
-10.789747
-6.484437
-7.200607
-5.574253
-5.568739
-7.826478
-3.277377
-3.373040
-9.253953
-5.955495
-0.371569
-3.308547
-8.986139
-8.963686
-7.470159
-7.498151
-7.659251
-7.869156
-5.010625
-6.194178
-9.571289
-3.194302
-2.603110
-9.790749
-5.322894
-7.903332
-5.826967
-6.628645
-8.998023
-7.854518
-9.373620
-7.756884
-8.400486
-5.794156
-5.790664
-3.081959
-4.660492
-9.316637
-5.989285
-5.538300
-4.288442
-5.035534
-7.523191
-3.264905
-2.071095
-3.848548
-5.216756
-7.586788
-1.931200
-5.790664
-6.220483
-6.877689
-3.574459
-7.459108
-8.060712
-3.322929
-7.113474
-4.266989
-5.497729
-4.150372
-3.243258
-8.329568
-5.548445
-1.500688
-10.697586
-4.089821
-5.794156
-7.317239
-7.654367
-4.332570
-6.931490
-5.790664
-7.321026
-8.334593
-7.869659
-8.883571
-5.790664
-8.057989
-2.383943
-7.375263
-5.511256
-5.310684
-2.804634
-5.511256
-4.193072
-4.046204
-2.363430
-4.933809
-8.329568
-7.834986
-4.847232
-2.485726
-0.815034
-4.873382
-8.251214
-6.255061
-3.794340
-8.951951
-6.154873
-8.332851
-8.038414
-5.528158
-7.924355
-4.833529
-9.633613
-3.475310
-8.589499
-5.623119
-9.396414
-8.303473
-7.617229
-9.316637
-5.794156
-9.299541
-3.856175
-7.893569
-3.368812
-5.206635
-8.035132
-9.242560
-5.794156
-8.329568
-7.191534
-7.060827
-5.142777
-8.923458
-8.040861
-5.447010
-5.787169
-6.132072
-6.682302
-3.443631
-8.929152
-3.289843
-7.777699
-5.531543
-3.169829
-5.826539
-4.313219
-6.271016
-5.274655
-9.453392
-9.362223
-3.343883
-6.539377
-7.878922
-8.237208
-9.362223
-5.561973
-5.790664
-5.684991
-4.822563
-4.874687
-6.633043
-5.787169
-3.246194
-7.893569
-7.339491
-9.231157
-5.963616
-5.794156
-8.199032
-9.424901
-5.790664
-3.399992
-7.339491
-7.080800
-6.280647
-8.221916
-4.655956
-5.582258
-7.434011
-5.790664
-5.685956
-7.981438
-5.524778
-7.864275
-7.474679
-2.468879
-9.214067
-10.065088
-5.657940
-3.355618
-7.209731
-8.252497
-3.393754
-9.424901
-7.135424
-3.454156
-9.174178
-6.629018
-5.790664
-6.401420
-5.159785
-3.470533
-7.128767
-5.790664
-8.155643
-5.790664
-8.196432
-3.865676
-4.356737
-3.308477
-8.329568
-8.651868
-5.582258
-8.782139
-7.805693
-5.783683
-5.928250
-5.242489
-4.038571
-3.372970
-5.790664
-11.718194
-9.372297
-3.477023
-5.277867
-6.735675
-8.837982
-7.893569
-9.219764
-3.138354
-3.408304
-6.116746
-9.168486
-7.263266
-9.253953
-9.339433
-2.998973
-8.357638
-5.790664
-5.365863
-8.815185
-2.765537
-5.790664
-5.497729
-5.790664
-4.174928
-9.105798
-7.366391
-4.564405
-9.145687
-7.903563
-3.305878
-9.071614
-7.532327
-5.790664
-5.790664
-5.790664
-5.790664
-3.405543
-5.790664
-7.644606
-5.790664
-9.430599
-3.550394
-5.794156
-5.337439
-8.267789
-8.329568
-8.906368
-9.350823
-5.790664
-3.329334
-3.335557
-5.531543
-9.396414
-5.794156
-9.402108
-7.993219
-3.377125
-7.073985
-4.970673
-5.790664
-5.551821
-9.424901
-5.790664
-0.819126
-6.472540
-5.787169
-6.953433
-9.111498
-5.136664
-5.794156
-6.296367
-7.852072
-5.787169
-5.790664
-3.392543
-5.790664
-6.779052
-5.790664
-5.790664
-4.883650
-5.794156
-5.790664
-9.430599
-10.192690
-3.410378
-8.329568
-5.790664
-5.794156
-5.790664
-1.967781
-7.384330
-3.266455
-5.790664
-9.145687
-8.334593
-5.790664
-8.934852
-5.794156
-7.052550
-5.790664
-9.328034
-5.555205
-5.082592
-9.339433
-8.547373
-8.329568
-5.790664
-5.790664
-7.698305
-5.790664
-5.790664
-7.864705
-5.565346
-0.987819
-5.283850
-3.298473
-5.790664
-5.794156
-8.646632
-5.790664
-3.147389
-5.787169
-5.794156
-6.716284
-5.551821
-7.164633
-9.043118
-7.325545
-5.794156
-8.872906
-4.416558
-10.124490
-8.247398
-5.790664
-6.994260
-8.818457
-5.389536
-5.787169
-5.794156
-5.790664
-9.293839
-6.107708
-5.790664
-4.989262
-3.377125
-9.413504
-5.790664
-8.329568
-6.550235
-7.942384
-8.329568
-3.172384
-8.927366
-9.413504
-5.588220
-8.329568
-2.067854
-7.839864
-6.667662
-4.296341
-6.612934
-6.532970
-6.036972
-3.559139
-5.514634
-6.920572
-9.362223
-6.662484
-3.609242
-5.790664
-2.661983
-5.568739
-5.790664
-5.794156
-4.908907
-9.105798
-7.106350
-9.413504
-4.892180
-5.551821
-8.695517
-5.794156
-5.541685
-6.266586
-5.561973
-8.254259
-7.596739
-2.747965
-7.922858
-3.412449
-5.271308
-3.285685
-5.370059
-0.753781
-11.680591
-8.880816
-5.382997
-8.329568
-1.842038
-4.040186
-6.176863
-8.038414
-7.893569
-5.790664
-4.117411
-7.539898
-5.787169
-6.189741
-7.384330
-5.794156
-3.329334
-5.787169
-5.790664
-8.463340
-5.787169
-3.587584
-8.329568
-5.790664
-8.512468
-6.318489
-2.800316
-3.226418
-4.748631
-6.544549
-5.537253
-4.367605
-7.124281
-5.794156
-5.794156
-4.685297
-5.790664
-3.244119
-5.379386
-5.790664
-7.249822
-8.222291
-2.527060
-8.155643
-4.685297
-5.790664
-6.958392
-7.971677
-7.814127
-8.732120
-5.790664
-5.790664
-5.534924
-8.329568
-5.790664
-5.790664
-9.762890
-4.484249
-7.742233
-6.010203
-5.787169
-5.790664
-8.329568
-5.794156
-8.219049
-1.986688
-6.170527
-7.303628
-6.549992
-5.787169
-6.141455
-6.859758
-5.524778
-5.162988
-7.786181
-6.258288
-3.264721
-4.147328
-5.548445
-1.966526
-9.345136
-9.356521
-8.025374
-7.683656
-3.550394
-9.236856
-5.568739
-1.886163
-8.832281
-7.874685
-5.163252
-9.356521
-8.329568
-8.329568
-5.790664
-9.310930
-5.790664
-6.710030
-5.794156
-5.790664
-4.322458
-2.786225
-5.790664
-7.996083
-9.310930
-8.329568
-4.368420
-8.691152
-3.232229
-8.329568
-9.305241
-3.110146
-5.790664
-8.334593
-4.035709
-8.329568
-8.247398
-6.762822
-4.247946
-9.060217
-7.859395
-5.794156
-5.790664
-3.403366
-9.339433
-5.790664
-7.187056
-5.790664
-6.828370
-9.162790
-3.230874
-5.983736
-5.794156
-9.293839
-6.270431
-5.790664
-3.388541
-9.430599
-5.790664
-5.790664
-7.258790
-5.794156
-5.790664
-5.790664
-7.433924
-5.790664
-4.767712
-5.457152
-5.790664
-3.242500
-8.980444
-5.790664
-5.794156
-5.794156
-8.329568
-1.825461
-5.904692
-5.794156
-5.790664
-5.790664
-6.792306
-8.380721
-9.253953
-9.601762
-5.572112
-1.724662
-3.499236
-5.787169
-5.561973
-3.412449
-5.565346
-8.329568
-5.794156
-4.397528
-5.790664
-4.964912
-3.323092
-3.275888
-5.009431
-3.225569
-7.742233
-9.236856
-9.385017
-7.703182
-5.521398
-5.979939
-5.057147
-5.565346
-3.379204
-6.268862
-5.790664
-4.668833
-9.117189
-9.894391
-5.835753
-5.453776
-4.773244
-9.424901
-5.558596
-2.448466
-7.478630
-8.022615
-2.796569
-6.700985
-6.913562
-5.430101
-5.790664
-9.530787
-5.794156
-6.413273
-6.492296
-8.176038
-5.857799
-4.162825
-7.166144
-9.350823
-6.233481
-7.048060
-6.703414
-9.054520
-6.994260
-4.101251
-5.790664
-5.794156
-3.581020
-7.639726
-5.790664
-7.461030
-8.963344
-7.124281
-9.339433
-9.225466
-3.379204
-5.568739
-6.935968
-7.151195
-3.302413
-5.790664
-7.815462
-6.959327
-10.105513
-6.907228
-7.457267
-5.184592
-6.612934
-8.329568
-0.638934
-5.564545
-9.043118
-5.790664
-3.591950
-5.790664
-5.551821
-8.329568
-7.231890
-6.413273
-9.054471
-9.390713
-3.339857
-7.961907
-3.306489
-5.052654
-5.595204
-7.052045
-3.563525
-5.794156
-5.790664
-2.737840
-6.932865
-4.416558
-10.022418
-3.196341
-5.511256
-4.620508
-5.790664
-4.362173
-3.981185
-9.088715
-5.790664
-8.334593
-8.855083
-7.204988
-7.083929
-6.646729
-7.345869
-7.888692
-7.610435
-5.790664
-5.790664
-3.323223
-8.227267
-7.859395
-5.794156
-0.725257
-2.556381
-7.187056
-9.020326
-7.517681
-9.839526
-3.304473
-7.820346
-5.219972
-9.419200
-5.794156
-9.379316
-3.360501
-5.790664
-4.707284
-7.615318
-5.494348
-8.329568
-7.577635
-7.948840
-9.245101
-9.120886
-9.271051
-5.790664
-5.501108
-7.316539
-5.486977
-9.077308
-9.362223
-9.322335
-4.687522
-3.368812
-3.473200
-5.170148
-7.415934
-1.650357
-7.717831
-8.804377
-4.082818
-8.398166
-3.882812
-8.104675
-9.024209
-7.805693
-5.568739
-3.581020
-5.790664
-5.790664
-5.790664
-9.333734
-7.932623
-7.590956
-7.052550
-3.480170
-5.790664
-7.066002
-3.491335
-3.304473
-5.511256
-8.334593
-7.639726
-9.008932
-5.790664
-9.174178
-5.496897
-9.236856
-10.789747
-5.538300
-7.339491
-5.790664
-9.969497
-7.778177
-4.402966
-5.790664
-5.699157
-5.790664
-5.362047
-5.856496
-8.770993
-5.862315
-5.744476
-7.021163
-7.546781
-9.930975
-2.667437
-10.306779
-7.270770
-3.308547
-5.561973
-8.461897
-6.877689
-8.329568
-6.723592
-6.994260
-4.456300
-7.115314
-0.310681
-5.790664
-8.468572
-6.081952
-7.649484
-9.419200
-5.790664
-9.293839
-4.579418
-3.804354
-9.574988
-8.244209
-6.913562
-4.681077
-9.310930
-8.329568
-7.693424
-4.356737
-6.768602
-4.359470
-3.244431
-8.087930
-5.528158
-5.558596
-7.471269
-7.282688
-2.318803
-7.839864
-5.787169
-7.702224
-7.639726
-6.048239
-9.259651
-6.786407
-2.638640
-0.431139
-11.808451
-2.021953
-5.344778
-3.294029
-3.345957
0.763047
-5.790664
-8.632064
0.617743
-2.725879
-8.329568
-7.312587
-5.797651
-7.375263
-5.555205
-0.919050
-3.278462
-3.261143
-8.181132
-5.522000
-3.289843
-6.192483
-7.740974
-1.363068
-8.150550
-1.794624
-4.989564
-6.770092
-6.417215
-7.703182
-3.409706
-7.069595
-5.790664
-5.568739
-8.283872
-7.835011
-5.794156
-4.258827
-4.904482
-3.302413
-4.348571
-9.003232
-7.654367
-7.869156
-3.253086
-7.402375
-5.866105
-3.022225
-3.235808
-8.191331
-8.010727
-4.896734
-9.214067
-8.242703
-6.548572
-9.196973
-8.329568
-3.297530
-8.778981
-9.815137
-1.298681
-7.404403
-3.458391
-5.838254
-5.098501
-7.155673
-7.155673
-4.998914
-3.357878
-3.436641
-4.820891
-8.334593
-8.587606
-7.424970
-5.790664
-8.334593
-8.974736
-6.429698
-7.312587
-5.551821
-8.889270
-3.385448
-5.604078
-3.388541
-5.794156
-8.329568
-6.288496
-7.249822
-7.479198
-8.123135
-5.790664
-5.869519
-7.279824
-7.428100
-8.249235
-6.201266
-9.214067
-2.771569
-5.790664
-9.074107
-6.569863
-8.490383
-8.661338
-7.473748
-6.112897
-5.050787
-5.790664
-8.181132
-8.556002
-5.790664
-5.741800
-9.214067
-6.330291
-5.790664
-8.329568
-5.572112
-4.990357
-2.576878
-7.938948
-5.787169
-6.319157
-8.997535
-3.554764
-6.323555
-0.498873
-8.334593
-5.871554
-4.327581
-1.964006
-3.049734
-8.289313
-5.797807
-6.931587
-3.208586
-3.803005
-4.980812
-9.350823
-9.196973
-1.854911
-9.060217
-9.367923
-5.193998
-4.824967
-6.108418
-9.747206
-7.849638
-8.069296
-6.913562
-5.120272
-3.380074
-8.957644
-6.723592
-6.067204
-4.567415
-5.787169
-7.007719
-5.050787
-7.133248
-8.097795
-7.258952
-9.014632
-9.083010
-5.790664
-8.912066
-7.146703
-9.225466
-3.575110
-5.790664
-7.942384
-9.367923
-2.772440
-8.262690
-5.790664
-6.189741
-4.394212
-9.043118
-8.940553
-6.362725
-3.356794
-11.243855
-5.790664
-2.938653
-0.573095
-7.355388
-3.322816
-7.388684
-9.094411
-6.906013
-8.349178
-0.505934
-5.474063
-5.790664
-8.068995
-10.077279
-5.953373
-5.239279
-7.904949
-7.203534
-7.957031
-6.468521
-5.927212
-6.475652
-2.006836
-4.261548
-9.174178
-2.430326
-7.937504
-6.464360
-5.790664
-8.334593
-3.350111
-4.904482
-9.402108
-8.594263
-7.761766
-6.279729
-7.952153
-2.851859
-1.595004
-3.058366
-10.174086
-6.899929
-5.790664
-8.566889
-6.976334
-8.946253
-7.363882
-4.644003
-7.657770
-5.835753
-2.409258
-4.863137
-5.249970
-4.393982
-7.774502
-7.732471
-9.174178
-8.910539
-7.732471
-1.789018
-3.264448
-5.348127
-4.720846
-9.590692
-3.333485
-7.397856
-7.756884
-7.815762
-5.543909
-6.976334
-7.351094
-3.249375
-6.761117
-3.355716
-0.583726
-4.337707
-9.094411
-6.859758
-6.231940
-5.623119
-7.312568
-5.208065
-7.348462
-5.787169
-5.790664
-6.916008
-9.128594
-7.447565
-7.839864
-7.616034
-7.605001
-3.203088
-5.761719
-9.367923
-8.074093
-3.404143
-3.018242
-8.137629
-9.413504
-7.069595
-5.052728
-9.168486
-5.524778
-7.532327
-9.310930
-4.361700
-5.790664
-6.290779
-4.719270
-4.177649
-8.583793
-5.602546
-8.615747
-7.330524
-5.732478
-7.100316
-8.832281
-9.065912
-5.416585
-7.420445
-0.810969
-3.349214
-5.657413
-7.839864
-5.256316
-5.790664
-5.098662
-8.463479
-7.581141
-8.626506
-5.485465
-5.790664
-8.329568
-3.441452
-5.293787
-2.886371
-7.346531
-5.730357
-6.105217
-7.518244
-9.276750
-1.674357
-4.479890
-0.612009
-10.028514
-7.399455
-3.329334
-1.476194
-7.815462
-5.291479
-2.609568
-5.974079
-7.820346
-1.805870
-5.787169
-7.756884
-7.279732
-3.343211
-9.077308
-7.508639
-9.271051
-5.794156
-11.620418
-3.821188
-7.414302
-7.756884
-9.436294
-3.182389
-7.050455
-5.787169
-7.395449
-5.436876
-5.794156
-3.318694
-7.454225
-5.592400
-6.971843
-9.356521
-7.113147
-4.351287
-4.685019
-5.791362
-7.469575
-9.117189
-8.957644
-5.794156
-5.551821
-7.644606
-1.749929
-9.396414
-4.478151
-5.216756
-3.476018
-9.060217
-9.214067
-7.280661
-7.703182
-6.116226
-9.048818
-0.799761
-5.467943
-4.471264
-3.418694
-7.236371
-7.144548
-7.639726
-9.589574
-8.277979
-7.343626
-7.874602
-7.070482
-7.678779
-4.313271
-6.334235
-5.392923
-5.197485
-5.675478
-3.364866
-7.537205
-9.161807
-9.760270
-9.305241
-3.306467
-8.934852
-8.288176
-9.339433
-4.929921
-5.514634
-3.160375
-4.238800
-5.794156
-7.384293
-9.356521
-9.293839
-8.265290
-8.974736
-3.422865
-8.329568
-9.236856
-9.225466
-7.411419
-5.790664
-3.639301
-9.626153
-10.222992
-9.117189
-9.356521
-9.145687
-5.790664
-10.207350
-6.089975
-8.000966
-9.350823
-7.930171
-8.329568
-8.635605
-10.711767
-8.809489
-7.649484
-5.773123
-5.277867
-3.308532
-4.316818
-9.014632
-6.444401
-3.399992
-3.556954
-5.518018
0.599885
-3.020230
-8.191331
-8.758202
-8.726564
-7.043262
-9.784657
-5.174950
-3.262560
-7.334586
-8.997535
-6.040653
-8.108655
-3.504457
-4.638798
-3.214702
-7.295515
-3.271132
-7.825228
-5.690144
-5.392923
-7.465635
-5.923020
-11.605369
-7.888692
-4.386668
-4.477066
-5.607698
-5.006257
-0.731176
-3.178385
-8.626506
-8.980444
-4.363547
-5.983736
-5.685956
-7.366224
-8.831299
-3.298156
-10.718856
-9.065912
-4.819340
-9.276750
-8.447150
-3.291178
-5.514634
-7.646930
-2.546594
-1.889539
-6.307401
-9.202673
-10.506176
-5.568739
-7.860013
-8.381840
-6.882171
-7.056439
-3.240433
-9.339433
-3.798748
-5.523150
-9.985839
-2.695697
-6.631666
-9.419200
-4.343593
-6.899083
-7.708066
-4.430167
-8.262690
-5.790664
-5.528158
-3.306467
-5.430101
-5.545067
-6.575532
-9.043118
-7.488235
-7.246922
-5.187815
-5.464692
-5.794156
-9.191277
-9.282761
-8.894965
-7.781291
-8.222425
-6.255061
-6.358866
-7.747117
-7.082035
-8.153835
-5.558596
-9.379316
-7.086597
-9.015609
-3.600703
-3.294471
-9.339433
-3.416946
-4.199481
-7.815212
-3.345957
-7.290173
-6.373760
-5.776700
-7.091163
-5.787169
-7.703182
-3.422172
-4.552846
-5.303570
-5.166292
-6.513622
-5.787169
-3.166378
-10.803923
-7.021163
-5.528158
-8.481983
-5.790664
-6.967365
-7.258790
-8.822694
-9.316637
-6.234185
-5.819722
-5.082442
-6.962872
-4.703707
-5.461666
-9.003232
-9.350823
-5.794156
-8.594106
-6.837340
-8.908049
-5.823082
-1.935038
-8.329568
-3.277377
-2.697378
-8.946253
-3.356343
-8.115149
-7.894226
-5.794156
-9.540807
-5.207110
-4.267706
-5.790664
-4.969817
-3.351379
-6.205108
-8.648742
-7.688532
-4.476770
-8.077872
-9.494837
-7.630042
-9.402108
-3.556954
-9.139991
-7.402256
-5.507878
-6.728116
-8.272983
-7.610435
-3.230422
-9.012766
-5.295241
-7.214270
-5.612658
-5.491865
-3.302480
-3.345957
-8.398166
-5.790664
-7.517681
-3.250362
-2.641869
-5.794156
-7.381615
-6.078593
-5.794156
-6.237410
-7.717831
-8.598716
-7.844753
-5.647197
-5.897898
-9.162790
-9.226273
-7.664133
-3.583205
-5.790664
-3.441555
-3.333485
-8.803791
-5.748785
-4.719770
-5.627168
-8.077872
-7.290173
-4.849307
-7.649484
-8.568077
-5.497729
-2.641758
-11.869632
-7.752001
-7.982341
-7.275046
-10.761392
-5.364482
-5.091323
-3.339718
-3.271132
-5.073062
-5.787169
-9.293839
-7.428100
-9.430599
-10.192690
-5.600351
-3.286462
-8.035132
-7.021163
-7.747117
-2.585722
-4.491613
-7.289398
-5.153425
-4.001887
-7.664133
-12.101233
-8.180452
-7.106350
-9.502429
-5.953373
-2.013137
-7.625076
-9.367923
-9.214067
-9.784657
-3.208586
-8.237208
-8.763906
-6.261507
-7.003225
-4.345854
-0.730233
-0.812503
-5.790664
-8.855083
-9.310930
-6.405363
-7.402375
-2.763137
-5.794156
-9.461549
-8.526463
-4.419142
-8.329568
-9.253953
-9.930975
-5.568183
-5.565346
-3.098433
-8.348117
-4.362906
-3.196398
-3.140358
-7.712945
-4.819427
-5.558596
-4.736466
-4.553635
-5.213538
-4.245870
-5.787169
-5.548445
-6.247375
-4.400587
-5.794156
-5.165291
-4.430167
-9.809047
-5.987522
-3.296478
-3.789657
-6.949313
-5.446383
-9.949255
-7.693424
-5.497729
-8.865526
-8.030252
-5.098501
-7.307244
-3.381281
-7.101612
-1.990457
-4.764524
-7.781291
-5.755760
-9.322335
-7.592481
-8.974736
-5.461071
-11.680591
-3.554764
-6.601065
-5.389536
-9.345136
-5.282108
-6.289642
-1.961729
-9.345136
-9.620054
-6.583417
-5.790664
-9.225466
-10.028514
-5.524778
-9.310930
-9.367923
-3.362577
-5.794156
-2.741399
-5.787169
-1.868193
-7.439047
-4.414038
-9.419200
-3.504951
-8.991834
-7.747117
-7.659747
-8.288176
-5.790664
-7.391895
-3.129028
-3.347049
-3.368812
-3.414203
-9.253953
-9.094411
-7.659251
-8.923458
-9.225466
-7.076020
-5.790664
-9.088715
-10.598031
-7.326618
-9.473750
-5.790664
-8.259280
-9.128594
-9.185576
-7.656187
-5.879671
-9.259651
-5.965651
-9.065912
-5.081804
-6.488344
-9.151382
-6.551887
-8.679585
-9.122895
-7.527314
-8.578555
-6.074800
-9.351798
-8.578555
-5.790664
-5.572112
-5.582258
-3.373731
-5.787169
-3.532889
-5.521398
-8.049780
-5.046298
-9.299541
-1.972823
-8.329568
-5.494348
-5.572112
-7.903332
-6.492296
-5.578878
-7.267750
-2.624097
-3.278462
-7.971677
-3.131501
-10.040708
-3.230422
-5.287518
-3.121564
-8.038026
-5.558596
-9.430599
-4.397528
-8.334593
-3.596337
-9.253953
-6.074800
-5.329325
-7.992533
-9.385017
-5.322894
-4.793989
-5.780195
-8.465319
-8.329568
-5.790664
-3.899766
-5.794156
-6.520409
-3.412449
-5.572112
-7.991199
-8.334593
-8.252497
-7.474679
-5.568183
-3.340554
-7.294658
-6.137678
-6.070994
-3.348032
-6.166683
-8.267789
-7.146703
-5.794156
-5.790664
-8.030252
-5.794156
-5.790664
-3.422853
-9.288144
-3.298473
-5.565346
-5.316455
-3.121032
-7.007719
-9.396414
-4.887699
-9.225466
-3.364659
-3.308547
-9.236856
-5.790664
-5.555205
-3.994239
-5.790664
-9.367923
-9.424901
-7.231890
-7.218436
-4.721534
-7.439109
-8.030252
-4.491698
-5.155655
-5.841441
-3.284056
-7.208060
-9.796850
-5.316455
-3.757150
-5.511256
-6.913562
-5.790664
-8.064418
-8.257598
-5.877492
-6.420648
-9.390713
-5.787169
-9.071614
-9.373620
-5.790664
-7.396564
-5.790664
-3.403366
-9.681020
-11.688111
-5.501108
-7.620197
-3.356343
-5.524778
-8.125069
-3.422853
-7.267750
-11.673066
-3.468366
-6.208956
-5.794156
-5.551821
-5.899618
-5.528158
-5.794156
-5.555205
-5.565346
-8.252497
-8.183969
-5.578878
-5.197090
-3.443631
-9.288144
-5.790664
-5.790664
-3.250977
-5.090727
-8.049780
-2.786014
-3.341808
-3.377125
-8.625933
-9.424901
-5.558596
-5.514634
-6.232009
-4.999896
-9.157085
-9.430599
-5.538300
-9.339433
-9.350823
-7.424970
-8.334593
-2.720984
-7.859395
-7.280355
-7.402375
-3.445708
-9.453392
-7.878922
-6.464101
-9.191038
-7.300465
-5.558596
-9.345136
-5.790664
-7.952153
-10.052899
-10.028514
-7.441031
-5.534924
-9.333734
-8.167521
-3.410378
-8.765471
-8.229156
-9.282452
-5.592478
-8.820887
-7.390910
-7.834986
-2.501376
-10.910261
-4.098851
-9.424901
-5.504492
-3.297530
-5.794156
-6.293744
-7.155673
-5.133479
-5.585638
-7.790462
-9.276750
-7.913088
-5.787169
-5.794156
-3.552574
-8.180452
-5.790664
-3.260454
-5.790664
-5.779614
-7.290173
-5.794156
-6.220483
-5.790664
-2.643481
-7.173593
-9.356521
-5.561973
-5.551821
-7.834986
-6.174375
-7.239688
-5.545067
-5.271435
-9.373620
-5.524778
-5.661516
-5.790664
-3.263673
-5.322894
-5.572112
-5.458871
-7.957031
-5.790664
-3.424926
-3.260454
-5.326108
-6.080196
-5.790664
0.431062
-4.911150
-0.755674
-5.957173
-7.079448
-3.381281
-9.231157
-3.290177
-9.288144
-8.242216
-6.318430
-9.208373
-9.413504
-5.790664
-5.790664
-9.424901
-3.443631
-7.467239
-3.282470
-9.345136
-7.810573
-5.790664
-6.500206
-5.313238
-5.794156
-5.794156
-5.790664
-5.790664
-9.322335
-5.790664
-3.385448
-5.790664
-7.475952
-8.334593
-5.794156
-7.406738
-5.790664
-5.790664
-8.329568
-5.794156
-5.241621
-5.790664
-3.458391
-9.271051
-3.341808
-5.558596
-10.313405
-3.530701
-5.474518
-5.682459
-9.316637
-9.379316
-5.790664
-7.489957
-5.790664
-5.790664
-9.020326
-5.787169
-3.637012
-4.612949
-8.458098
-8.329568
-5.558596
-3.242429
-7.531986
-3.196341
-5.787169
-5.790664
-5.794156
-9.362223
-7.415711
-9.023164
-5.790664
-5.790664
-5.787169
-9.191277
-4.633241
-5.790664
-9.039614
-9.430599
-5.561973
-5.790664
-7.307815
-9.362223
-6.116004
-7.991199
-3.429084
-9.912684
-5.790664
-5.790664
-5.790664
-5.794156
-5.558596
-7.483717
-5.790664
-3.383364
-5.790664
-6.319954
-0.828792
-3.389594
-9.385017
-5.545067
-4.577526
-5.790664
-5.794156
-5.794156
-7.142213
-6.846422
-5.790664
-7.126642
-5.790664
-5.787169
-8.494758
-5.088946
-5.790664
-5.322894
-8.329568
-5.790664
-5.790664
-5.497729
-8.329568
-2.793478
-7.397775
-9.225466
-8.329568
-5.790664
-7.379783
-8.900663
-5.575497
-3.489149
-3.412449
-9.436294
-8.257598
-9.094411
-5.572112
-5.794156
-5.306814
-5.790664
-3.356343
-6.205108
-8.326076
-7.181739
-9.413504
-5.534924
-5.790664
-4.798513
-1.459056
-5.790664
-5.790664
-9.663401
-5.565346
-5.790664
-5.069873
-7.476157
-5.194351
-5.790664
-6.106040
-6.002120
-8.605825
-5.790664
-5.787169
-3.341808
-8.547128
-9.362223
-5.794156
-5.505744
-5.790664
-6.124430
-9.584687
-9.441998
-5.467299
-5.794156
-10.180285
-5.281077
-8.109772
-8.956977
-5.790664
-3.397911
-3.260742
-6.031971
-5.787169
-5.313238
-5.790664
-5.790664
-7.411419
-5.791367
-8.054659
-9.447696
-7.425051
-9.282452
-8.099392
-7.325545
-9.611712
-5.790664
-5.258570
-5.790664
-7.703182
-8.329568
-5.787169
-5.561973
-5.511256
-5.790664
-5.790664
-5.518018
-5.790664
-5.480819
-5.794156
-9.358698
-7.869156
-8.262690
-5.794156
-2.446805
-3.112702
-5.538300
-8.329568
-5.794156
-7.452087
-3.348032
-7.776404
-9.276750
-6.423244
-2.794843
-5.787169
-8.234180
-5.787169
-9.362223
-7.412476
-6.124658
-6.492296
-6.944949
-5.790664
-5.787169
-5.794156
-5.794156
-3.254445
-5.790664
-5.794156
-9.202673
-5.991323
-5.578878
-9.333734
-5.794156
-8.877869
-5.561259
-7.379840
-9.168486
-5.406008
-7.182570
-5.794156
-5.790664
-7.142213
-5.794156
-5.790664
-4.321379
-7.820346
-3.402066
-6.648894
-7.676623
-3.325163
-5.551821
-9.094411
-8.329568
-8.334593
-8.329568
-5.790664
-5.794156
-5.790664
-9.179881
-9.407806
-5.790664
-8.329568
-7.839864
-4.503126
-6.980552
-9.436294
-5.787169
-5.787169
-8.329568
-5.790664
-5.790664
-8.334593
-7.272239
-5.396300
-5.790664
-8.662345
-8.329568
-5.790664
-5.568739
-8.264297
-7.691479
-9.379316
-6.224328
-8.465631
-3.294471
-8.211720
-3.358424
-5.708051
-5.790664
-4.840953
-9.305241
-9.424901
-7.070482
-6.095923
-5.794156
-8.334593
-7.393335
-5.790664
-5.790664
-5.794156
-5.790664
-5.392796
-9.333734
-5.794156
-9.282452
-7.302958
-5.790664
-8.329568
-5.790664
-4.258827
-3.367374
-5.790664
-6.232009
-6.476496
-5.497729
-9.202673
-6.779052
-7.838212
-7.761766
-5.484207
-7.187056
-5.790664
-5.787169
-5.415925
-7.479198
-5.790664
-5.794156
-8.334593
-5.787169
-9.288144
-5.790664
-7.248724
-5.790664
-5.790664
-5.790664
-8.329568
-5.790664
-6.239687
-8.329568
-5.794156
-6.161122
-9.037418
-6.639405
-5.790664
-5.790664
-5.790664
-9.441998
-5.790664
-5.790664
-5.790664
-9.845623
-5.558596
-7.173251
-5.528158
-8.911928
-5.790664
-5.790664
-3.330418
-4.562996
-5.477993
-5.277867
-3.286462
-7.195364
-3.377125
-8.419932
-7.275840
-8.329568
-5.790664
-3.362265
-8.044897
-5.558596
-9.441998
-3.412449
-8.329568
-2.133850
-8.104675
-7.737354
-5.790664
-5.518018
-5.570771
-5.790664
-8.329568
0.607102
-6.280647
-7.479198
-5.790664
-3.366543
-8.329568
-4.375774
-5.790664
-7.317075
-9.071614
-9.139991
-9.117189
-8.826591
-7.137734
-5.790664
-6.197430
-8.458042
-5.665980
-5.555205
-7.025646
-8.288176
-5.551821
-6.518545
-8.010727
-9.419200
-9.419200
-7.174919
-5.794156
-5.572112
-7.415934
-6.182065
-6.361775
-6.232009
-7.859395
-3.293998
-5.322894
-5.790664
-6.421172
-9.328034
-5.406008
-7.971677
-5.790664
-5.790664
-5.790664
-5.790664
-8.678432
-7.703182
-5.524778
-9.339433
-7.698305
-9.242560
-5.551821
-7.938948
-8.213109
-7.406896
-9.288144
-3.387523
-3.524141
-6.258908
-7.128767
-7.834986
-9.044869
-9.225466
-5.511256
-8.329568
-8.329568
-5.790664
-9.322335
-7.351712
-3.489149
-8.283083
-7.092900
-5.790664
-5.794156
-8.416409
-5.575497
-7.499289
-3.410378
-5.790664
-9.128594
-0.821669
-9.043118
-7.043580
-8.641397
-9.020326
-10.046802
-0.652941
-5.790664
-5.787169
-7.281200
-5.790664
-9.430599
-10.083378
-4.802709
-5.433488
-5.790664
-6.464643
-9.333734
-9.088715
-1.943855
-8.030252
-8.792396
-7.976551
-7.164633
-5.787169
-5.511256
-5.501108
-5.790664
-5.790664
-5.794156
-8.329568
-9.430599
-5.790664
-8.963344
-6.980811
-5.794156
-8.706927
-3.432989
-3.062564
-10.182855
-6.021241
-5.794156
-5.790664
-5.790664
-6.448837
-3.517589
-7.434422
-7.325834
-7.317075
-5.660593
-10.161693
-3.352192
-7.931369
-5.790664
-5.790664
-7.335004
-9.276750
-5.511256
-7.231890
-9.310930
-5.790664
-8.079860
-6.809761
-5.779952
-9.322335
-8.334593
-5.504492
-5.787169
-5.790664
-9.282452
-4.291460
-5.790664
-9.259651
-9.179881
-5.565346
-3.273212
-7.419808
-7.957031
-5.790664
-6.377704
-7.330486
-5.548445
-10.022418
-4.573252
-8.293277
-9.231157
-5.261786
-5.790664
-5.790664
-8.370727
-9.402108
-7.397775
-5.300376
-7.893569
-6.850794
-5.790664
-5.790664
-8.334593
-6.940457
-5.787169
-7.240857
-5.534924
-6.205970
-6.588298
-7.097383
-9.219764
-9.253953
-8.334593
-8.234180
-3.298156
-9.373620
-8.125069
-6.587406
-5.497729
-9.350823
-8.334593
-5.794156
-5.790664
-5.794156
-3.462623
-5.128788
-5.790664
-7.477367
-5.575497
-3.327250
-5.312699
-5.787169
-9.350823
-5.790664
-4.166133
-3.228426
-9.528616
-7.213956
-5.787169
-5.790664
-8.264297
-5.568739
-3.393754
-4.889631
-5.524778
-9.436294
-8.334593
-5.794156
-5.790664
-7.169114
-9.328034
-5.794156
-7.830060
-4.476392
-5.561973
-6.274272
-5.790664
-5.794156
-7.849638
-5.568739
-6.797935
-8.160751
-5.790664
-9.328034
-1.824642
-6.316614
-8.232106
-5.790664
-7.820346
-9.088715
-7.370880
-5.790664
-3.343883
-5.790664
-5.794156
-5.787169
-5.790664
-5.794156
-6.335394
-9.613646
-5.794156
-3.473200
-8.329568
-9.134295
-5.787169
-5.982272
-9.790749
-3.425035
-6.349967
-3.371608
-5.790664
-8.329568
-9.367923
-5.511256
-2.770704
-6.814920
-5.828170
-7.479198
-9.350823
-9.316637
-9.489880
-7.474679
-4.348571
-9.282452
-7.415711
-9.328034
-9.028649
-7.178085
-4.920814
-5.518018
-4.838633
-7.874044
-6.457626
-5.651046
-4.095446
-5.534924
-8.242308
-9.419200
-10.034609
-8.997834
-5.790664
-4.321379
-8.165847
-5.578878
-5.794156
-5.501108
-7.173593
-7.957031
-9.985164
-8.329568
-5.548445
-8.334593
-6.020939
-8.575429
-5.575626
-5.888462
-3.325047
-9.248256
-8.329568
-3.343883
-9.154674
-5.790664
-8.593156
-5.816778
-8.334593
-3.377374
-7.805693
-5.787169
-7.503964
-5.311768
-7.101369
-7.790462
-8.232106
-7.294658
-4.453915
-6.189741
-9.219764
-9.276750
-8.329568
-5.787169
-8.334593
-4.413844
-5.790664
-8.329568
-8.329568
-3.062299
-5.790664
-9.179881
-9.851722
-5.734812
-3.246436
-5.098501
-5.651046
-3.403366
-8.043507
-3.379204
-5.790664
-0.630126
-8.242308
-7.397856
-5.790664
-5.790664
-3.322414
-5.551821
-5.794156
-1.940237
-4.813262
-6.170527
-5.794156
-5.689442
-4.875848
-7.952153
-5.818981
-7.146703
-5.578878
-6.946437
-9.202673
-6.643583
-9.888297
-4.103033
-5.790664
-5.790664
-5.790664
-9.105798
-8.334593
-8.578555
-8.329568
-5.790664
-3.244617
-4.078062
-10.562886
-3.333485
-10.062488
-7.883807
-2.742901
-5.790664
-9.214067
-7.397775
-9.083010
-5.255348
-9.128594
-5.906130
-9.396414
-10.081089
-5.571655
-6.302762
-4.318659
-9.407806
-8.332400
-6.232009
-7.370736
-3.375046
-5.790664
-5.794156
-3.449924
-7.951756
-3.375046
-6.976497
-3.208414
-7.429817
-5.787169
-0.656537
-9.534712
-3.351379
-5.787169
-5.790664
-5.794156
-3.443631
-8.311085
-5.054363
-8.119968
-5.790664
-5.790664
-8.010727
-3.291922
-4.434031
-5.794156
-9.271051
-8.196432
-10.240497
-8.277979
-8.758202
-7.299140
-5.790664
-3.385448
-7.330524
-3.174381
-5.790664
-5.794156
-9.276750
-3.291922
-5.998911
-5.790664
-3.942526
-6.664410
-3.381281
-7.182570
-5.794156
-8.553070
-8.865526
-5.540436
-5.790664
-7.981438
-5.787169
-4.763145
-9.083010
-5.511256
-6.044439
-9.282452
-9.259651
-9.413504
-3.366743
-5.718775
-7.074960
-7.092900
-7.874044
-3.362577
-4.400243
-9.385017
-8.176038
-6.205970
-5.274655
-9.413504
-9.894391
-7.429492
-7.388819
-6.890893
-3.443631
-7.182570
-5.565346
-3.404143
-5.790664
-3.589766
-7.513309
-9.208373
-5.790664
-8.155643
-3.594140
-3.335557
-6.107624
-6.074800
-9.248256
-7.061504
-9.356521
-9.316637
-5.790664
-8.498673
-3.375849
-4.263623
-8.509782
-7.644606
-2.793478
-1.236409
-9.350823
-6.232009
-3.162369
-5.277867
-7.259891
-5.283742
-8.329568
-3.260454
-4.096159
-6.508343
-5.790664
-8.329568
-7.296360
-5.558596
-7.079448
-7.368802
-5.790664
-7.180935
-6.448837
-9.379316
-9.105798
-5.450394
-5.794156
-9.969497
-10.881904
-9.008932
-7.269753
-8.419622
-8.235326
-3.122341
-6.436985
-8.587606
-2.542977
-3.290473
-0.614130
-8.743237
-3.352192
-3.331416
-5.039445
-9.356521
-5.790664
-4.938869
-7.201476
-7.204988
-7.937504
-6.998744
-4.844792
-9.271051
-0.822170
-3.486961
-8.334593
-5.036646
-1.725883
-7.267750
-5.787169
-5.787169
-5.547371
-7.805693
-6.346041
-9.356521
-9.276750
-10.052899
-5.651046
-7.588015
-9.407806
-3.366743
-5.460532
-5.790664
-9.208373
-3.184386
-9.373620
-3.226418
-9.305241
-9.128594
-9.271051
-5.790664
-8.329568
-5.790664
-5.790664
-3.152358
-0.758503
-8.164129
-8.053699
-6.270431
-3.354264
-5.558596
-7.805693
-3.014647
-5.790664
-7.200496
-4.125201
-8.018027
-5.585638
-5.494348
-9.054520
-5.790664
-7.849638
-9.367923
-5.790664
-9.132574
-6.962918
-8.329568
-8.743237
-9.894391
-5.518407
-10.004126
-9.282452
-9.305241
-1.293504
-9.328034
-8.329568
-5.790664
-5.794156
-5.109488
-8.038414
-5.790664
-7.237548
-5.337439
-7.434011
-0.811991
-3.153508
-6.359265
-7.359426
-7.377881
-5.790664
-3.266455
-3.375046
-5.790664
-9.122895
-3.410378
-5.790664
-7.884501
-4.872657
-5.490963
-7.018194
-9.390713
-8.980444
-3.517589
-6.827704
-8.102649
-8.008408
-9.105798
-5.591868
-5.790664
-9.333734
-6.576729
-9.288144
-8.177468
-6.135217
-0.586844
-6.924781
-5.794156
-3.343883
-9.253953
-3.350111
-3.335557
-5.277867
-8.809489
-9.208373
-3.291922
-5.514634
-5.277867
-10.775566
-7.708066
-5.460532
-6.239687
-5.794156
-9.219764
-7.312654
-8.489516
-8.329568
-6.284569
-7.758657
-9.390713
-2.727729
-3.306474
-5.623695
-7.620197
-7.415934
-7.522570
-0.744838
-3.420768
-9.436294
-5.790664
-3.302314
-2.952297
-12.078239
-9.441998
-7.101861
-6.935968
-5.790664
-3.854610
-7.957031
-6.510199
-9.179881
-1.790145
-3.445708
-9.350823
-7.927736
-3.345957
-4.663490
-9.330874
-5.494348
-8.946253
-5.575497
-8.334593
-10.062488
-7.742233
-9.191277
-6.212796
-8.107201
-10.081420
-3.329334
-5.754568
-3.486961
-5.575497
-5.790664
-7.171895
-5.194241
-9.356521
-8.196432
-5.790664
-7.942384
-6.010293
-9.225466
-9.168486
-7.263266
-8.145456
-3.166378
-5.790664
-7.265413
-3.441555
-7.335004
-5.138866
-7.232527
-5.557727
-5.554317
-9.028649
-5.443634
-7.457639
-7.070482
-5.564723
-8.175010
-5.514634
-3.375046
-5.790664
-5.509217
-1.423893
-5.268218
-8.142614
-3.194926
-7.335004
-4.739370
-5.790664
-7.092900
-7.317075
-5.790664
-7.414803
-7.454225
-9.407806
-9.191277
-2.588584
-8.298373
-7.883807
-5.516487
-7.163143
-3.718865
-8.403605
-8.044897
-6.994260
-3.367374
-10.012892
-7.971677
-8.558076
-3.208638
-6.841160
-6.237189
-3.389594
-9.236856
-9.248256
-7.426754
-5.790664
-3.418533
-9.271051
-7.092900
-8.329568
-7.325545
-9.253953
-8.000966
-7.357426
-8.329568
-9.632308
-0.804346
-3.432261
-5.794156
-3.314546
-9.208373
-8.206626
-8.015552
-3.591950
-5.548445
-8.929152
-8.329568
-8.221916
-6.705508
-5.790664
-9.191277
-2.530355
-7.393335
-7.331195
-6.243533
-3.302480
-8.329568
-7.466603
-7.048060
-9.961446
-5.790664
-8.498673
-5.335432
-6.818208
-7.240857
-5.661516
-1.915314
-9.020326
-9.553995
-2.804942
-3.098396
-5.790664
-7.122256
-7.483717
-7.479198
-7.996083
-5.433488
-9.345136
-7.155673
-7.146703
-4.993539
-9.253953
-9.008932
-7.966793
-9.157085
-6.108948
-6.272787
-5.101676
-8.630922
-4.929921
-3.299383
-9.265352
-3.368812
-6.025469
-7.160149
-6.429076
-8.010727
-9.356521
-3.401237
-7.074960
-6.255061
-5.548445
-9.253953
-5.235636
-5.790664
-5.790664
-1.817860
-3.390661
-4.859741
-6.116004
-7.061504
-5.017003
-7.957031
-7.448486
-9.094411
-8.242308
-5.297166
-8.329568
-9.214067
-3.344089
-9.100099
-6.622736
-5.258570
-8.329568
-5.255348
-4.362408
-8.005852
-3.348032
-0.870772
-3.322816
-7.052550
-7.620197
-10.004126
-4.521197
-9.282452
-5.790664
-7.639726
-9.122895
-8.082852
-5.545067
-5.790664
-5.790664
-9.225466
-6.448013
-2.778118
-3.329334
-8.781004
-9.634235
-4.215313
-5.080534
-5.790664
-6.155168
-9.350823
-5.252138
-9.174178
-6.859758
-3.298473
-7.712945
-6.284569
-9.985839
-9.305241
-7.966793
-7.388819
-7.747117
-5.794156
-5.787169
-3.354264
-5.531543
-9.328034
-3.291922
-5.689967
-5.577749
-7.388819
-9.208373
-8.334593
-8.809489
-5.123565
-8.181132
-3.216746
-7.294658
-6.927007
-7.785516
-5.015802
-6.423872
-4.474328
-3.622585
-8.365505
-6.241345
-9.402108
-3.214702
-5.110619
-7.186924
-7.100316
-7.438587
-7.245345
-7.124281
-9.430599
-9.924876
-8.329568
-9.128594
-5.356957
-6.105155
-5.790664
-7.370736
-4.418500
-5.524778
-3.171378
-7.092900
-4.599483
-3.275565
-2.578337
-5.029904
-8.221916
-7.287252
-7.966793
-5.501108
-5.790664
-2.991566
-5.149216
-6.980811
-8.889270
-1.442820
-9.998037
-8.099578
-9.833431
-8.130173
-7.411419
-5.568739
-3.385448
-7.225644
-8.329568
-3.435104
-3.443631
-3.696826
-6.464643
-5.671986
-9.339433
-0.616123
-6.556618
-3.384306
-7.231890
-5.872626
-7.236371
-6.319954
-7.061504
-5.437830
-3.460703
-7.043580
-3.165144
-7.957031
-3.443631
-3.216415
-3.333485
-7.402375
-5.790664
-7.025646
-9.906583
-8.349247
-7.869156
-9.434934
-7.479198
-7.074960
-4.199481
-7.921172
-9.299541
-7.854518
-0.747190
-2.697378
-7.308109
-8.505228
-5.790664
-9.345136
-5.313238
-7.839955
-7.028853
-6.213501
-7.373902
-8.181132
-6.782374
-7.859395
-4.389365
-7.904297
-3.277937
-4.983994
-6.841403
-9.219764
-5.091323
-7.991199
-3.194401
-5.930616
-5.188832
-7.133248
-4.141883
-6.258908
-5.564723
-3.300236
-6.624121
-7.222918
-7.339491
-8.170947
-3.420768
-11.913751
-5.602170
-5.446769
-3.370895
-8.329568
-7.447565
-7.898582
-3.876034
-5.528158
-5.545067
-5.248922
-8.030252
-8.729714
-3.204405
-7.411419
-5.501108
-8.986139
-4.807706
-7.330068
-7.308109
-6.584773
-8.957380
-8.334593
-5.555205
-9.191277
-5.554317
-5.790664
-3.285685
-9.276750
-7.903332
-5.790664
-9.282452
-7.092900
-9.271051
-5.540384
-6.771192
-9.174178
-8.329568
-6.397466
-7.294658
-2.543353
-7.747117
-8.160751
-1.967781
-9.419200
-7.025646
-3.335557
-7.517976
-9.322335
-7.352947
-3.126987
-5.602170
-9.185576
-9.356521
-9.402108
-5.507878
-5.790664
-9.122895
-8.135263
-6.980811
-7.716222
-6.036849
-4.865718
-7.085293
-3.222420
-3.350111
-3.441020
-7.330524
-7.223406
-7.182570
-8.957644
-6.592822
-9.390713
-9.402108
-4.396003
-8.040019
-7.244032
-5.271435
-5.531543
-9.248256
-6.962872
-3.385448
-8.665419
-9.299541
-1.822661
-3.418694
-5.790664
-10.136889
-8.894965
-7.234341
-8.763906
-7.961907
-9.208373
-5.524778
-6.944667
-8.040019
-7.894412
-7.447884
-7.528144
-5.595204
-4.251327
-5.548445
-3.298156
-5.026728
-4.283298
-3.146666
-5.790664
-9.236856
-7.276721
-8.769600
-9.187471
-3.348032
-9.094411
-11.620418
-5.514634
-8.074093
-3.131771
-6.955503
-6.508114
-5.588220
-3.260454
-7.873686
-9.196973
-7.766806
-7.996083
-6.054680
-5.572112
-5.189609
-5.551821
-4.471090
-8.889270
-5.518018
-5.790664
-4.642478
-9.065912
-7.388819
-9.179881
-9.522524
-7.240857
-9.827332
-6.848318
-5.794156
-5.885079
-4.354637
-3.288554
-9.008932
-5.790664
-4.327730
-10.016319
-9.385017
-5.509217
-8.343822
-5.790664
-10.101668
-1.851412
-7.917977
-3.432989
-9.293839
-3.352192
-9.271051
-6.492296
-5.203890
-7.133248
-3.312707
-3.410378
-5.507878
-5.511256
-6.516010
-9.821237
-8.980444
-3.327166
-2.629944
-3.395165
-5.790664
-5.558596
-4.917203
-2.732785
-9.299541
-5.406435
-5.790664
-5.968560
-8.000966
-3.358424
-4.373678
-7.160324
-7.343976
-4.210400
-5.347737
-7.285690
-7.008381
-7.366391
-5.790664
-5.568739
-5.325346
-5.572112
-9.276750
-9.071614
-7.267750
-3.242429
-9.379316
-3.251420
-3.375046
-3.335557
-5.561973
-8.843680
-0.766981
-3.312707
-7.126527
-7.406896
-4.375774
-5.787169
-9.436294
-7.475952
-3.900684
-9.248256
-5.551821
-8.329568
-9.248256
-5.668491
-7.639726
-8.997535
-5.575626
-5.255348
-7.903332
-8.334593
-7.070482
-9.350823
-3.279447
-5.534924
-7.130607
-3.220421
-5.457152
-9.552993
-5.551821
-8.675081
-5.575497
-3.188389
-9.379316
-2.453107
-3.089716
-4.310505
-3.480390
-5.568739
-8.232106
-4.300445
-2.027323
-7.196018
-8.900663
-4.340418
-7.766646
-5.284297
-3.249375
-9.208373
-5.555205
-7.463995
-9.276750
-5.790664
-7.066002
-6.815069
-7.115314
-5.521398
-7.281240
-6.452786
-6.431012
-3.036753
-7.128767
-9.145687
-3.372970
-7.750868
-5.790664
-5.656979
-5.790664
-7.917977
-7.683656
-7.303628
-5.790664
-5.002141
-5.561973
-11.891189
-2.487790
-6.208956
-5.534924
-3.300479
-5.433488
-9.185576
-7.070482
-7.756884
-4.993213
-5.790664
-7.947265
-5.548445
-7.424970
-5.605663
-5.507878
-3.303878
-8.048609
-4.495283
-7.384293
-7.357187
-5.321906
-7.335004
-9.045094
-5.538300
-2.695697
-7.411419
-5.076175
-3.306467
-6.178225
-7.379840
-8.334593
-7.302594
-9.888297
-5.528158
-7.766646
-8.015603
-3.343883
-8.145456
-7.349080
-7.795408
-8.145456
-7.352666
-3.500071
-5.154393
-3.282019
-7.303628
-3.508830
-5.745282
-8.329568
-8.973831
-3.018242
-5.582258
-9.271051
-4.259518
-5.545067
-8.641397
-5.790664
-6.122614
-3.097300
-3.174381
-7.597433
-7.815212
-5.085601
-5.497729
-8.644241
-7.231890
-7.222918
-7.303628
-3.270451
-6.226535
-5.435750
-5.490963
-6.188666
-7.991199
-7.881110
-3.623656
-7.359209
-9.430599
-7.323725
-9.134295
-5.362484
-5.416585
-7.996083
-2.025743
-3.291922
-5.588220
-8.946253
-8.000966
-7.760765
-5.585638
-8.283083
-5.541685
-3.290473
-6.107708
-3.403374
-7.296360
-7.030128
-5.511256
-7.133248
-9.402108
-5.514634
-7.825228
-7.133248
-7.119799
-8.334593
-7.696422
-7.829425
-4.727476
-3.439333
-7.693424
-3.298473
-7.948388
-7.971677
-5.326108
-5.031704
-4.873084
-6.516010
-9.367923
-5.524778
-3.335557
-3.145967
-4.427175
-7.940448
-9.071614
-7.300410
-5.322894
-7.326036
-9.424901
-4.356737
-5.524778
-7.039100
-3.224415
-7.908207
-7.406896
-3.084810
-7.316510
-5.787169
-7.101861
-8.079189
-3.237135
-3.439333
-6.456737
-3.587584
-7.849638
-3.387523
-9.305241
-4.277869
-7.805693
-6.953909
-3.204405
-3.471089
-3.363607
-4.583454
-7.361903
-8.334593
-5.334181
-6.381654
-9.430599
-9.350823
-5.863137
-6.362414
-6.049137
-2.500405
-3.358424
-4.815462
-5.484207
-9.094411
-9.265352
-9.305241
-3.264905
-10.010221
-5.794156
-3.196398
-9.316637
-9.248256
-5.790664
-3.264448
-3.577389
-5.790664
-3.711735
-4.048419
-4.754511
-9.379316
-4.354013
-6.460329
-6.417215
-10.180285
-7.629966
-5.524778
-3.387523
-2.069829
-8.986139
-5.511256
-8.682091
-3.296075
-2.912376
-2.670934
-3.587584
-7.393335
-7.443048
-7.479198
-3.451950
-8.329568
-9.259651
-8.112737
-3.375046
-3.343883
-7.590905
-5.452272
-3.408304
-9.419200
-9.214067
-9.350823
-7.357426
-6.119715
-7.173593
-5.575497
-8.000966
-9.151382
-5.790664
-5.568739
-3.262451
-5.236057
-7.443266
-3.302413
-6.212796
-7.849638
-8.058805
-9.356521
-8.872172
-5.790664
-8.135263
-9.293839
-7.279353
-9.237817
-6.139799
-8.648742
-5.677700
-5.521398
-7.097383
-9.424901
-5.572112
-9.350823
-7.384293
-5.561973
-7.952153
-3.306474
-9.367923
-7.566497
-4.194025
-9.288144
-9.128594
-3.399992
-5.790664
-7.474679
-7.312587
-5.484207
-3.310573
-5.514634
-8.154881
-8.162536
-5.165291
-5.242489
-8.334593
-7.941121
-8.232106
-7.688532
-8.172497
-3.385448
-7.942384
-11.105617
-6.074800
-9.288144
-7.196018
-7.195682
-1.795092
-9.202673
-4.364887
-7.859395
-9.299541
-7.479198
-5.497729
-5.787169
-9.056048
-10.174086
-6.228160
-7.397775
-7.393293
-5.790664
-3.314789
-3.443631
-3.409706
-5.661516
-5.790664
-4.423578
-9.162790
-8.277979
-7.060827
-6.761256
-9.998037
-9.094411
-3.468366
-11.733238
-4.210400
-9.145687
-3.325163
-5.471054
-9.924876
-9.248256
-0.618930
-6.801956
-5.399673
-5.504492
-9.396414
-5.790664
-6.973053
-7.092900
-5.531543
-0.630530
-8.458042
-5.681408
-9.179881
-5.790664
-4.394860
-5.565346
-5.501108
-5.545067
-7.465635
-7.209475
-5.790664
-9.174178
-5.616146
-9.430599
-8.074093
-4.755277
-9.276750
-5.787169
-2.063532
-7.161754
-5.685845
-1.452748
-3.308532
-7.258790
-7.245345
-8.776587
-3.532889
-8.370948
-9.165856
-5.790664
-7.673892
-9.373620
-9.174178
-5.787169
-7.986314
-9.282452
-3.416946
-4.294987
-6.448837
-3.339718
-5.295125
-2.585543
-7.817236
-4.881685
-5.538300
-7.917977
-7.429249
-5.535860
-6.185904
-7.402256
-6.081195
-7.009742
-8.809932
-6.726777
-5.575497
-5.938201
-6.247375
-7.391895
-6.235850
-9.402108
-5.521398
-5.794156
-1.778944
-2.599610
-3.576643
-7.052550
-5.892405
-3.343211
-6.832627
-5.790664
-3.408304
-7.612284
-2.038581
-8.038414
-3.409868
-3.186138
-7.522640
-6.204403
-5.521398
-9.253953
-7.332860
-7.415934
-9.191277
-5.790664
-7.737354
-9.419200
-6.334247
-3.156373
-5.467299
-6.863763
-5.531543
-8.145456
-8.969040
-5.874359
-9.350823
-8.211720
0.020874
-9.339433
-3.408304
-9.157085
-5.675478
-4.955368
-5.686568
-7.839864
-8.708396
-5.634102
-3.242038
-9.231157
-3.637585
-4.305065
-0.635336
-5.790664
-9.333734
-6.112286
-7.698305
-0.587924
-4.473941
-8.638545
-9.419200
-9.390713
-2.793478
-6.859758
-5.343937
-9.339433
-6.953433
-4.359459
-8.176038
-8.206626
-9.373620
-9.362223
-3.306467
-10.764353
-7.218801
-5.578878
-7.370736
-7.352666
-3.364659
-5.575497
-7.275046
-3.368812
-6.763671
-9.310930
0.437017
-6.460685
-5.790664
-5.313238
-7.447941
-5.568739
-3.831859
-7.795931
-9.991936
-9.003232
-3.227491
-6.239687
-7.343976
-8.057948
-3.598521
-7.340675
-9.054520
-8.610436
-3.420289
-6.526875
-7.131223
-5.790664
-9.293839
-5.786424
-8.499993
-4.539405
-3.407710
-8.053699
-9.290004
-8.227008
-7.755813
-7.317075
-5.671986
-7.443048
-5.555205
-7.592481
-6.946727
-5.568739
-7.339491
-9.424901
-9.900486
-6.548572
-3.300479
-5.668491
-5.551821
-9.265352
-7.634711
-1.737590
-5.581233
-8.283083
-9.419200
-6.518022
-9.157085
-3.466851
-7.800814
-7.160149
-5.565346
-9.179881
-8.213598
-7.079448
-5.528158
-5.685956
-5.530034
-5.703235
-3.392783
-8.252497
-5.794156
-9.424901
-3.287764
-5.242489
-5.794156
-9.117189
-8.277979
-7.379840
-6.126380
-7.864275
-1.904321
-7.654367
-9.248256
-5.281077
-5.790664
-5.724346
-7.673892
-8.963344
-9.299541
-4.987172
-5.425957
-9.054520
-5.548445
-3.337090
-6.239687
-6.433028
-5.549823
-5.555205
-8.298373
-8.327698
-7.864275
-9.407806
-7.429492
-7.330068
-9.259651
-5.790664
-7.961907
-7.034614
-3.308477
-5.558596
-3.165972
-5.518018
-7.358374
-6.496258
-3.422853
-7.703182
-6.850794
-3.234434
-9.316637
-0.641344
-5.545067
-5.790664
-5.558596
-5.089158
-5.558596
-9.328034
-9.328034
-8.329568
-5.787169
-8.247398
-5.511256
-7.106350
-7.470159
-5.790664
-3.418694
-3.574459
-3.539453
-5.790664
-5.565346
-5.787169
-5.790664
-5.790664
-5.528882
-5.790664
-3.129028
-3.288130
-9.271051
-3.282052
-6.285800
-6.285800
-11.733238
-1.986163
-5.790664
-5.790664
-3.128357
-5.790664
-5.790664
-5.790664
-5.787169
-7.019362
-5.790664
-5.790664
-6.216635
-9.430599
-5.787169
-5.790664
-5.790664
-5.790664
-7.611367
-5.568739
-5.322894
-7.022188
-5.787169
-5.790664
-5.790664
-5.501108
-7.479198
-7.192473
-5.790664
-5.790664
-8.272887
-5.787169
-3.389594
-8.786702
-5.033755
-8.945484
-5.504492
-9.231157
-5.790664
-7.254302
-9.185576
-5.790664
-5.850934
-5.534924
-5.790664
-9.419200
-9.202673
-5.284297
-9.339433
-5.561973
-5.790664
-5.790664
-5.534924
-5.790664
-5.206635
-9.219764
-0.590462
-9.282452
-5.558596
-5.790664
-8.010727
-9.276750
-5.790664
-8.360066
-5.790664
-3.462623
-5.589017
-5.794156
-8.047996
-9.930975
-3.387523
-9.436294
-8.239196
-3.445708
-5.558596
-5.794156
-5.790664
-5.572112
-8.040019
-5.790664
-3.507066
-9.430599
-8.329568
-3.447789
-9.316637
-10.186488
-5.790664
-8.329568
-8.188949
-3.237731
-9.316637
-7.483717
-9.407806
-9.436294
-6.160614
-7.204988
-3.067636
-8.125069
-8.334593
-3.460703
-5.310022
-5.541685
-0.636135
-9.373620
-7.043262
-5.511256
-5.794156
-9.894391
-5.790664
-5.565346
-5.794156
-5.790664
-9.339433
-9.373620
-5.790664
-8.329568
-7.429492
-5.490963
-9.407806
-5.575497
-5.568739
-5.794156
-5.790664
-5.787169
-9.367923
-9.638346
-5.561973
-5.790664
-7.402375
-9.288144
-8.145456
-5.561973
-8.646632
-9.100099
-5.572112
-9.350823
-9.219764
-7.703182
-9.333734
-5.561973
-9.362223
-5.376008
-8.484276
-5.794156
-9.424901
-9.242560
-5.794156
-5.511256
-6.212796
-6.221687
-8.329568
-5.511256
-5.794156
-9.430599
-7.311990
-5.536973
-4.150372
-5.790664
-5.794156
-5.790664
-3.585396
-8.187438
-3.410378
-7.285690
-5.794156
-5.790664
-3.369718
-2.045886
-5.794156
-5.534924
-7.488235
-7.839864
-5.561973
-5.426717
-7.115314
-3.387523
-5.575497
-7.276721
-3.280465
-5.790664
-8.826612
-9.039614
-8.252497
-5.578878
-5.568739
-8.267789
-9.339433
-5.578878
-5.790664
-5.790664
-5.497729
-7.434011
-8.329568
-5.174950
-5.558596
-9.151382
-10.211290
-3.461867
-5.274655
-5.511256
-5.790664
-8.112737
-8.334593
-5.790664
-6.251217
-3.246436
-7.126642
-7.357187
-5.521398
-3.408304
-7.429492
-9.430599
-8.167521
-7.124281
-5.790664
-2.818983
-3.754540
-8.334593
-5.790664
-5.787169
-5.790664
-1.943846
-9.430599
-5.582258
-5.794156
-3.410378
-4.933105
-5.787169
-8.479045
-3.530701
-5.572112
-5.558596
-8.329568
-7.839864
-6.100523
-5.790664
-5.776031
-5.790664
-10.155492
-3.414532
-9.436294
-8.997535
-7.474679
-9.430599
-5.794156
-10.198890
-5.790664
-5.790664
-3.594140
-5.018976
-6.178225
-5.790664
-5.790664
-7.908207
-9.920211
-5.794156
-5.531543
-5.551821
-5.790664
-5.524778
-5.561973
-9.784657
-5.551821
-3.589766
-5.794156
-8.329568
-5.790664
-5.790664
-5.558596
-5.790664
-5.794156
-7.952153
-8.329568
-5.790664
-5.790664
-6.196524
-5.745282
-6.512058
-5.794156
-6.967365
-6.444885
-8.013133
-7.747117
-5.794156
-5.507878
-5.613290
-5.790664
-5.242489
-5.511256
-7.869156
-5.790664
-5.142777
-9.367923
-5.261786
-7.218436
-5.551821
-5.790664
-9.276750
-5.787169
-4.702148
-3.416621
-9.436294
-3.290177
-9.937066
-9.436294
-7.483717
-9.430599
-5.609824
-7.182570
-5.790664
-9.441998
-5.548445
-4.310519
-5.790664
-5.619634
-3.397000
-5.794156
-5.790664
-5.319677
-5.255348
-9.299541
-5.794156
-8.552367
-8.334593
-5.187815
-9.373620
-9.436294
-1.804075
-8.170947
-7.213956
-5.790664
-5.136664
-9.253953
-5.565346
-9.350823
-5.794156
-5.794156
-6.276712
-2.744591
-8.329568
-5.575497
-7.479198
-3.339127
-9.436294
-3.248437
-5.561973
-5.790664
-8.329568
-9.430599
-4.199884
-9.039614
-5.790664
-5.790664
-9.419200
-7.348146
-3.226418
-7.429492
-5.668496
-7.913088
-5.790664
-5.794156
-5.790664
-5.794156
-10.198890
-5.979939
-8.510468
-9.202673
-2.924022
-8.951904
-5.794156
-3.414532
-5.790664
-8.118281
-7.370880
-5.585638
-5.741800
-5.565346
-5.555205
-6.720765
-5.558596
-9.385017
-5.538300
-5.790664
-5.641045
-8.329568
-8.237208
-5.326108
-5.545067
-5.565346
-8.329568
-5.790664
-5.558596
-5.790664
-2.950346
-3.445708
-5.794156
-3.414532
-7.321026
-4.837418
-5.790664
-3.480390
-9.390713
-5.790664
-3.552574
-5.531543
-8.040019
-5.568739
-5.561973
-8.148818
-8.329568
-7.479198
-9.373620
-7.348146
-7.370880
-7.479198
-6.278921
-5.647553
-7.227400
-9.441998
-5.787169
-8.242308
-5.521398
-9.276750
-9.542766
-3.391677
-5.787169
-9.293839
-5.790664
-5.423345
-5.507878
-9.316637
-9.339433
-9.424901
-3.443631
-3.329284
-9.356521
-3.341170
-5.692934
-9.419200
-3.352192
-7.791057
-9.441998
-7.474679
-5.787169
-5.790664
-3.587584
-5.790664
-5.790664
-5.507878
-5.790664
-5.790664
-8.334593
-8.329568
-5.790664
-5.790664
-5.790664
-5.561973
-5.322894
-8.329568
-5.524778
-5.794156
-10.034609
-5.787169
-5.790664
-9.039614
-6.354006
-5.184592
-5.568739
-5.790664
-5.790664
-9.385017
-5.790664
-5.550837
-9.231157
-7.479198
-8.329568
-5.794156
-8.599496
-9.328034
-5.261786
-5.790664
-5.787169
-9.305241
-5.790664
-8.329568
-7.483717
-5.053738
-5.787169
-8.329568
-7.479198
-5.790664
-7.393293
-7.231890
-5.582258
-5.790664
-5.794156
-9.111498
-9.430599
-5.790664
-5.568739
-5.790664
-8.329568
-5.794156
-5.226408
-9.305241
-9.430599
-5.790664
-7.751019
-5.790664
-8.234180
-5.790664
-9.214067
-5.790664
-5.790664
-5.794156
-7.708066
-7.411419
-5.561973
-5.794156
-5.794156
-9.459093
-9.367923
-9.157085
-5.794156
-8.329568
-7.479198
-8.334593
-5.752266
-5.790664
-4.925493
-8.957380
-3.402066
-9.424901
-8.662345
-5.696424
-3.327250
-8.334593
-8.329568
-1.970290
-5.790664
-5.790664
-8.334593
-5.794156
-9.419200
-9.288144
-5.790664
-6.294723
-5.787169
-3.550071
-5.794156
-9.242560
-5.790664
-6.488344
-5.790664
-9.379316
-5.790664
-5.790664
-5.790664
-5.759252
-9.362223
-5.787169
-5.794156
-5.794156
-3.462623
-5.790664
-8.334593
-5.210320
-9.407806
-8.237208
-8.162536
-7.249822
-8.030252
-7.317075
-5.790664
-5.794156
-5.790664
-5.790664
-5.787169
-5.787169
-5.794156
-6.431916
-5.794156
-8.329568
-8.329568
-5.790664
-5.558596
-5.790664
-5.794156
-5.769717
-5.794156
-5.790664
-5.790664
-4.307779
-5.790664
-5.790664
-5.794156
-9.339433
-5.790664
-5.790664
-5.524778
-5.790664
-9.390713
-5.787169
-8.329568
-5.790664
-5.790664
-0.661743
-8.334593
-8.329568
-5.794156
-5.787169
-5.790664
-8.329568
-8.329568
-8.329568
-5.326108
-5.790664
-6.182391
-9.430599
-6.212796
-5.790664
-8.059537
-9.356521
-1.809154
-5.794156
-5.787169
-5.613290
-3.408304
-5.575497
-8.329568
-5.790664
-5.794156
-9.419200
-5.790664
-8.329568
-8.334593
-5.790664
-5.453776
-8.329568
-5.790664
-5.794156
-5.790664
-5.790664
-8.206626
-5.794156
-3.389594
-5.790664
-2.785053
-5.790664
-5.790664
-5.790664
-5.794156
-5.794156
-5.794156
-5.168472
-5.565346
-9.441998
-5.790664
-5.787169
-5.794156
-7.533439
-8.334593
-5.794156
-7.913088
-4.473678
-5.794156
-5.568739
-6.757043
-7.245345
-5.790664
-5.790664
-5.787169
-6.243533
-9.396414
-5.575497
-7.317075
-5.585638
-5.794156
-5.555205
-5.790664
-9.441998
-5.575497
-5.511256
-5.787169
-5.790664
-5.247396
-5.794156
-5.787169
-5.790664
-5.790664
-5.561973
-5.787169
-8.334593
-3.445708
-8.334593
-5.790664
-5.790664
-5.790664
-8.329568
-5.787169
-5.790664
-5.790664
-5.787169
-5.794156
-5.790664
-9.356521
-8.997535
-7.952153
-5.031704
-8.968347
-5.787169
-9.870010
-5.794156
-5.565346
-5.790664
-5.794156
-5.538300
-3.361564
-9.196973
-4.365665
-9.094411
-5.790664
-5.790664
-8.334593
-5.790664
-9.447696
-9.973645
-5.794156
-5.790664
-9.043118
-6.581059
-5.528158
-5.790664
-9.436294
-5.578878
-3.432989
-5.794156
-5.790664
-8.329568
-7.348462
-5.326108
-5.568739
-7.035584
-8.329568
-5.790664
-5.790664
-3.372970
-5.790664
-2.766503
-5.794156
-9.402108
-8.329568
-5.794156
-5.794156
-5.790664
-5.790664
-5.528158
-5.794156
-5.651046
-5.790664
-5.790664
-8.329568
-6.958392
-5.494348
-5.790664
-5.794156
-5.640576
-5.794156
-9.436294
-7.246210
-5.675478
-5.790664
-5.640045
-5.582258
-5.790664
-5.310184
-5.790664
-5.790664
-9.145687
-5.790664
-9.424901
-5.565346
-5.790664
-10.095568
-5.794156
-8.329568
-8.143798
-5.332537
-8.334593
-6.366459
-5.790664
-5.794156
-5.565346
-3.395835
-5.545067
-9.402108
-5.281077
-5.790664
-7.869659
-3.268455
-8.329568
-5.731322
-5.790664
-6.201266
-5.794156
-9.179881
-9.219764
-8.135263
-5.561973
-5.794156
-5.790664
-5.794156
-7.456605
-3.622585
-3.413944
-5.521398
-5.565346
-10.077279
-5.565346
-6.070994
-5.329325
-5.524778
-8.329568
-5.524778
-9.039614
-3.414532
-4.576169
-5.790664
-5.790664
-5.790664
-5.794156
-8.053699
-7.144785
-8.329568
-5.794156
-9.453392
-4.810564
-3.370895
-5.558596
-8.334593
-8.252497
-5.790664
-9.328034
-6.472540
-6.108562
-5.787169
-5.558596
-5.790664
-7.182570
-5.952209
-3.304473
-9.225466
-3.589766
-7.611367
-5.794156
-5.790664
-5.787169
-3.420289
-5.790664
-7.258790
-5.790664
-5.787169
-8.329568
-5.790664
-5.787169
-9.328034
-5.281077
-8.990283
-8.334593
-5.561973
-7.424970
-5.790664
-5.790664
-5.790664
-5.790664
-5.790664
-5.790664
-3.443631
-5.790664
-6.258908
-5.790664
-5.787169
-9.447696
-7.425051
-9.339433
-3.635080
-5.790664
-4.782049
-6.958392
-6.239687
-8.329568
-5.790664
-5.794156
-8.334593
-5.790664
-5.572112
-5.790664
-3.318936
-8.049780
-5.790664
-6.119715
-5.794156
-8.334593
-5.790664
-5.794156
-3.391677
-9.316637
-8.040019
-7.146703
-6.652143
-5.572112
-9.430599
-9.441998
-10.223690
-9.202673
-8.232253
-7.293535
-5.794156
-5.790664
-5.790664
-9.419200
-5.790664
-5.790664
-5.790664
-7.406896
-5.790664
-5.794156
-5.790664
-5.794156
-5.790664
-9.276750
-9.424901
-7.810573
-9.122895
-5.271435
-6.193586
-9.299541
-3.356791
-8.132655
-5.790664
-5.787169
-5.790664
-5.790664
-5.790664
-9.054520
-5.790664
-9.339433
-7.834986
-5.790664
-9.339433
-5.790664
-7.360211
-5.578878
-9.345136
-5.790664
-5.790664
-5.794156
-5.518018
-5.790664
-5.794156
-9.242560
-9.436294
-3.364659
-5.794156
-4.465510
-8.334593
-5.790664
-7.357426
-5.790664
-5.787169
-5.521398
-5.780195
-8.257598
-7.375360
-4.968086
-8.348117
-5.787169
-5.790664
-8.177468
-3.393754
-7.588015
-7.465635
-4.441042
-9.117189
-9.430599
-9.310930
-5.794156
-5.794156
-3.591950
-8.267789
-4.673732
-5.790664
-5.794156
-5.794156
-5.790664
-5.787169
-7.747117
-2.674195
-7.110830
-6.202034
-9.441998
-5.790664
-8.662345
-5.794156
-8.946253
-8.249235
-3.624768
-5.790664
-0.763679
-5.790664
-5.790664
-8.010727
-5.605663
-5.790664
-3.302314
-4.510938
-3.390661
-5.572112
-5.561973
-5.470677
-4.542171
-8.237208
-8.043386
-7.927736
-9.424901
-5.790664
-8.334593
-5.790664
-5.790664
-3.556954
-9.179881
-5.572112
-5.555205
-5.790664
-3.369495
-5.565346
-5.794156
-5.561973
-5.794156
-7.810573
-5.790664
-5.787169
-3.348032
-8.232106
-5.658021
-5.794156
-9.225466
-6.846308
-4.780965
-9.402108
-7.101861
-5.787169
-5.558596
-3.362577
-5.692934
-5.790664
-8.000966
-5.790664
-5.794156
-5.790664
-3.609242
-4.441042
-5.790664
-7.479198
-5.790664
-5.790664
-5.790664
-5.790664
-7.947265
-5.790664
-5.585638
-3.204104
-5.790664
-7.654367
-5.790664
-5.787169
-5.548445
-5.787169
-5.322894
-5.640576
-8.329568
-5.794156
-3.521958
-7.479198
-3.263648
-9.402108
-5.290735
-3.208414
-5.572112
-5.790664
-6.270431
-8.334593
-5.790664
-5.790664
-5.790664
-3.594140
-9.763879
-5.790664
-5.794156
-7.693424
-6.472540
-5.504492
-6.232009
-5.790664
-8.334593
-5.790664
-8.329568
-6.645105
-5.790664
-4.327176
-5.787169
-9.105798
-6.453848
-9.225466
-5.790664
-9.379316
-5.790664
-8.951951
-5.794156
-9.413504
-5.572112
-5.787169
-5.790664
-5.794156
-9.356521
-5.790664
-5.759252
-4.373056
-7.883807
-5.554317
-6.322379
-5.794156
-5.582258
-7.532864
-9.299541
-5.790664
-7.312512
-3.435314
-5.794156
-8.293277
-5.790664
-5.794156
-5.790664
-5.790664
-3.410378
-5.326108
-6.385613
-5.507878
-5.790664
-5.794156
-5.790664
-5.790664
-5.790664
-7.402256
-4.397528
-5.787169
-5.790664
-5.794156
-5.790664
-8.329568
-5.790664
-5.555205
-5.790664
-9.339433
-8.329568
-5.790664
-8.329568
-9.023164
-8.329568
-5.790664
-5.790664
-8.329568
-9.322335
-5.582073
-5.561973
-5.790664
-7.479198
-5.790664
-5.582258
-5.790664
-5.787169
-3.354264
-5.794156
-5.790664
-7.869156
-4.405681
-7.343626
-8.329568
-3.265695
-6.421172
-7.285690
-9.407806
-3.391677
-5.790664
-5.790664
-8.329568
-5.790664
-9.430599
-5.794156
-5.787169
-5.790664
-8.329568
-5.787169
-5.794156
-5.787169
-8.229156
-4.633241
-3.624768
-5.790664
-5.794156
-5.313238
-5.794156
-5.790664
-5.790664
-5.790664
-7.820346
-3.216746
-5.790664
-5.794156
-5.790664
-6.174375
-5.790664
-5.572112
-8.329568
-5.794156
-5.787169
-5.794156
-5.794156
-5.561973
-5.790664
-5.790664
-5.790664
-5.794156
-9.339433
-7.294658
-6.293478
-7.479198
-7.328291
-5.790664
-5.787169
-5.790664
-5.790664
-5.794156
-6.448837
-5.790664
-5.548445
-5.568739
-7.479198
-8.066159
-5.787169
-5.790664
-5.790664
-5.538300
-9.299541
-5.790664
-7.303628
-5.790664
-8.104675
-9.424901
-4.949408
-5.794156
-5.699913
-3.418694
-3.441555
-3.377125
-5.555205
-9.299541
-5.790664
-5.565346
-9.214067
-9.328034
-7.839864
-3.343211
-5.790664
-5.565346
-3.406225
-5.790664
-9.045094
-9.419200
-3.468971
-9.111498
-6.197430
-5.794156
-5.790664
-5.790664
-5.412620
-5.504492
-5.460532
-9.339433
-3.585396
-9.350823
-5.790664
-3.393754
-5.450394
-5.790664
-5.790664
-5.790664
-5.790664
-7.307844
-9.430599
-7.483717
-9.430599
-5.790664
-5.794156
-5.794156
-5.790664
-5.450238
-5.787169
-5.474063
-8.803791
-7.957031
-8.025374
-5.642045
-9.424901
-9.396414
-10.081089
-8.334593
-5.790664
-5.790664
-5.790664
-6.174375
-7.424970
-3.316864
-5.790664
-5.790664
-9.979743
-9.407806
-5.790664
-5.794156
-9.464799
-7.434011
-8.746690
-5.555205
-5.790664
-5.790664
-6.228160
-8.334593
-5.551821
-5.568739
-5.787169
-8.165847
-5.787169
-4.462798
-5.578878
-5.794156
-5.790664
-5.794156
-5.790664
-8.329568
-5.787169
-7.557841
-7.280355
-3.300479
-9.350823
-9.430599
-5.794156
-5.794156
-5.484207
-10.205088
-6.488344
-5.790664
-7.438525
-8.329568
-5.790664
-9.219764
-7.420445
-5.783683
-8.334593
-9.328034
-3.449924
-5.538300
-7.457267
-8.654301
-9.998037
-3.123991
-8.242308
-5.790664
-11.861103
-8.329568
-9.402108
-5.504492
-9.045094
-5.794156
-6.249202
-5.790664
-3.479558
-7.420445
-3.333485
-5.780195
-5.790664
-9.339433
-9.402108
-5.787169
-5.787169
-5.790664
-8.334593
-9.345136
-5.787169
-8.334593
-7.443048
-5.790664
-5.319677
-5.565346
-2.851743
-9.305241
-5.582258
-5.565346
-6.456737
-8.636162
-9.367923
-9.299541
-3.377125
-5.487585
-9.248256
-9.379316
-9.402108
-3.286089
-5.790664
-8.329568
-3.563525
-5.790664
-8.334593
-5.790664
-7.034614
-5.790664
-5.561973
-5.787169
-4.033640
-5.321401
-5.790664
-5.524778
-3.385448
-3.184386
-7.820346
-5.790664
-8.334593
-9.949255
-5.790664
-7.483717
-5.790664
-5.790664
-3.391677
-5.790664
-8.334593
-5.790664
-5.790664
-5.790664
-3.341808
-5.790664
-5.794156
-5.787169
-9.373620
-5.790664
-5.790664
-9.402108
-7.800814
-6.056616
-5.575497
-5.794156
-9.299541
-9.419200
-5.790664
-3.214407
-5.787169
-5.929968
-7.823008
-5.794156
-5.794156
-4.313219
-5.790664
-7.366391
-5.794156
-5.790664
-5.790664
-9.356521
-3.624768
-8.334593
-5.794156
-5.794156
-6.197430
-3.218422
-5.790664
-5.790664
-8.206626
-7.370880
-5.790664
-5.790664
-9.322335
-9.350823
-7.357187
-7.263266
-5.790664
-5.787169
-5.794156
-6.496258
-3.614746
-8.997535
-9.305241
-9.122895
-6.255545
-9.413504
-5.787169
-5.790664
-10.061536
-7.479198
-5.332056
-5.790664
-7.996083
-3.300479
-5.223184
-5.181198
-9.430599
-5.528158
-3.333004
-5.561973
-5.790664
-5.790664
-5.790664
-5.790664
-7.991199
-5.511256
-8.334593
-5.442359
-9.413504
-8.187438
-7.415934
-5.790664
-5.790664
-5.790664
-1.975173
-5.538300
-9.390713
-7.820346
-7.927736
-5.794156
-5.494348
-5.790664
-9.339433
-9.424901
-3.479558
-5.575497
-5.787169
-5.790664
-3.587584
-7.241542
-5.787169
-9.424901
-5.531543
-10.124490
-7.574008
-5.790664
-3.405479
-8.625688
-5.319677
-5.561973
-9.424901
-5.790664
-6.448837
-7.101861
-6.433028
-5.790664
-5.794156
-9.430599
-5.794156
-5.794156
-5.790664
-3.402066
-3.369495
-5.790664
-5.794156
-0.650535
-5.790664
-9.305241
-8.043507
-5.528158
-5.790664
-7.666732
-9.402108
-9.322335
-5.790664
-9.316637
-5.790664
-5.790664
-9.034130
-8.505228
-9.322335
-5.790664
-5.790664
-8.329568
-5.790664
-5.790664
-9.413504
-9.407806
-8.293277
-5.790664
-5.790664
-2.791798
-3.445708
-7.461118
-8.229156
-9.379316
-9.056048
-8.329568
-10.180285
-8.951324
-5.582258
-10.227232
-5.776700
-3.370895
-7.361709
-5.565346
-7.937504
-7.500043
-5.558596
-3.364659
-10.028514
-9.973645
-9.248256
-5.787169
-5.797651
-9.926091
-8.125069
-7.209475
-5.790664
-9.402108
-9.276750
-5.568739
-5.794156
-5.616761
-7.805693
-3.416621
-7.411419
-6.637064
-6.214245
-5.561973
-5.575497
-5.790664
-7.388819
-5.790664
-9.902567
-7.963699
-5.790664
-7.361903
-5.326108
-5.790664
-5.745282
-2.934420
-9.419200
-8.329568
-6.298684
-8.334593
-5.797651
-5.787169
-3.333485
-8.155643
-5.790664
-9.322335
-2.327786
-8.147593
-6.197430
-5.416585
-8.637645
-6.500206
-7.443048
-6.258908
-3.416621
-8.329568
-9.191277
-9.265352
-5.790664
-8.782139
-5.518018
-7.727593
-9.447696
-8.329568
-3.391677
-9.413504
-5.303598
-6.002703
-5.790664
-9.179881
-7.864275
-7.187056
-7.470159
-5.572112
-5.794156
-5.794156
-7.443048
-6.082540
-5.790664
-9.134295
-6.980024
-5.790664
-8.329568
-5.790664
-5.582258
-8.329568
-5.790664
-3.418533
-7.406298
-3.302480
-3.397911
-7.602023
-5.787169
-9.424901
-5.790664
-5.534924
-5.790664
-8.329568
-7.917977
-7.200496
-9.362223
-5.790664
-9.367923
-5.794156
-7.384293
-7.352666
-7.452087
-5.412071
-5.794156
-9.174178
-8.334593
-8.329568
-5.555205
-7.397856
-5.790664
-8.990283
-10.056291
-5.582258
-5.111219
-5.787169
-9.436294
-7.606699
-6.460685
-9.924876
-7.281200
-9.430599
-5.213538
-5.787169
-3.196326
-9.373620
-3.358424
-5.790664
-5.787169
-5.794156
-5.518018
-8.329568
-9.402108
-9.419200
-5.790664
-9.356521
-5.502275
-5.794156
-5.790664
-5.790664
-3.333485
-5.787169
-5.790664
-9.253953
-3.420768
-5.794156
-4.555948
-5.790664
-5.526558
-9.248256
-9.396414
-2.610767
-5.790664
-9.328034
-7.443048
-5.794156
-9.310930
-5.467299
-10.118288
-5.490963
-5.561973
-3.416621
-7.411419
-9.833431
-5.268218
-9.060217
-3.389594
-5.790664
-9.328034
-5.497729
-9.424901
-5.790664
-5.578878
-9.424901
-5.794156
-4.084027
-7.443048
-9.157085
-5.555205
-9.031724
-5.197466
-3.481359
-5.561973
-5.790664
-6.193586
-5.790664
-5.794156
-5.794156
-9.145687
-9.248256
-5.790664
-5.790664
-5.561973
-5.514634
-8.329568
-5.794156
-5.790664
-3.556114
-5.790664
-5.790664
-9.407806
-6.965676
-3.112334
-5.790664
-10.052899
-3.418694
-3.379204
-10.087291
-5.079836
-3.410378
-7.021320
-6.255061
-3.401237
-5.534924
-5.521398
-5.790664
-5.790664
-7.161754
-5.620233
-6.037918
-5.790664
-5.790664
-1.493330
-3.366638
-5.794156
-7.770186
-5.565346
-7.456605
-5.363052
-7.402256
-7.384330
-5.518018
-8.329568
-5.794156
-5.790664
-5.790664
-9.028649
-5.568739
-7.076505
-5.470677
-6.280647
-6.709763
-9.253953
-9.345136
-5.325286
-5.555205
-7.030107
-7.352947
-9.408447
-5.790664
0.756090
-5.794156
-1.969059
-10.022418
-3.443631
-5.790664
-9.122895
-5.578878
-3.348032
-6.205108
-7.742233
-5.790664
-8.329568
-8.063898
-8.329568
-5.790664
-5.787169
-5.565346
-9.293839
-8.329568
-5.790664
-5.790664
-6.425125
-5.316455
-5.790664
-5.787169
-5.790664
-9.447696
-2.764822
-5.790664
-5.518018
-5.534924
-5.794156
-5.790664
-3.052098
-9.419200
-5.561973
-9.430599
-5.787169
-9.162790
-5.790664
-9.293839
-3.435104
-7.752001
-6.922520
-2.505139
-5.790664
-8.329568
-8.329568
-5.794156
-5.555205
-5.790664
-5.790664
-5.794156
-9.202673
-5.555205
-9.339433
-7.319167
-5.561973
-7.461940
-8.334593
-5.463919
-5.538300
-7.459108
-9.424901
-5.794156
-9.299541
-5.790664
-9.390713
-9.034130
-5.794156
-9.430599
-5.794156
-5.239279
-8.991834
-5.794156
-8.242308
-8.170947
-8.199032
-5.790664
-5.787169
-3.435866
-5.790664
-3.399992
-3.416621
-9.447696
-7.411222
-7.335004
-9.430599
-8.630922
-9.328034
-9.328034
-3.441555
-3.412449
-5.790664
-5.293944
-5.794156
-9.282452
-5.490963
-5.568739
-3.594140
-9.430599
-9.973645
-9.356521
-3.420289
-8.329568
-5.303598
-5.854720
-5.787169
-5.790664
-5.313238
-3.362577
-9.350823
-5.794156
-5.790664
-7.429492
-9.322335
-3.513199
-6.998744
-5.462181
-5.790664
-4.894934
-5.787169
-7.420445
-3.468366
-3.248437
-6.185904
-5.790664
-5.794156
-5.528158
-4.294187
-8.202376
-6.945159
-9.179881
-7.470159
-3.350443
-7.913088
-5.790664
-7.644606
-9.693213
-5.589017
-5.790664
-9.339433
-7.508639
-8.698771
-5.794156
-8.232253
-9.447696
-8.172497
-5.790664
-5.787169
-8.329568
-5.790664
-5.794156
-5.790664
-9.436294
-5.790664
-4.480426
-2.793478
-9.424901
-8.329568
-7.384330
-6.208956
-5.329325
-5.568739
-5.477447
-8.229156
-9.288144
-5.790664
-5.790664
-3.372970
-7.996083
-9.413504
-7.717831
-5.514634
-6.417215
-5.531543
-9.379316
-5.790664
-5.787169
-9.088715
-5.790664
-5.575497
-9.367923
-8.329568
-5.790664
-5.790664
-5.787169
-9.045094
-5.790664
-3.228426
-9.151382
-9.039614
-9.006721
-5.538300
-3.408304
-9.191277
-9.979743
-7.986314
-3.581020
-5.790664
-5.188832
-8.043012
-3.356343
-8.334593
-7.429492
-8.636162
-5.790664
-5.790664
-8.334593
-5.790664
-5.575497
-8.894965
-5.790664
-8.298373
-5.689442
-9.973645
-9.362223
-9.362223
-8.186230
-5.790664
-8.329568
-9.407806
-5.578878
-6.425125
-9.305241
-5.741800
-8.329568
-5.790664
-5.787169
-9.168486
-6.233481
-5.326108
-5.794156
-5.790664
-6.289583
-4.468234
-7.470159
-6.235850
-7.483717
-9.362223
-9.071614
-9.362223
-8.329568
-8.334593
-5.521398
-8.005852
-5.745282
-7.213956
-7.316510
-3.394892
-5.329325
-9.367923
-11.748277
-5.794156
-5.605922
-3.441555
-7.393335
-8.698771
-9.424901
-5.548445
-5.790664
-5.794156
-9.447696
-8.206626
-5.467299
-5.602546
-9.407806
-6.433028
-8.334593
-6.232009
-5.790664
-5.575497
-7.043580
-3.441555
-7.222918
-8.207669
-8.917762
-9.322335
-5.794156
-9.145687
-8.183969
-5.565346
-6.828102
-9.214067
-7.952153
-9.202673
-5.790664
-6.516010
-9.322335
-9.419200
-4.294114
-7.397856
-8.248600
-5.724346
-3.389594
-5.790664
-7.483717
-9.436294
-6.971843
-2.749647
-9.023164
-5.120760
-5.550575
-8.170947
-5.794156
-5.790664
-5.561973
-5.790664
-5.787169
-5.794156
-5.790664
-6.260990
-5.458871
-4.838820
-4.416558
-7.334586
-5.794156
-5.794156
-3.345957
-5.568739
-9.305241
-7.883807
-5.511256
-2.574505
-9.367923
-5.565346
-5.787169
-5.575497
-7.854518
-9.339433
-7.406896
-5.582258
-5.780195
-7.611367
-3.368812
-9.396414
-5.261786
-5.565346
-7.151195
-7.957031
-7.480620
-5.689442
-5.528158
-5.794156
-9.219764
-5.511256
-6.239338
-7.479198
-8.259280
-6.433028
-3.596337
-5.790664
-7.447565
-5.572112
-5.578878
-3.381281
-5.898135
-6.918041
-5.790664
-8.329568
-7.755813
-8.615747
-5.534924
-5.545067
-6.255061
-5.794156
-5.790664
-10.167897
-5.790664
-9.362223
-8.035132
-5.790664
-5.568739
-9.356521
-9.271051
-8.216819
-8.159891
-5.790664
-5.790664
-9.345136
-3.327250
-8.262690
-9.373620
-9.918780
-8.237235
-5.561973
-7.317327
-3.362577
-3.274458
-9.419200
-7.488235
-9.356521
-3.302480
-5.127120
-5.662531
-5.578878
-3.587584
-3.348032
-9.447696
-7.119799
-5.790664
-5.794156
-5.794156
-5.790664
-9.402108
-9.419200
-7.285690
-7.182570
-7.986314
-8.329568
-3.377374
-2.649938
-7.420445
-5.794156
-9.328034
-7.542089
-9.253953
-7.245345
-10.186488
-3.570082
-8.468572
-5.790664
-5.551821
-9.430599
-4.528371
-5.790664
-5.790664
-5.794156
-5.258570
-9.219764
-9.882195
-3.292474
-5.790664
-5.790664
-5.794156
-9.322335
-9.430599
-7.854518
-7.888692
-5.787169
-5.787169
-10.052899
-5.790664
-7.474679
-5.692934
-5.782631
-3.368812
-5.507878
-3.412449
-0.197016
-5.787169
-6.207793
-7.889453
-5.790664
-5.982573
-6.262747
-5.790664
-7.354736
-5.568739
-5.790664
-5.790664
-9.045094
-5.753520
-5.790664
-7.993204
-8.329568
-5.457152
-5.678967
-5.561973
-5.551821
-7.474679
-9.407806
-5.528158
-9.214067
-3.314789
-9.339433
-5.790664
-9.037418
-9.128594
-5.794156
-6.304227
-5.790664
-5.531543
-5.790664
-9.402108
-6.460685
-3.126568
-8.329568
-5.752266
-9.424901
-5.790664
-8.815185
-6.651916
-3.379204
-5.261786
-8.859962
-8.547128
-5.790664
-4.819589
-7.321561
-3.500071
-3.399992
-9.975694
-5.790664
-5.790664
-5.790664
-5.697305
-8.229156
-5.555205
-8.152575
-5.588220
-8.334593
-7.043262
-2.741216
-5.790664
-5.790664
-3.443631
-9.488849
-2.707494
-7.611367
-3.387523
-9.276750
-6.823850
-9.356521
-7.504740
-7.786181
-5.892086
-5.794156
-8.079189
-3.585396
-5.790664
-8.298373
-7.888692
-9.328034
-9.282452
-5.790664
-5.558596
-5.794156
-5.379735
-8.329568
-9.436294
-3.765227
-10.253747
-5.790664
-10.065088
-9.424901
-5.575497
-9.436294
-5.790664
-7.357187
-3.354264
-9.424901
-6.312080
-7.397856
-7.370880
-8.973831
-9.973645
-5.790664
-7.474679
-9.447696
-7.317075
-9.282452
-10.071182
-7.791057
-5.787169
-3.559139
-5.572112
-5.558596
-9.362223
-6.361775
-5.787169
-7.942384
-7.388809
-5.558596
-6.082540
-9.225466
-8.329568
-4.856750
-9.202673
-5.790664
-8.176038
-3.548204
-4.901303
-5.790664
-5.790664
-9.259651
-7.401618
-1.940055
-7.334586
-7.927736
-5.572112
-5.794156
-5.565346
-5.575497
-5.226408
-9.242560
-6.579203
-5.561973
-8.237208
-6.251217
-5.534924
-8.334593
-8.187438
-5.794156
-4.476392
-6.243533
-8.135263
-5.575497
-7.384330
-5.790664
-7.474679
-9.339433
-7.402375
-9.242560
-9.447696
-5.582258
-2.021953
-8.283083
-7.169114
-9.162790
-5.572112
-8.437531
-9.430599
-5.534924
-6.048239
-5.790664
-9.413504
-5.568739
-9.413504
-5.098501
-3.418694
-6.040895
-5.790664
-5.524778
-3.397911
-4.473220
-5.794156
-5.790664
-9.413504
-9.430599
-3.183343
-9.322335
-5.528158
-10.161693
-7.388809
-5.790664
-5.790664
-5.787169
-5.558596
-5.794156
-5.504492
-5.616761
-5.556808
-5.790664
-5.572112
-5.561973
-1.804216
-8.334593
-5.790664
-7.483717
-3.447920
-3.377125
-5.551821
-5.790664
-6.258908
-5.787169
-5.790664
-5.460532
-5.790664
-3.379204
-6.249202
-2.540597
-8.005852
-5.565346
-6.508114
-5.794156
-9.134295
-5.605922
-8.147803
-7.406896
-9.419200
-5.833611
-7.357187
-5.790664
-9.231157
-3.314546
-8.329568
-9.322335
-5.558596
-5.780195
-4.268495
-9.424901
-9.111498
-9.123431
-7.474679
-9.419200
-5.558596
-8.329568
-2.791798
-5.794156
-8.020488
-8.329568
-7.981438
-5.518018
-9.242560
-5.794156
-5.541685
-4.707150
-5.582258
-9.328034
-5.787169
-8.329568
-5.790664
-5.561973
-9.413504
-5.790664
-5.541685
-9.310930
-5.561973
-5.474063
-5.171736
-3.565709
-5.790664
-5.790664
-5.794156
-8.636162
-7.459874
-9.151382
-5.794156
-5.790664
-4.372950
-5.558596
-2.024477
-3.368812
-5.790664
-3.392783
-5.310022
-8.044897
-5.409811
-7.438525
-6.484396
-9.424901
-5.558596
-5.790664
-7.377881
-8.177468
-7.285690
-6.258908
-5.787169
-5.790664
-5.790664
-5.528158
-5.790664
-3.372970
-9.447696
-1.668866
-5.790664
-5.561973
-5.790664
-5.790664
-7.564672
-5.487585
-3.578834
-5.551821
-7.160149
-7.227400
-5.787169
-7.457861
-8.262135
-5.555205
-7.348462
-5.487585
-8.143771
-7.761766
-5.578878
-5.787169
-9.139991
-9.185576
-9.424901
-7.424970
-6.078593
-5.790664
-5.794156
-9.265352
-6.322379
-5.326108
-9.048818
-5.558596
-7.065209
-5.582258
-1.945105
-5.787169
-8.329568
-5.468792
-5.534924
-3.414762
-9.333734
-5.790664
-9.402108
-3.341170
-5.790664
-5.578878
-5.578878
-5.555205
-5.790664
-5.790664
-9.367923
-9.322335
-5.518018
-6.819165
-3.972081
-7.402375
-8.135263
-5.252138
-3.272457
-5.073062
-5.790664
-5.558596
-7.415934
-5.787169
-3.467264
-9.225466
-9.882195
-5.487585
-3.387523
-9.310930
-8.329568
-9.373620
-5.790664
-9.367923
-5.538300
-3.335626
-8.334593
-6.216635
-5.790664
-8.329568
-5.790664
-9.430599
-5.376482
-5.790664
-5.794156
-3.370895
-5.794156
-5.794156
-9.048818
-5.790664
-6.270431
-5.794156
-5.790664
-3.504951
-5.790664
-7.348462
-8.232106
-7.443048
-9.436294
-3.368812
-8.221916
-9.424901
-5.787169
-5.561973
-5.575497
-8.848846
-5.790664
-5.790664
-7.066002
-6.017880
-8.334593
-6.417215
-7.781291
-9.236856
-3.416621
-5.794156
-5.637078
-5.457152
-8.206626
-5.790664
-5.572112
-9.356521
-5.787169
-8.662345
-5.665009
-5.174833
-9.339433
-5.904684
-5.514634
-5.534924
-3.371757
-3.246436
-5.790664
-5.790664
-5.794156
-5.521398
-9.208373
-5.524778
-5.487585
-6.990603
-8.181132
-5.531543
-5.287518
-3.521958
-5.558596
-4.441042
-5.787169
-7.226146
-7.620703
-9.430599
-5.255348
-5.545067
-7.393335
-5.790664
-9.419200
-5.578878
-9.174178
-8.227008
-5.572112
-7.470159
-7.474679
-3.174381
-5.501108
-6.255061
-7.479198
-5.572112
-3.626956
-8.334593
-9.436294
-7.888692
-4.318633
-5.790664
-9.008932
-7.339102
-5.790664
-5.810977
-7.659251
-9.322335
-5.585240
-5.794156
-5.568739
-5.558596
-8.028210
-7.479198
-9.328034
-2.741216
-5.484207
-5.790664
-6.220483
-5.572112
-8.177468
-3.377125
-9.419200
-9.413504
-7.927736
-7.898448
-9.367923
-5.794156
-8.329568
-8.232253
-8.152575
-5.568739
-5.790664
-9.430599
-5.794156
-5.528158
-5.919225
-5.790664
-7.348462
-9.056048
-5.790664
-6.616954
-9.424901
-5.599410
-3.473832
-9.333734
-8.177468
-7.357187
-9.407806
-6.312080
-5.585638
-10.180285
-3.424926
-5.790664
-4.941872
-7.947265
-9.299541
-8.334593
-5.036646
-9.185576
-5.474063
-7.424970
-8.329568
-7.379840
-3.354264
-9.413504
-5.794156
-7.551611
-9.419200
-9.396414
-0.814530
-4.860616
-5.790664
-6.182065
-9.350823
-5.572112
-5.518018
-5.310022
-4.397528
-8.329568
-5.790664
-4.745338
-6.101364
-5.565346
-7.406896
-3.337637
-5.790664
-5.565346
-8.536655
-5.534924
-5.790664
-9.100099
-4.503557
-5.790664
-5.521398
-5.568739
-5.528158
-7.209475
-5.541685
-7.786181
-6.232009
-7.095929
-6.427895
-5.540436
-5.790664
-2.565042
-9.851722
-7.893569
-9.453392
-7.776404
-3.314488
-9.316637
-6.182065
-9.430599
-9.991936
-6.137678
-8.176038
-3.042284
-3.371608
-7.249822
-5.790664
-8.334593
-9.259651
-6.174527
-5.548445
-5.568739
-9.134295
-5.326108
-7.465635
-10.161693
-10.028514
-9.039614
-5.565346
-7.209475
-5.790664
-5.790664
-6.788022
-5.794156
-5.555205
-8.329568
-9.236856
-6.641082
-9.202673
-9.436294
-5.565346
-8.242308
-9.083010
-5.790664
-8.334593
-5.790664
-8.181132
-5.568739
-5.582258
-5.575497
-8.165847
-5.790664
-5.507878
-5.541685
-5.561973
-5.582258
-7.003225
-9.447696
-5.149216
-5.794156
-6.395716
-5.787169
-5.261786
-9.441998
-3.442369
-9.232022
-5.268218
-5.787169
-9.276750
-9.231157
-3.443631
-5.784159
-5.790664
-5.794156
-8.329568
-5.572112
-3.447810
-5.794156
-6.261507
-6.480447
-7.348146
-9.316637
-8.923458
-7.434011
-5.790664
-5.103180
-7.805693
-7.644054
-8.327180
-5.790664
-7.461118
-5.538300
-5.790664
-9.784657
-3.327250
-3.424926
-7.971677
-5.790664
-9.276750
-5.790664
-5.790664
-5.463919
-5.790664
-9.248256
-7.420445
-5.563790
-3.360501
-8.020488
-6.312080
-5.572112
-5.575497
-9.402108
-5.521398
-5.790664
-5.983736
-3.913018
-9.356521
-5.538300
-7.479198
-6.116004
-9.441998
-5.514634
-6.480447
-3.424926
-5.790664
-3.343883
-9.196973
-5.790664
-5.790664
-5.561973
-5.794156
-9.379316
-5.790664
-7.276721
-8.980444
-7.552877
-8.329568
-8.249235
-5.790664
-9.362223
-5.787169
-5.534924
-8.221916
-9.424901
-9.026019
-3.429084
-7.397775
-9.356521
-10.046802
-0.745781
-5.790664
-6.576729
-5.790664
-5.794156
-3.381281
-5.790664
-8.329568
-5.528158
-5.267226
-9.436294
-9.328034
-9.459093
-4.838820
-5.572112
-5.790664
-9.430599
-2.720702
-5.484207
-5.689442
-8.334593
-9.367923
-8.074093
-9.362223
-3.335557
-10.236086
-5.790664
-9.339433
-8.216819
-5.790664
-7.142213
-5.484207
-5.794156
-5.790664
-5.790664
-8.033052
-7.397775
-7.908207
-5.578878
-9.328034
-10.167897
-5.790664
-5.565346
-7.411419
-5.790664
-9.191277
-9.305241
-7.981438
-5.511256
-8.140357
-5.504492
-5.790664
-5.602546
-5.790664
-8.329568
0.440798
-5.558596
-9.333734
-9.305241
-9.219764
-5.790664
-5.794156
-5.349630
-5.448969
-7.461118
-4.904482
-9.299541
-7.996083
-6.239687
-7.683656
-8.798817
-5.548445
-7.007719
-5.790664
-9.356521
-9.191277
-5.568739
-0.764153
-5.790664
-9.424901
-6.258908
-7.963699
-5.228904
-9.339433
-4.853757
-7.864705
-5.790664
-5.787169
-9.006721
-5.787169
-5.790664
-3.393754
-9.117189
-7.411419
-5.575497
-5.575497
-5.710386
-5.565346
-5.790664
-9.430599
-5.794156
-9.979743
-8.078532
-5.258570
-8.332851
-9.419200
-5.787169
-3.260742
-8.064418
-9.290440
-5.369981
-5.790664
-7.898448
-7.615318
-9.225466
-3.386416
-5.558596
-5.467299
-9.430599
-3.286462
-9.870010
-7.191534
-3.477023
-5.545067
-5.514634
-7.922858
-9.436294
-3.424926
-7.266806
-5.790664
-9.407806
-5.425829
-5.773209
-3.418694
-5.790664
-9.373620
-5.531543
-5.616146
-6.270431
-9.328034
-8.431909
-3.302480
-6.425125
-5.790664
-9.424901
-9.117909
-7.849638
-3.327250
-8.237208
-9.447696
-3.383364
-9.396414
-5.790664
-7.110830
-7.434011
-10.155492
-9.191277
-3.348032
-4.487272
-5.534924
-7.956855
-3.387523
-9.071614
-5.548445
-9.402108
-5.794156
-5.555205
-5.531543
-3.316584
-3.375046
-3.412449
-5.572112
-9.436294
-5.790664
-5.762741
-6.480447
-7.795931
-9.430599
-5.555205
-9.961446
-8.667582
-7.366391
-3.200181
-9.430599
-9.162790
-7.474679
-8.986139
-5.538300
-3.302924
-5.790664
-5.521398
-9.441998
-5.794156
-8.329568
-5.790664
-4.241832
-5.534924
-8.162536
-5.790664
-8.234180
-5.507878
-9.050570
-8.147593
-7.688532
-3.224415
-5.507878
-8.792396
-5.671986
-5.790664
-3.443631
-8.244209
-6.436985
-5.565346
-5.258570
-9.003232
-8.015603
-5.790664
-5.794156
-8.067636
-7.844753
-5.541685
-5.790664
-5.790664
-5.790664
-9.322335
-9.441998
-9.419200
-2.637022
-8.620446
-5.565346
-9.402108
-3.618208
-7.914215
-5.790664
-5.538300
-5.521398
-7.620197
-7.424970
-5.528158
-3.306474
-7.290173
-5.787169
-5.794156
-6.456737
-9.248256
-5.558596
-5.248922
-7.057029
-7.321026
-3.368812
-9.225466
-8.232106
-5.790664
-9.067019
-8.329568
-2.788192
-9.961446
-5.790664
-6.276712
-3.352192
-5.561973
-5.745282
-5.794156
-5.794156
-7.849638
-5.790664
-9.419200
-5.790664
-5.790664
-4.751100
-6.401845
-6.216635
-3.333004
-8.059537
-5.606356
-5.316455
-9.356521
-5.682459
-7.592684
-5.787169
-5.790664
-5.565346
-3.412449
-5.572112
-8.565372
-9.424901
-9.350823
-5.790664
-7.922858
-5.518018
-9.061536
-3.441555
-9.424901
-7.474679
-8.906368
-7.160149
-6.508343
-4.469538
-5.790664
-5.790664
-5.790664
-5.794156
-9.413504
-5.790664
-8.168906
-9.424901
-6.600862
-5.477447
-8.946421
-5.281077
-7.312587
-11.800928
-6.270431
-10.186488
-9.362223
-3.306474
-3.393754
-8.329568
-3.443631
-3.447789
-7.732471
-7.182570
-4.757196
-6.182065
-2.601494
-9.413504
-9.328034
-1.726692
-9.017686
-7.361709
-9.299541
-5.565346
-3.486961
-9.350823
-7.947265
-5.790664
-8.244209
-5.595948
-5.790664
-5.790664
-7.352947
-5.548445
-2.749647
-5.794156
-5.790664
-5.790664
-5.518018
-5.534924
-5.794156
-7.112008
-5.511256
-6.637064
-9.419200
-5.568739
-3.322929
-5.561973
-6.159082
-9.328034
-8.247398
-5.484207
-7.262283
-7.411419
-3.272457
-7.312587
-5.794156
-7.932623
-9.219764
-6.237410
-5.696424
-9.253953
-6.293478
-5.911637
-9.407806
-7.101861
-6.104842
-6.189741
-10.167897
-5.790664
-2.742901
-5.531543
-5.790664
-5.790664
-9.265352
-5.450238
-2.741216
-3.200397
0.435657
-5.794156
-9.253953
-5.605922
-11.883669
-10.071182
-8.329568
-9.402108
-5.780195
-7.424970
-5.326108
-5.816626
-7.254302
-9.031724
-5.518018
-5.555205
-8.013192
-9.430599
-3.372970
-9.413504
-5.507878
-8.523351
-7.397775
-3.657040
-2.825883
-8.329568
-8.196432
-5.790664
-5.575497
-7.285690
-5.790664
-5.734812
-6.444885
-3.406225
-9.100099
-6.217756
-0.596248
-9.333734
-5.671986
-5.551821
-6.485197
-5.561973
-4.313818
-5.787169
-8.227267
-3.388541
-7.357426
-4.791006
-9.419200
-8.249235
-9.139991
-6.278113
-9.419200
-9.419200
-3.416621
-3.357484
-5.623119
-9.265352
-5.665009
-10.052899
-8.054659
-3.441555
-9.028649
-9.385017
-3.383364
-9.253953
-6.251217
-9.413504
-3.276459
-3.387523
-5.790664
-7.942384
-9.238829
-5.794156
-7.334586
-8.329568
-9.196973
-5.568739
-5.531543
-3.298473
-9.373620
-2.959617
-5.790664
-5.790664
-5.165291
-5.521398
-9.202673
-6.504149
-5.194241
-8.068995
-4.288745
-9.424901
-3.468971
-7.597355
-3.585396
-5.787169
-7.335004
-7.097383
-5.790664
-7.316510
-5.561973
-4.329541
-5.558596
-5.794156
-7.474679
-7.388809
-9.037418
-5.535860
-9.373620
-10.180285
-8.242308
-7.441031
-9.316637
-5.794156
-4.769073
-8.234180
-9.350823
-9.419200
-2.839677
-8.889270
-9.419200
-3.412449
-5.790664
-5.790664
-9.419200
-7.285690
-5.790664
-5.326108
-5.538300
-9.851722
-9.184122
-3.375046
-3.379204
-6.182065
-7.384330
-9.157085
-9.390713
-7.092900
-9.259651
-5.558596
-9.396414
-8.194010
-7.213956
-9.991936
-10.626783
-2.682775
-5.578878
-5.467299
-9.424901
-5.123483
-5.794156
-5.794156
-9.413504
-9.851722
-5.794156
-9.208373
-5.575497
-5.528158
-5.561973
-5.480819
-9.419200
-5.794156
-5.790664
-5.197466
-5.460532
-5.790664
-7.474679
-7.397856
-9.231157
-3.851420
-3.352192
-9.402108
-8.583793
-5.790664
-5.790664
-5.794156
-5.511256
-7.470159
-5.335755
-5.504492
-3.447789
-5.913084
-9.969497
-5.561973
-3.433243
-8.438437
-12.383493
-5.987522
-3.389594
-8.636162
-10.068686
-7.957031
-5.578878
-9.242560
-4.370332
-5.787169
-9.322335
-5.790664
-5.794156
-8.334593
-6.297325
-5.794156
-5.794156
-7.479198
-9.419200
-7.384293
-7.339491
-5.440256
-4.050879
-8.232253
-8.035132
-6.162848
-8.984796
-9.356521
-5.787169
-5.534924
-6.504149
-3.704820
0.440264
-5.575497
-9.056048
-8.247398
-5.518018
-9.419200
-3.466851
-8.152949
-3.445708
-5.572112
-5.790664
-5.787169
-8.252497
-9.225466
-3.248437
-9.419200
-10.167897
-9.333734
-9.424901
-8.191331
-9.305241
-5.088108
-9.402108
-7.357187
-5.575497
-3.354264
-9.436294
-5.558596
-3.416621
-5.794156
-9.305241
-9.430599
-3.288554
-2.767092
-9.128594
-5.376482
-5.558596
-7.971677
-5.568183
-5.572112
-9.293839
-8.329568
-5.790664
-5.794156
-3.394712
-5.790664
-9.310930
-8.147593
-5.790664
-9.248256
-9.424901
-5.790664
-3.333485
-7.488235
-3.345254
-9.048818
-8.005852
-6.319291
-7.388809
-6.476496
-5.787169
-5.790664
-4.355244
-5.561973
-7.388809
-7.479198
-11.567768
-7.299140
-9.305241
-9.937066
-7.361903
-3.406225
-5.572112
-7.308109
-8.133754
-7.326036
-7.182358
-3.385448
-9.339433
-5.790664
-8.682091
-8.979312
-5.790664
-3.220421
-5.794156
-7.317075
-5.514634
-5.290735
-7.368802
-7.254302
-8.889270
-7.606699
-9.208373
-5.945792
-2.542977
-7.388809
-5.419234
-3.587584
-9.001232
-9.766371
-5.794156
-4.782365
-7.380142
-9.196973
-3.308477
-8.288176
-9.362223
-6.452786
-5.477447
-9.424901
-3.416053
-6.055826
-9.424901
-5.445661
-9.345136
-9.430599
-3.268455
-5.787169
-5.568739
-3.397911
-5.521398
-5.790664
-7.961907
-5.575497
-5.457152
-10.083378
-5.572112
-5.558596
-3.420768
-5.514634
-9.362223
-9.447696
-3.436641
-7.483717
-3.443631
-3.556911
-5.612689
-5.790664
-5.787169
-5.572112
-5.555205
-8.329568
-3.322929
-5.578878
-5.790664
-3.287764
-7.474679
-5.682459
-5.794156
-5.790664
-9.436294
-9.339433
-3.462623
-6.808393
-3.397911
-5.794156
-8.294755
-9.310930
-3.507066
-6.508114
-9.054520
-5.551821
-9.396414
-9.014632
-9.253953
-5.790664
-5.640045
-9.385017
-9.248256
-9.413504
-5.748785
-6.232009
-5.480819
-9.424901
-7.226122
-7.388819
-5.790664
-8.329568
-7.424970
-5.794156
-5.790664
-5.575497
-9.219764
-8.815490
-8.334593
-5.790664
-8.334593
-9.111498
-7.981438
-8.254259
-6.536505
-9.407806
-8.015603
-6.885292
-9.056048
-7.263266
-10.056291
-8.094482
-5.794156
-5.575497
-8.682814
-3.441555
-9.402108
-5.531543
-5.923020
-5.470677
-5.794156
-9.930975
-5.790664
-7.061504
-5.568739
-9.430599
-5.578878
-3.391677
-8.239196
-9.333734
-5.794156
-6.239687
-5.623119
-4.922513
-5.787169
-3.399992
-3.270451
-6.512058
-5.790664
-5.598689
-2.616033
-9.870010
-5.790664
-3.548204
-3.395835
-5.790664
-6.468596
-7.479198
-5.484207
-7.402256
-7.393335
-5.790664
-5.794156
-5.582258
-1.892524
-5.531543
-9.134295
-9.271051
-3.312345
-5.565346
-6.801731
-5.322894
-5.847136
-9.350823
-9.402108
-5.326108
-5.578878
-6.909079
-8.329568
-7.393335
-8.212337
-5.790664
-7.659251
-3.416621
-1.383307
-5.558596
-5.794156
-3.344089
-6.512058
-5.790664
-9.316637
-5.790664
-5.790664
-7.146703
-5.790664
-5.790664
-8.510468
-5.787169
-5.558596
-5.568739
-5.790664
-7.742233
-5.685956
-3.300479
-9.407806
-5.787169
-7.179218
-3.443631
-8.349178
-0.706838
-9.196973
-5.790664
-9.162790
-9.310930
-5.790664
-8.137629
-7.285690
-5.329325
-9.453392
-5.790664
-9.876099
-3.443631
-5.790664
-9.385017
-7.191534
-10.167897
-8.089383
-5.484207
-7.830105
-9.424901
-5.582258
-3.356343
-5.524778
-5.790664
-3.422406
-5.787169
-9.356521
-5.551821
-5.548445
-5.518018
-5.561973
-9.276750
-3.391677
-7.393335
-5.561973
-9.185576
-3.439333
-8.159891
-8.222291
-5.783683
-7.178085
-5.790664
-5.790664
-5.258570
-7.581141
-5.787169
-8.227008
-7.742233
-8.038946
-5.524778
-5.790664
-7.402375
-9.441998
-6.814920
-7.971677
-7.397775
-4.618619
-8.237208
-8.334593
-10.161693
-5.589017
-7.600671
-7.470159
-8.053699
-9.385017
-8.283083
-4.411124
-6.429076
-5.790664
-5.136349
-6.480447
-9.373620
-9.265352
-8.249235
-7.025646
-5.790664
-6.480447
-4.349118
-7.470159
-5.561973
-4.971984
-5.790664
-9.424901
-6.645105
-7.379783
-3.491335
-3.314789
-9.430599
-9.419200
-0.498558
-9.419200
-7.407717
-10.022418
-8.221916
-5.480819
-2.001799
-5.599410
-10.155492
-5.578606
-8.020488
-3.559139
-5.790664
-5.477447
-5.794156
-5.790664
-8.329568
-5.568739
-6.472540
-7.474679
-9.419200
-5.790664
-4.443755
-7.562792
-5.453776
-7.397775
-5.775072
-9.436294
-10.081089
-9.373620
-8.599546
-5.570771
-8.219112
-5.790664
-5.752266
-5.589017
-5.329325
-7.263266
-5.578878
-5.790664
-5.409811
-9.436294
-5.790664
-5.671986
-7.069595
-9.644444
-5.682459
-6.361905
-8.991834
-5.578878
-9.385017
-5.558596
-7.326036
-7.654367
-3.399992
-5.682459
-8.615214
-7.976551
-5.787169
-5.790664
-5.265002
-8.334593
-9.430599
-7.294658
-7.289165
-5.123483
-9.185576
-8.946253
-9.430599
-9.436294
-5.790664
-7.479198
-7.056439
-9.310930
-0.653742
-6.953909
-5.565346
-7.474679
-5.545067
-7.470159
-9.760270
-9.006721
-6.436985
-7.465635
-5.332537
-5.551821
-5.572112
-4.712618
-5.528158
-8.667582
-3.298473
-9.430599
-5.322894
-6.421172
-3.420768
-3.381281
-9.436294
-9.339433
-9.333734
-7.470159
-5.665009
-7.434011
-3.420768
-5.558596
-9.367923
-9.430599
-9.373620
-5.066686
-5.790664
-8.209071
-5.561973
-5.565346
-7.258790
-7.272239
-3.306474
-2.754708
-9.436294
-5.787169
-5.565346
-7.461118
-5.514634
-9.424901
-3.270451
-9.379316
-7.461118
-5.575497
-5.528158
-9.379316
-5.558596
-7.620197
-7.474679
-1.783809
-5.310022
-9.396414
-5.534924
-5.561973
-5.794156
-4.853580
-3.622585
-5.531543
-5.790664
-3.240433
-6.101130
-3.328932
-10.136889
-8.084286
-7.447565
-4.457362
-5.790664
-9.419200
-7.888692
-9.644609
-8.035132
-8.329568
-9.390713
-7.922858
-5.491865
-3.298473
-4.302343
-9.225466
-5.429139
-9.236856
-5.787169
-8.334593
-2.793478
-2.758080
-5.565346
-9.918780
-3.548204
-7.357426
-9.413504
-8.991834
-5.575497
-8.186230
-5.541685
-8.020488
-5.382776
-2.736161
-7.218436
-9.441998
-9.413504
-9.316637
-5.790664
-5.790664
-6.112286
-5.794156
-6.444885
-10.149291
-5.524778
-9.316637
-7.874044
-5.790664
-4.896734
-5.565346
-5.790664
-9.162790
-9.316637
-7.869156
-1.674420
-10.143090
-3.441555
-6.208956
-5.551821
-3.230422
-6.684905
-5.630638
-7.952153
-5.494348
-5.790664
-8.393499
-8.201530
-5.497729
-5.857799
-5.572112
-3.437218
-3.318936
-5.794156
-7.393293
-3.594140
-5.561973
-5.326108
-9.128594
-9.424901
-7.673892
-5.748785
-5.504492
-6.089970
-7.379840
-5.534924
-10.095568
-5.790664
-7.971677
-3.600703
-7.457861
-8.662345
-8.267789
-8.257598
-7.883807
-9.413504
-3.567893
-5.790664
-5.501108
-10.019094
-3.377125
-8.940931
-3.348032
-8.329568
-5.551821
-7.249822
-3.589766
-8.002735
-9.305241
-5.233296
-3.393754
-5.531543
-5.555205
-3.375046
-9.293839
-6.994260
-5.794156
-5.409314
-7.131035
-5.790664
-5.572112
-7.932623
-5.558596
-5.609824
-5.561973
-5.524778
-5.572112
-5.953373
-9.345136
-8.277979
-8.339618
-7.254302
-8.176038
-9.017686
-8.247195
-9.385017
-9.196973
-7.249822
-5.555205
-9.008932
-0.750970
-5.514634
-1.241661
-9.333734
-3.441452
-5.790664
-6.682599
-9.236856
-8.526180
-5.561973
-3.362577
-9.413504
-5.575497
-7.669013
-9.345136
-3.360501
-5.322894
-6.212796
-7.344422
-5.104686
-6.440934
-7.883807
-5.558596
-4.799959
-5.538300
-8.923458
-5.790664
-5.787169
-5.531543
-9.265352
-5.794156
-9.419200
-3.224415
-3.431538
-9.424901
-3.125882
-5.426717
-5.117049
-9.876099
-4.528371
-5.541685
-5.794156
-5.658021
-9.039614
-9.379316
-5.748785
-3.441555
-9.253953
-7.294658
-9.293839
-5.790664
-5.790664
-7.834986
-9.572713
-9.111498
-0.840513
-7.361903
-9.265352
-5.558596
-7.375360
-9.876099
-4.949408
-3.460703
-9.328034
-5.314653
-6.126380
-7.406896
-2.756390
-5.790664
-8.329568
-9.316637
-5.090727
-6.278113
-8.334593
-7.664133
-5.555205
-7.483717
-5.568739
-5.252138
-9.441998
-0.650934
-3.404143
-9.333734
-7.007719
-9.305241
-7.874602
-3.362577
-5.561973
-7.474679
-5.568739
-5.541685
-7.908207
-5.790664
-4.232224
-5.180173
-8.227267
-7.222918
-5.794156
-6.492296
-6.953909
-5.518018
-5.605922
-8.662345
-10.136889
-5.568739
-9.436294
-5.790664
-3.422853
-9.050570
-5.794156
-8.178951
-5.518018
-6.205108
-5.551821
-8.005852
-8.329568
-7.200496
-3.591950
-5.578878
-9.413504
-7.391222
-5.561973
-8.237208
-3.445708
-9.424901
-5.541685
-5.504492
-9.196973
-5.203890
-3.302413
-9.419200
-5.790664
-8.476438
-3.060623
-4.071185
-5.790664
-5.790664
-8.991834
-9.288144
-5.558596
-5.568183
-9.419200
-7.483717
-9.345136
-5.794156
-3.600703
-8.646632
-5.790664
-3.420768
-5.790664
-5.511256
-9.345136
-9.385017
-5.790664
-7.483717
-9.396414
-5.239279
-9.424901
-6.285800
-5.787169
-5.790664
-9.430599
-9.196973
-5.521398
-3.410378
-9.367923
-4.449198
-9.299541
-7.991199
-9.430599
-9.333734
-9.402108
-5.790664
-5.609161
-8.329568
-5.790664
-8.667039
-9.379316
-6.318430
-3.388541
-6.444885
-5.589017
-6.480447
-9.208373
-9.430599
-8.020488
-9.396414
-5.790664
-3.447810
-9.034130
-6.247375
-4.283088
-9.424901
-7.066002
-5.152435
-8.209071
-3.410378
-5.794156
-8.177468
-7.379783
-9.413504
-3.766808
-5.561973
-6.520409
-9.373620
-9.339433
-3.358424
-5.790664
-7.272239
-4.436107
-5.790664
-5.467299
-9.293839
-5.545067
-5.794156
-5.790664
-7.384330
-5.790664
-9.168486
-6.184083
-6.070994
-9.253953
-7.305495
-7.406896
-5.598689
-5.561973
-9.385017
-5.790664
-6.262747
-9.276750
-7.913088
-5.416585
-8.986139
-5.531543
-2.554015
-9.328034
-6.251217
-9.054520
-3.296478
-8.447624
-5.538300
-9.413504
-5.463919
-9.373620
-5.511256
-7.352947
-7.352947
-6.645105
-9.430599
-7.815462
-7.489957
-9.436294
-6.436985
-3.441555
-9.328034
-5.561973
-5.710386
-6.973053
-9.288144
-9.385017
-5.568739
-3.462623
-5.545067
-9.191277
-9.345136
-5.470677
-6.138301
-8.052972
-9.396414
-7.317075
-9.441998
-7.038879
-5.790664
-5.790664
-7.308109
-3.626956
-5.548445
-9.242560
-5.790664
-3.352192
-6.457146
-9.576338
-9.419200
-8.329568
-5.558596
-5.565346
-8.329568
-6.425125
-7.088417
-5.560291
-7.119799
-3.325163
-7.434011
-7.483717
-9.088715
-9.271051
-8.329568
-4.865718
-8.196432
-8.117714
-5.572112
-3.395835
-5.790664
-5.794156
-5.741800
-5.329325
-5.555205
-5.514634
-5.790664
-9.430599
-3.422853
-5.790664
-6.417215
-5.794156
-8.112737
-4.906933
-3.441555
-8.877869
-9.419200
-8.237235
-7.424970
-5.474063
-5.396300
-5.790664
-5.609307
-9.225466
-9.151382
-3.348328
-7.800814
-3.387523
-9.225466
-6.421172
-9.379316
-5.480819
-9.345136
-5.551821
-8.227008
-5.310022
-5.236057
-9.023164
-5.790664
-10.028514
-5.572112
-8.329568
-7.531986
-5.578878
-7.364904
-5.790664
-2.054708
-7.083929
-6.297325
-6.480447
-9.248256
-7.864275
-5.790664
-5.239279
-9.356521
-9.316637
-2.667039
-9.436294
-9.441998
-7.884501
-5.568739
-3.443631
-7.479198
-5.790664
-9.390713
-5.794156
-8.015603
-7.406738
-2.560828
-9.424901
-6.189741
-9.265352
-5.575497
-9.039614
-7.222918
-8.114876
-3.389594
-10.192690
-9.430599
-8.329568
-9.305241
-7.057029
-9.436294
-5.790664
-5.794156
-5.852288
-5.790664
-3.391677
-8.329568
-3.483783
-8.003218
-8.986139
-5.469547
-6.201266
-7.113474
-5.630638
-4.832580
-9.430599
-5.450394
-9.350823
-3.556954
-5.794156
-3.395835
-7.479198
-8.257598
-7.393335
-5.759252
-5.790664
-8.138389
-9.766371
-5.531543
-7.397775
-7.483717
-7.415934
-5.568739
-5.790664
-5.578878
-5.790664
-7.133248
-7.474679
-3.166528
-5.685956
-8.329568
-3.358424
-5.524778
-3.065582
-7.254302
-8.227267
-9.236856
-4.283298
-5.790664
-4.828505
-9.265352
-9.299541
-3.410378
-3.479558
-7.078379
-5.790664
-6.429076
-5.578878
-9.316637
-8.058805
-3.389594
-9.050570
-5.548445
-7.479198
-5.561973
-9.299541
-4.411124
-8.329568
-2.582385
-8.848846
-5.790664
-8.667582
-9.441998
-4.457362
-5.572112
-3.266455
-3.385448
-7.415934
-9.288144
-3.583205
-5.578878
-7.869156
-5.790664
-7.456605
-8.531421
-9.333734
-3.456271
-10.506176
-5.981862
-9.447696
-8.973831
-8.239196
-8.929152
-5.558596
-9.242560
-8.426411
-9.345136
-4.852277
-9.379316
-9.373620
-5.572112
-3.362577
-7.479198
-4.539405
-7.474679
-9.402108
-5.790664
-5.790664
-9.367923
-9.276750
-3.387523
-3.414532
-7.541314
-8.177468
-5.572112
-5.790664
-9.345136
-8.079189
-5.790664
-7.456605
-8.272887
-9.219764
-9.122895
-5.689442
-5.790664
-5.322894
-7.397856
-8.771023
-5.794156
-5.565346
-6.160614
-3.451030
-3.663581
-6.071948
-3.290473
-9.436294
-7.415934
-7.716222
-3.238429
-7.325545
-5.310022
-5.521398
-9.259651
-7.429492
-9.208373
-5.236057
-5.578878
-4.645344
-3.379766
-9.373620
-3.389594
-5.531543
-8.038414
-8.334593
-5.539350
-8.940931
-7.323725
-4.789130
-5.511256
-9.441998
-8.620446
-5.790664
-9.305241
-8.191331
-9.424901
-5.790664
-5.790664
-5.178164
-5.575497
-6.456737
-7.361709
-5.790664
-5.881282
-8.329568
-9.413504
-7.479198
-9.039614
-7.461118
-9.373620
-3.442369
-5.329325
-5.787169
-3.379539
-3.422853
-5.450366
-7.957031
-9.379316
-7.864275
-5.538300
-5.787169
-8.329568
-8.123714
-9.316637
-9.430599
-9.316637
-3.320406
-3.304391
-8.557596
-7.834986
-9.288144
-5.794156
-5.511256
-5.535860
-5.824822
-9.259651
-7.438525
-5.582258
-7.209475
-9.310930
-8.458098
-9.242560
-4.005755
-3.212406
-8.329568
-7.893569
-5.514634
-5.790664
-3.420768
-9.248256
-9.419200
-5.787169
-6.368499
-9.367923
-3.410378
-5.745282
-7.805693
-7.479198
-9.271051
-7.352666
-7.927736
-3.091376
-9.242560
-5.359101
-9.054520
-9.413504
-5.568739
-6.576729
-6.243533
-9.407806
-1.976391
-5.794156
-5.790664
-5.787169
-9.402108
-9.447696
-5.538300
-5.787169
-9.259651
-5.661516
-3.362577
-9.626153
-5.310022
-5.787169
-7.393293
-5.724346
-5.561973
-7.170525
-6.205108
-5.501108
-5.790664
-7.908207
-5.561973
-5.551821
-8.234180
-6.296367
-9.316637
-9.413504
-6.159013
-3.368812
-3.585396
-6.212796
-8.906368
-7.937504
-9.145687
-3.429084
-6.097562
-3.418694
-5.790664
-3.399992
-9.413504
-5.555205
-6.508114
-5.568739
-5.787169
-5.787169
-8.329568
-9.345136
-9.345136
-10.136889
-7.414216
-7.182570
-5.518018
-6.433028
-8.329568
-9.955358
-9.424901
-7.317075
-8.257598
-5.794156
-8.334593
-5.558596
-7.859395
-8.962867
-5.538300
-7.415934
-7.434011
-6.019656
-0.766036
-5.790664
-5.794156
-9.430599
-5.518018
-9.339433
-8.030252
-8.252174
-3.306474
-5.558596
-9.436294
-7.281200
-2.570815
-9.424901
-8.995759
-9.356521
-5.494348
-8.334593
-9.447696
-5.790664
-7.288645
-5.794156
-5.572112
-9.373620
-5.790664
-5.790664
-5.790664
-5.790664
-7.209475
-8.028069
-2.791798
-5.578878
-9.271051
-3.412449
-8.054659
-7.343976
-7.908207
-8.288176
-7.411419
-3.166378
-5.284297
-5.551821
-5.790664
-9.208373
-5.787169
-0.832871
-5.787169
-5.548445
-5.790664
-9.424901
-6.417215
-8.214090
-9.350823
-6.484396
-9.242560
-7.551847
-6.949798
-8.390016
-8.221916
-5.748785
-8.468572
-5.504492
-7.903332
-9.191277
-5.511256
-6.641082
-9.436294
-7.488235
-9.419200
-7.479198
-7.294658
-5.794156
-7.415934
-9.265352
-9.350823
-5.609161
-7.303628
-9.773125
-5.794156
-8.035132
-5.790664
-5.274655
-9.379316
-9.419200
-9.407806
-8.365505
-5.534924
-3.395835
-8.329568
-5.787169
-5.794156
-3.358424
-9.447696
-3.377125
-3.428760
-5.565346
-9.362223
-6.207958
-9.333734
-8.329568
-9.356521
-5.575497
-7.038879
-4.389365
-7.834986
-5.561973
-5.794156
-3.598521
-5.794156
-9.424901
-5.578878
-9.310930
-9.100099
-9.419200
-5.551821
-9.174178
-5.575497
-6.306585
-9.362223
-9.310930
-9.231157
-2.736161
-3.387523
-7.187056
-3.502831
-5.568739
-5.565346
-9.424901
-5.794156
-9.328034
-5.748785
-8.247398
-5.651046
-7.290173
-5.575497
-9.045094
-9.339433
-7.236371
-5.783683
-7.204988
-7.406896
-9.367923
-5.790664
-5.575497
-9.453392
-9.402108
-8.329568
-3.379204
-5.507878
-8.244209
-7.231890
-9.088715
-5.450394
-5.790664
-5.794156
-5.790664
-6.224328
-7.191534
-5.790664
-9.316637
-6.468596
-5.790664
-3.559139
-3.397911
-10.155492
-7.316510
-9.402108
-7.366391
-9.367923
-7.357426
-7.947265
-5.790664
-9.100099
-11.846058
-5.555205
-5.058088
-9.356521
-9.379316
-9.402108
-5.790664
-5.592400
-9.048818
-5.790664
-5.790664
-9.413504
-5.790664
-5.531543
-8.609977
-8.329568
-5.575497
-5.551821
-5.790664
-9.373620
-5.790664
-8.112737
-3.594140
-5.790664
-5.236057
-3.306474
-9.333734
-5.787169
-5.326108
-5.790664
-5.572112
-3.348032
-5.558596
-5.572112
-10.198890
-8.641397
-5.595780
-3.507066
-5.790664
-5.534924
-3.443631
-7.874044
-3.298473
-5.528158
-5.561973
-6.998744
-5.790664
-7.424970
-7.937504
-5.794156
-5.458871
-5.538300
-8.242308
-5.752266
-5.790664
-5.790664
-5.790664
-5.794156
-9.054063
-3.375046
-5.534924
-5.790664
-5.565346
-5.790664
-3.412449
-5.568739
-5.717361
-5.790664
-9.328034
-9.367923
-7.859395
-5.787169
-5.551821
-5.531543
-5.794156
-5.545067
-8.288176
-3.574459
-8.247195
-8.239196
-9.385017
-5.507878
-5.565346
-3.443631
-9.356521
-5.790664
-5.316455
-3.589766
-3.422853
-6.262747
-5.787169
-8.329568
-5.326108
-8.329568
-5.541685
-9.293839
-9.362223
-5.794156
-5.572112
-9.424901
-7.415934
-9.424901
-5.790664
-8.329568
-5.226408
-5.790664
-9.424901
-9.396414
-6.030756
-9.373620
-8.329568
-5.790664
-9.271051
-3.626956
-9.436294
-3.352192
-9.402108
-5.790664
-5.518018
-3.399992
-5.561973
-5.565346
-5.236057
-7.483717
-2.027796
-9.441998
-9.362223
-8.252497
-5.572112
-5.578878
-8.237208
-5.787169
-5.794156
-5.281077
-7.483717
-7.397775
-9.293839
-9.419200
-7.479198
-3.228426
-10.174086
-8.234180
-9.045094
-5.149386
-10.155492
-9.061536
-7.402256
-5.578878
-8.072886
-5.790664
-5.748785
-5.138912
-6.189741
-9.236856
-5.794156
-5.551821
-3.422853
-5.790664
-5.787169
-5.647553
-5.555205
-5.790664
-8.329568
-3.742902
-9.356521
-7.366224
-7.488235
-8.997535
-5.382776
-6.330291
-5.518018
-5.578878
-9.288144
-9.441998
-5.238446
-11.755803
-5.575497
-5.692934
-9.259651
-5.551821
-9.196973
-4.904570
-5.313238
-8.010727
-5.790664
-5.313238
-8.883571
-2.786733
-7.231890
-9.488849
-7.434011
-5.518018
-5.568739
-6.842410
-5.582258
-5.790664
-7.209475
-5.379735
-6.523914
-5.561973
-9.345136
-5.585638
-6.097562
-5.578878
-8.662345
-5.329325
-8.000966
-5.261786
-10.040708
-3.403366
-5.534924
-7.474679
-7.606699
-9.918780
-9.402108
-9.436294
-5.501108
-7.343976
-5.534924
-9.961446
-8.678059
-7.479198
-8.084286
-5.322894
-6.292438
-5.572112
-8.064418
-0.824208
-8.201530
-5.578878
-5.790664
-5.561973
-5.790664
-9.419200
-5.794156
-9.350823
-5.326108
-8.923458
-5.504492
-8.254259
-5.794156
-5.079836
-3.443567
-3.409706
-9.430599
-6.224328
-5.541685
-9.362223
-5.738312
-3.383364
-8.214090
-6.456737
-5.794156
-3.507066
-10.034609
-5.281077
-3.366743
-5.811957
-3.284466
-8.232253
-5.507878
-7.397775
-5.575497
-10.105888
-6.452786
-9.402108
-4.899742
-7.263266
-5.337439
-5.568739
-9.379316
-9.054520
-5.518018
-5.745282
-8.334593
-7.683656
-5.258570
-9.145687
-5.790664
-5.790664
-4.727476
-5.790664
-9.305241
-9.419200
-5.790664
-9.276750
-5.794156
-5.575497
-5.514634
-5.575497
-9.310930
-8.160751
-8.329568
-8.221916
-5.689442
-5.678967
-3.367679
-5.494348
-9.385017
-9.424901
-8.329568
-3.289843
-9.390713
-8.957329
-6.243533
-9.441998
-3.304473
-5.790664
-9.424901
-9.242560
-9.039614
-6.436985
-3.583205
-7.588015
-5.507878
-5.794156
-5.790664
-8.651868
-9.419200
-9.419200
-5.780195
-9.419200
-8.329568
-5.585638
-7.991199
-5.558596
-9.857813
-4.332253
-9.407806
-5.790664
-7.375360
-5.794156
-9.385017
-7.470159
-5.790664
-5.794156
-5.558596
-7.426754
-5.689442
-6.448831
-9.407806
-8.334593
-9.236856
-5.474063
-5.794156
-5.794156
-7.474679
-5.790664
-5.794156
-3.379204
-7.908207
-5.507878
-8.020488
-9.293839
-8.232106
-9.350823
-5.565346
-5.568739
-9.276750
-8.329568
-5.575497
-7.160149
-3.535081
-9.322335
-2.763137
-3.280465
-3.420768
-6.378581
-5.790664
-8.329568
-4.389365
-5.494348
-8.303473
-9.430599
-6.232009
-8.187438
-5.790664
-8.554251
-7.488235
-8.227267
-7.588015
-5.572112
-6.468596
-9.407806
-9.271051
-3.383364
-5.568739
-7.981438
-8.262690
-6.116004
-5.794156
-5.578878
-6.516010
-8.334593
-5.575497
-5.582258
-5.794156
-3.418694
-6.162848
-3.624768
-5.790664
-7.420445
-10.058991
-5.787169
-5.706889
-3.370895
-5.647553
-7.300934
-6.255061
-5.555205
-10.099694
-8.044897
-5.511256
-9.441998
-8.000966
-3.602899
-5.790664
-6.496258
-10.136889
-6.232009
-2.035815
-9.821237
-10.074886
-9.424901
-9.162790
-6.322379
-3.383364
-5.787169
-5.426717
-9.447696
-7.447565
-7.844753
-5.790664
-5.565346
-5.790664
-4.725182
-5.790664
-3.410378
-8.119968
-9.436294
-7.405806
-9.413504
-5.291872
-5.561973
-9.419200
-5.561973
-9.413504
-5.568739
-8.329568
-5.790664
-3.375849
-9.402108
-8.329568
-10.211290
-7.583336
-5.794156
-7.429492
-9.379316
-4.749157
-7.339102
-9.436294
-5.790664
-5.531543
-5.551821
-5.504492
-3.314789
-3.418694
-5.524778
-9.196973
-7.434011
-5.794156
-5.242489
-8.329568
-9.424901
-5.790664
-3.572268
-9.419200
-5.514634
-5.326108
-8.329568
-7.588015
-9.028649
-8.272887
-5.790664
-9.350823
-9.018150
-9.441998
-8.162536
-9.265352
-5.790664
-8.028210
-5.534924
-9.402108
-9.424901
-9.979743
-3.136271
-8.239196
-7.479198
-8.160751
-9.430599
-7.479198
-5.790664
-5.561973
-5.790664
-7.420445
-9.373620
-5.555205
-6.156502
-9.413504
-5.790664
-5.507878
-8.329568
-5.504492
-7.971677
-5.555205
-8.662345
-5.545067
-5.524778
-6.444885
-5.303598
-3.509181
-6.116004
-8.298373
-5.790664
-9.293839
-10.095568
-8.651868
-5.790664
-5.531543
-5.790664
-8.178951
-9.231157
-8.329568
-5.794156
-9.430599
-9.407806
-5.790664
-6.205108
-9.056048
-3.158247
-5.790664
-7.402375
-5.790664
-5.790664
-5.790664
-5.790664
-5.787169
-8.329568
-5.794156
-8.329568
-5.790664
-5.787169
-5.790664
-5.794156
-5.790664
-5.794156
-8.329568
-5.787169
-5.794156
-5.790664
-8.329568
-5.794156
-5.790664
-5.794156
-5.787169
-5.794156
-5.790664
-5.790664
-8.334593
-5.790664
-5.794156
-5.794156
-5.787169
-8.334593
-5.790664
-5.790664
-5.790664
-5.794156
-5.787169
-5.794156
-5.794156
-5.790664
-5.790664
-5.794156
-5.790664
-5.787169
-5.790664
-5.790664
-5.790664
-5.790664
-5.790664
-5.790664
-5.790664
-5.787169
-5.787169
-5.790664
-5.794156
-5.790664
-5.794156
-5.790664
-5.794156
-5.790664
-5.787169
-5.794156
-5.790664
-5.794156
-8.329568
-5.790664
-5.790664
-5.790664
-5.790664
-5.794156
-5.790664
-8.334593
-5.790664
-5.790664
-8.334593
-5.790664
-5.790664
-5.790664
-5.790664
-5.790664
-5.794156
-5.790664
-5.790664
-5.790664
-5.790664
-5.794156
-5.790664
-5.790664
-5.790664
-5.794156
-5.790664
-5.794156
-5.790664
-5.797651
-5.790664
-5.787169
-5.790664
-5.787169
-5.790664
-5.790664
-5.790664
-5.790664
-5.787169
-5.790664
-5.790664
-5.790664
-5.790664
-5.790664
-8.334593
-5.790664
-8.334593
-5.790664
-5.790664
-8.329568
-5.790664
-5.790664
-5.790664
-5.790664
-5.794156
-5.794156
-5.790664
-5.790664
-5.790664
-8.329568
-5.794156
-5.790664
-5.787169
-5.790664
-5.790664
-5.787169
-5.790664
-5.790664
-5.790664
-5.790664
-5.787169
-8.334593
-5.790664
-5.787169
-5.790664
-5.794156
-5.787169
-5.790664
-5.790664
-5.790664
-5.794156
-5.794156
-5.794156
-5.790664
-8.334593
-8.329568
-8.329568
-5.790664
-5.790664
-5.794156
-5.790664
-5.790664
-5.794156
-5.790664
-8.334593
-8.329568
-5.794156
-8.329568
-5.790664
-5.794156
-5.790664
-5.790664
-5.790664
-5.790664
-8.329568
-5.787169
-5.794156
-5.794156
-5.790664
-5.794156
-5.790664
-5.794156
-5.787169
-5.790664
-5.790664
-5.790664
-8.329568
-5.787169
-5.790664
-5.794156
-5.790664
-5.790664
-5.790664
-5.790664
-8.329568
-5.794156
-5.794156
-5.790664
-5.790664
-8.329568
-5.790664
-5.790664
-5.794156
-5.790664
-8.329568
-8.329568
-5.790664
-5.787169
-5.790664
-5.794156
-5.790664
-5.790664
-5.790664
-5.790664
-5.790664
-5.790664
-5.794156
-5.790664
-5.790664
-8.334593
-5.790664
-5.787169
-5.790664
-5.790664
-5.790664
-5.787169
-5.790664
-5.790664
-5.790664
-5.790664
-5.790664
-5.794156
-8.329568
-5.794156
-8.329568
-5.794156
-5.790664
-8.329568
-5.794156
-5.790664
-5.787169
-8.329568
-5.794156
-5.790664
-5.790664
-5.790664
-8.329568
-5.787169
-5.794156
-5.794156
-5.794156
-5.790664
-5.794156
-5.790664
-5.790664
-5.794156
-5.790664
-5.790664
-5.790664
-5.790664
-8.329568
-8.329568
-5.794156
-5.790664
-5.790664
-5.790664
-5.790664
-5.787169
-5.790664
-5.787169
-5.787169
-5.794156
-5.790664
-5.787169
-5.794156
-5.790664
-8.329568
-5.790664
-5.787169
-5.794156
-5.790664
-5.790664
-5.790664
-5.790664
-5.790664
-5.794156
-5.790664
-5.790664
-5.787169
-5.790664
-8.334593
-8.329568
-8.329568
-5.790664
-5.790664
-5.790664
-5.787169
-5.790664
-5.794156
-5.790664
-5.794156
-5.790664
-5.794156
-5.790664
-5.790664
-5.790664
-5.790664
-8.329568
-5.790664
-5.790664
-5.790664
-5.794156
-5.794156
-5.790664
-5.787169
-5.790664
-5.790664
-5.794156
-5.790664
-5.790664
-5.790664
-5.790664
-5.790664
-5.794156
-5.794156
-5.790664
-5.787169
-5.790664
-8.329568
-5.794156
-5.787169
-5.790664
-5.794156
-5.790664
-5.790664
-5.790664
-5.794156
-5.790664
-5.790664
-8.334593
-5.794156
-5.787169
-5.790664
-5.790664
-8.339618
-8.329568
-5.790664
-5.794156
-8.329568
-8.334593
-5.787169
-5.790664
-5.790664
-5.787169
-5.790664
-5.790664
-5.790664
-5.790664
-5.790664
-5.790664
-5.790664
-8.334593
-5.787169
-5.790664
-5.790664
-5.790664
-8.329568
-5.794156
-5.790664
-5.790664
-5.794156
-8.334593
-5.790664
-8.329568
-8.334593
-5.790664
-5.790664
-5.790664
-5.787169
-5.790664
-5.790664
-5.790664
-5.790664
-5.790664
-5.787169
-5.787169
-5.790664
-5.790664
-5.794156
-5.790664
-5.790664
-5.794156
-5.794156
-5.790664
-5.790664
-5.790664
-8.329568
-8.329568
-8.329568
-8.329568
-8.329568
-5.794156
-5.794156
-5.794156
-5.790664
-5.790664
-5.790664
-5.790664
-8.334593
-5.790664
-5.794156
-5.794156
-5.790664
-5.787169
-5.790664
-5.787169
-5.790664
-8.334593
-5.790664
-5.790664
-5.790664
-5.787169
-5.794156
-5.790664
-5.794156
-5.790664
-5.787169
-5.787169
-8.329568
-5.790664
-5.794156
-5.794156
-5.790664
-5.787169
-5.794156
-8.329568
-5.790664
-5.790664
-5.787169
-5.794156
-5.794156
-5.790664
-5.794156
-8.329568
-5.794156
-5.794156
-5.790664
-5.790664
-5.794156
-5.794156
-5.794156
-5.790664
-5.790664
-5.790664
-5.794156
-5.790664
-5.794156
-5.794156
-5.790664
-5.790664
-5.794156
-5.794156
-5.790664
-8.329568
-5.790664
-8.329568
-5.794156
-5.787169
-5.790664
-5.787169
-5.790664
-5.790664
-5.790664
-8.334593
-5.787169
-5.790664
-5.790664
-5.794156
-5.790664
-5.794156
-5.790664
-5.794156
-5.787169
-8.329568
-8.329568
-8.329568
-5.790664
-5.790664
-5.794156
-5.790664
-5.794156
-5.787169
-5.790664
-5.790664
-5.790664
-8.329568
-5.787169
-5.790664
-5.790664
-5.790664
-5.794156
-5.790664
-5.794156
-5.790664
-5.790664
-5.787169
-5.790664
-5.790664
-5.794156
-5.790664
-5.790664
-5.787169
-5.794156
-5.790664
-5.790664
-5.794156
-8.329568
-5.787169
-5.790664
-5.790664
-5.790664
-5.794156
-5.790664
-5.787169
-5.790664
-5.790664
-8.329568
-5.790664
-5.787169
-5.790664
-5.790664
-5.794156
-5.790664
-5.790664
-5.790664
-8.329568
-5.794156
-5.790664
-8.334593
-5.794156
-5.790664
-5.790664
-5.787169
-5.794156
-5.790664
-5.790664
-8.329568
-8.329568
-5.790664
-5.790664
-5.790664
-5.794156
-5.790664
-5.790664
-5.790664
-5.790664
-8.334593
-8.329568
-5.790664
-8.334593
-5.790664
-8.329568
-5.790664
-5.790664
-5.790664
-5.787169
-5.790664
-5.790664
-5.790664
-5.794156
-5.794156
-5.790664
-5.790664
-5.787169
-5.794156
-5.790664
-5.787169
-5.790664
-5.790664
-5.790664
-5.790664
-5.794156
-5.787169
-5.790664
-5.790664
-5.794156
-5.790664
-5.794156
-5.787169
-5.790664
-5.794156
-5.790664
-8.329568
-5.790664
-5.790664
-5.790664
-8.329568
-5.794156
-5.790664
-5.787169
-5.787169
-5.794156
-5.790664
-5.790664
-5.790664
-5.794156
-5.790664
-8.329568
-5.787169
-5.790664
-5.790664
-5.794156
-5.790664
-5.794156
-5.790664
-5.794156
-5.794156
-5.794156
-5.790664
-5.790664
-5.790664
-5.794156
-5.794156
-5.794156
-5.790664
-5.790664
-5.790664
-5.790664
-5.790664
-5.790664
-5.790664
-5.790664
-5.790664
-8.329568
-5.790664
-8.329568
-5.790664
-8.329568
-5.787169
-5.790664
-5.790664
-5.794156
-5.790664
-5.790664
-5.790664
-5.790664
-5.790664
-5.787169
-5.787169
-5.794156
-5.790664
-5.790664
-5.794156
-5.794156
-5.794156
-5.790664
-5.790664
-5.790664
-5.790664
-5.794156
-5.790664
-5.794156
-8.329568
-5.790664
-8.329568
-5.790664
-5.790664
-5.787169
-5.794156
-5.794156
-8.329568
-5.790664
-5.790664
-5.787169
-5.790664
-5.790664
-5.790664
-8.329568
-5.790664
-5.790664
-8.329568
-5.794156
-5.790664
-5.790664
-5.787169
-5.794156
-5.790664
-5.790664
-8.334593
-5.794156
-5.790664
-5.794156
-8.334593
-5.790664
-5.794156
-8.329568
-5.794156
-5.790664
-5.790664
-5.790664
-5.790664
-8.329568
-8.329568
-8.329568
-5.787169
-5.790664
-5.790664
-5.794156
-5.790664
-5.787169
-8.329568
-5.794156
-5.790664
-5.787169
-5.790664
-5.787169
-5.790664
-8.334593
-8.334593
-5.794156
-5.794156
-5.794156
-5.790664
-5.790664
-5.790664
-8.329568
-8.329568
-8.329568
-5.794156
-5.790664
-5.790664
-5.790664
-5.790664
-5.790664
-5.790664
-5.790664
-5.790664
-5.787169
-5.794156
-5.790664
-5.790664
-8.329568
-5.790664
-5.794156
-5.790664
-5.790664
-5.794156
-5.790664
-5.790664
-5.790664
-5.787169
-5.790664
-5.790664
-5.787169
-5.794156
-5.790664
-5.790664
-5.790664
-5.790664
-5.790664
-5.790664
-5.790664
-5.790664
-5.790664
-5.794156
-5.790664
-5.790664
-5.790664
-5.790664
-5.790664
-5.794156
-5.790664
-5.790664
-5.787169
-5.794156
-5.787169
-5.790664
-5.794156
-5.790664
-5.790664
-5.790664
-5.794156
-5.787169
-8.329568
-5.790664
-5.790664
-8.329568
-5.790664
-5.790664
-5.787169
-5.787169
-8.329568
-5.790664
-5.790664
-5.790664
-8.334593
-5.790664
-5.794156
-5.790664
-5.790664
-5.790664
-5.794156
-5.790664
-5.790664
-5.790664
-5.787169
-8.329568
-5.794156
-5.794156
-5.790664
-5.794156
-5.790664
-5.790664
-5.790664
-8.329568
-5.790664
-5.794156
-5.790664
-5.790664
-5.790664
-8.329568
-5.794156
-8.329568
-5.787169
-5.790664
-5.790664
-5.790664
-5.790664
-5.790664
-5.790664
-5.794156
-5.787169
-5.790664
-5.790664
-5.790664
-5.790664
-5.790664
-5.794156
-8.329568
-5.790664
-5.790664
-5.787169
-5.790664
-5.794156
-8.329568
-5.787169
-5.794156
-5.794156
-5.790664
-5.790664
-5.790664
-5.794156
-5.790664
-5.790664
-5.794156
-5.790664
-5.790664
-5.794156
-5.790664
-8.334593
-5.790664
-5.790664
-5.794156
-5.790664
-8.329568
-8.329568
-5.790664
-5.794156
-5.787169
-5.790664
-5.790664
-5.794156
-8.329568
-5.790664
-5.790664
-5.787169
-5.787169
-8.329568
-5.794156
-5.790664
-5.790664
-5.790664
-5.790664
-5.790664
-5.794156
-5.790664
-5.794156
-5.790664
-5.790664
-5.790664
-5.790664
-5.790664
-5.794156
-8.329568
-5.794156
-5.787169
-5.790664
-5.794156
-5.790664
-5.787169
-5.790664
-5.790664
-5.794156
-5.787169
-8.329568
-5.787169
-5.790664
-5.794156
-5.790664
-5.794156
-5.794156
-5.790664
-5.790664
-8.329568
-5.790664
-5.790664
-5.790664
-5.787169
-5.790664
-5.794156
-5.787169
-5.790664
-5.790664
-5.790664
-8.329568
-5.790664
-8.329568
-5.790664
-5.787169
-5.790664
-8.334593
-8.329568
-5.790664
-8.334593
-5.790664
-5.790664
-8.329568
-5.787169
-5.790664
-5.794156
-5.790664
-5.790664
-5.794156
-5.790664
-5.790664
-8.334593
-5.794156
-5.790664
-5.790664
-5.790664
-5.787169
-5.790664
-5.790664
-8.334593
-5.787169
-5.790664
-5.790664
-5.790664
-5.790664
-5.790664
-8.329568
-5.790664
-5.790664
-5.794156
-5.790664
-5.790664
-5.794156
-5.790664
-8.329568
-5.790664
-5.794156
-8.329568
-5.790664
-5.790664
-5.790664
-5.787169
-5.787169
-5.790664
-5.790664
-8.329568
-5.787169
-5.790664
-5.790664
-5.790664
-5.790664
-5.790664
-5.787169
-5.790664
-5.790664
-5.790664
-8.329568
-5.790664
-8.334593
-5.790664
-5.790664
-8.334593
-5.790664
-5.787169
-5.790664
-5.790664
-8.334593
-8.334593
-5.790664
-5.790664
-8.329568
-5.787169
-5.787169
-5.787169
-5.790664
-8.334593
-5.790664
-5.790664
-5.790664
-8.329568
-5.790664
-5.790664
-5.794156
-8.339618
-5.794156
-5.790664
-5.790664
-5.787169
-5.790664
-5.794156
-5.790664
-5.794156
-8.329568
-5.790664
-5.790664
-5.790664
-5.787169
-5.787169
-5.787169
-5.790664
-5.790664
-5.794156
-5.794156
-5.787169
-8.329568
-5.794156
-5.790664
-8.329568
-5.787169
-5.790664
-8.329568
-5.794156
-8.329568
-5.794156
-5.790664
-5.790664
-5.790664
-5.790664
-8.329568
-5.790664
-5.794156
-5.790664
-5.790664
-5.790664
-5.790664
-5.790664
-5.794156
-5.794156
-8.329568
-8.329568
-8.329568
-5.794156
-5.790664
-5.790664
-5.790664
-5.790664
-8.329568
-8.334593
-5.790664
-5.790664
-5.790664
-5.794156
-5.790664
-5.790664
-5.794156
-5.794156
-5.794156
-5.790664
-5.787169
-5.790664
-5.790664
-5.787169
-5.794156
-5.797651
-5.790664
-5.790664
-5.794156
-5.790664
-5.790664
-5.787169
-5.790664
-5.787169
-8.329568
-5.790664
-5.790664
-5.794156
-5.790664
-5.790664
-5.787169
-8.329568
-5.790664
-5.794156
-5.787169
-5.790664
-5.790664
-5.787169
-5.790664
-5.790664
-5.794156
-8.329568
-5.787169
-5.790664
-5.790664
-8.334593
-5.794156
-5.794156
-5.790664
-5.790664
-5.787169
-5.790664
-5.790664
-5.794156
-5.790664
-5.790664
-5.790664
-5.790664
-5.790664
-5.790664
-5.790664
-5.790664
-5.790664
-5.790664
-5.787169
-5.787169
-5.790664
-5.794156
-5.790664
-5.790664
-5.790664
-5.790664
-5.790664
-5.790664
-5.790664
-8.329568
-5.794156
-8.334593
-5.787169
-5.794156
-5.790664
-8.329568
-5.790664
-5.794156
-8.329568
-5.794156
-5.790664
-5.794156
-5.790664
-5.790664
-5.794156
-5.790664
-8.334593
-8.329568
-5.794156
-5.790664
-5.790664
-5.790664
-8.334593
-5.787169
-5.790664
-5.790664
-5.790664
-8.329568
-8.329568
-8.334593
-5.790664
-5.790664
-5.794156
-5.790664
-5.790664
-5.790664
-5.790664
-5.790664
-5.790664
-5.790664
-5.794156
-5.790664
-5.790664
-8.329568
-5.790664
-5.790664
-5.790664
-5.790664
-5.790664
-5.790664
-5.794156
-5.790664
-5.790664
-8.334593
-5.790664
-5.790664
-5.787169
-5.794156
-5.794156
-5.794156
-5.794156
-5.787169
-5.787169
-5.794156
-5.787169
-5.790664
-5.794156
-5.790664
-8.334593
-5.790664
-5.790664
-5.790664
-5.794156
-8.334593
-5.794156
-5.794156
-5.787169
-5.790664
-5.794156
-5.790664
-5.790664
-5.794156
-8.329568
-5.787169
-5.790664
-5.794156
-8.334593
-5.794156
-5.790664
-5.794156
-5.790664
-5.790664
-5.787169
-5.790664
-5.790664
-5.794156
-5.790664
-8.329568
-5.790664
-5.790664
-5.794156
-5.787169
-8.334593
-5.790664
-5.794156
-5.790664
-8.329568
-5.794156
-5.790664
-5.790664
-5.787169
-5.790664
-5.790664
-5.790664
-5.790664
-5.790664
-5.790664
-5.794156
-5.790664
-5.790664
-5.794156
-5.787169
-5.790664
-5.790664
-5.787169
-5.794156
-5.790664
-5.794156
-5.794156
-5.790664
-8.334593
-5.794156
-5.794156
-5.790664
-5.787169
-5.790664
-5.790664
-8.329568
-5.790664
-5.794156
-5.794156
-5.790664
-5.794156
-5.790664
-5.794156
-5.790664
-5.787169
-5.790664
-5.790664
-5.794156
-5.794156
-8.329568
-5.790664
-5.790664
-5.790664
-5.790664
-5.790664
-5.790664
-8.334593
-5.790664
-5.790664
-5.794156
-5.790664
-5.790664
-5.794156
-5.790664
-5.790664
-5.790664
-5.790664
-5.787169
-5.790664
-5.790664
-5.790664
-8.334593
-5.794156
-5.794156
-5.794156
-5.787169
-5.790664
-5.790664
-5.790664
-5.790664
-5.787169
-5.794156
-5.794156
-5.790664
-5.790664
-5.790664
-5.790664
-5.794156
-5.790664
-5.790664
-8.329568
-5.790664
-5.790664
-5.787169
-5.790664
-5.790664
-5.790664
-5.790664
-5.790664
-5.790664
-8.329568
-5.787169
-5.787169
-5.790664
-5.790664
-5.790664
-5.790664
-5.794156
-5.790664
-5.790664
-5.790664
-5.790664
-5.794156
-5.790664
-5.790664
-5.790664
-5.790664
-8.329568
-5.790664
-5.790664
-5.790664
-5.790664
-5.790664
-5.790664
-5.794156
-5.790664
-5.794156
-5.790664
-5.790664
-5.794156
-5.790664
-5.794156
-5.790664
-5.794156
-5.787169
-5.794156
-5.790664
-5.787169
-5.790664
-5.787169
-5.790664
-5.787169
-5.790664
-5.790664
-5.790664
-5.790664
-5.790664
-5.790664
-5.794156
-5.787169
-5.794156
-5.790664
-5.790664
-5.790664
-8.329568
-8.329568
-8.329568
-8.334593
-5.787169
-5.790664
-5.794156
-5.790664
-5.787169
-5.790664
-5.790664
-5.790664
-5.787169
-5.790664
-5.790664
-5.794156
-5.790664
-5.790664
-5.790664
-5.787169
-5.790664
-5.794156
-5.790664
-5.790664
-5.794156
-5.794156
-5.794156
-5.790664
-5.790664
-5.790664
-5.790664
-5.790664
-5.790664
-5.790664
-5.794156
-5.790664
-5.787169
-5.794156
-5.790664
-8.329568
-8.334593
-5.790664
-5.794156
-5.790664
-5.794156
-5.790664
-5.790664
-5.790664
-5.790664
-5.790664
-8.329568
-5.794156
-8.329568
-5.790664
-5.787169
-8.329568
-5.794156
-8.329568
-5.790664
-8.334593
-5.787169
-5.787169
-5.794156
-5.794156
-8.334593
-5.790664
-5.790664
-5.794156
-5.790664
-5.794156
-5.790664
-5.794156
-8.334593
-8.329568
-5.790664
-5.790664
-5.790664
-5.790664
-5.790664
-5.790664
-5.790664
-8.329568
-5.787169
-5.794156
-8.329568
-5.794156
-5.787169
-8.329568
-5.790664
-5.794156
-8.329568
-8.329568
-5.794156
-5.787169
-5.790664
-5.787169
-5.790664
-5.794156
-8.329568
-5.790664
-5.790664
-5.790664
-5.790664
-5.790664
-5.790664
-5.790664
-5.790664
-5.790664
-5.790664
-8.329568
-5.790664
-5.790664
-5.794156
-8.329568
-5.790664
-5.790664
-5.790664
-8.329568
-5.787169
-5.790664
-5.790664
-5.790664
-5.787169
-5.787169
-5.790664
-5.794156
-5.787169
-5.794156
-8.334593
-5.787169
-5.790664
-5.790664
-5.787169
-5.790664
-5.790664
-8.329568
-5.790664
-8.329568
-5.790664
-5.794156
-5.790664
-5.790664
-5.787169
-8.334593
-5.794156
-5.790664
-5.790664
-5.790664
-8.329568
-5.794156
-5.790664
-5.790664
-8.329568
-5.790664
-8.329568
-5.794156
-8.329568
-5.794156
-5.790664
-5.787169
-5.790664
-8.329568
-8.329568
-5.794156
-5.790664
-5.790664
-5.794156
-5.790664
-5.790664
-5.790664
-5.790664
-5.790664
-5.794156
-5.790664
-5.790664
-5.790664
-5.794156
-5.790664
-5.787169
-5.790664
-5.790664
-5.790664
-5.787169
-5.794156
-8.329568
-5.794156
-5.790664
-5.794156
-8.329568
-8.329568
-5.794156
-5.794156
-5.790664
-5.787169
-5.790664
-5.790664
-8.334593
-5.790664
-5.790664
-5.790664
-5.790664
-5.790664
-5.790664
-5.790664
-5.790664
-5.787169
-5.790664
-5.787169
-5.790664
-5.790664
-8.334593
-5.794156
-8.329568
-5.790664
-5.790664
-5.790664
-5.790664
-5.787169
-5.790664
-5.790664
-5.790664
-8.334593
-8.329568
-5.790664
-5.787169
-5.790664
-5.787169
-8.329568
-5.790664
-5.794156
-5.790664
-5.790664
-5.794156
-5.790664
-5.794156
-5.790664
-5.790664
-5.790664
-5.790664
-5.794156
-8.334593
-5.794156
-8.334593
-5.790664
-8.329568
-8.329568
-5.790664
-5.790664
-5.790664
-8.334593
-5.790664
-5.790664
-8.329568
-5.790664
-5.794156
-5.790664
-5.794156
-5.790664
-5.790664
-5.794156
-5.794156
-5.790664
-5.794156
-5.790664
-8.334593
-5.787169
-5.794156
-5.790664
-8.329568
-5.787169
-5.787169
-5.787169
-5.790664
-5.790664
-5.790664
-5.783683
-5.790664
-5.794156
-5.794156
-5.790664
-8.334593
-5.790664
-5.794156
-8.329568
-8.334593
-5.794156
-5.790664
-5.790664
-5.794156
-5.787169
-5.790664
-5.790664
-5.790664
-5.794156
-5.787169
-5.790664
-5.790664
-5.794156
-5.790664
-5.794156
-5.794156
-5.790664
-8.329568
-5.790664
-5.794156
-5.790664
-8.329568
-5.790664
-5.790664
-5.790664
-5.790664
-5.790664
-5.790664
-5.790664
-5.794156
-8.334593
-5.790664
-5.790664
-5.790664
-5.790664
-5.790664
-5.790664
-5.790664
-5.794156
-5.787169
-8.334593
-5.790664
-5.790664
-5.790664
-5.787169
-5.790664
-5.794156
-5.790664
-5.790664
-8.329568
-5.787169
-5.790664
-5.790664
-5.790664
-8.329568
-8.329568
-8.329568
-5.790664
-5.794156
-5.794156
-5.790664
-5.790664
-8.329568
-5.790664
-5.790664
-8.334593
-5.790664
-5.790664
-5.794156
-5.790664
-8.334593
-5.790664
-5.794156
-8.329568
-5.794156
-8.329568
-8.329568
-5.790664
-5.794156
-5.790664
-5.790664
-5.790664
-5.790664
-8.329568
-5.790664
-5.787169
-5.790664
-5.790664
-5.790664
-5.794156
-5.790664
-5.790664
-5.790664
-5.790664
-5.794156
-5.790664
-5.790664
-8.329568
-5.794156
-5.790664
-5.794156
-5.790664
-5.794156
-5.787169
-5.790664
-5.790664
-5.790664
-5.794156
-5.790664
-5.790664
-5.790664
-5.787169
-5.787169
-5.790664
-8.334593
-5.790664
-5.790664
-5.790664
-5.794156
-5.790664
-5.790664
-5.790664
-5.790664
-8.334593
-5.790664
-5.790664
-5.790664
-5.790664
-5.790664
-5.790664
-5.790664
-5.790664
-5.787169
-5.790664
-8.329568
-5.790664
-5.790664
-5.787169
-5.794156
-5.794156
-5.790664
-5.790664
-5.794156
-5.790664
-5.794156
-5.790664
-5.794156
-5.790664
-5.794156
-5.787169
-5.790664
-5.794156
-5.787169
-5.787169
-5.790664
-5.794156
-5.790664
-5.790664
-5.794156
-5.790664
-5.790664
-5.794156
-8.329568
-8.329568
-5.790664
-5.790664
-5.790664
-5.787169
-5.790664
-5.790664
-5.790664
-5.787169
-8.329568
-5.790664
-5.790664
-8.329568
-5.790664
-5.794156
-5.790664
-5.790664
-5.790664
-8.329568
-5.790664
-5.790664
-8.334593
-5.787169
-5.790664
-5.790664
-5.790664
-5.790664
-5.790664
-5.790664
-5.790664
-5.790664
-5.790664
-5.790664
-5.794156
-5.790664
-5.790664
-5.787169
-5.790664
-5.790664
-5.787169
-5.790664
-5.794156
-5.790664
-8.329568
-5.794156
-5.790664
-5.790664
-8.329568
-5.787169
-5.790664
-8.334593
-5.790664
-8.329568
-5.794156
-5.787169
-5.790664
-5.790664
-5.790664
-5.790664
-5.794156
-5.790664
-5.790664
-8.329568
-8.334593
-5.790664
-5.790664
-5.790664
-5.790664
-8.329568
-5.783683
-5.790664
-5.790664
-5.790664
-5.790664
-5.790664
-5.790664
-5.787169
-5.790664
-5.790664
-5.790664
-5.794156
-5.794156
-5.790664
-5.790664
-5.794156
-5.790664
-5.790664
-5.790664
-5.790664
-5.790664
-5.790664
-5.790664
-8.334593
-5.790664
-5.790664
-5.790664
-5.790664
-8.329568
-5.790664
-8.329568
-5.794156
-8.329568
-5.790664
-5.787169
-5.794156
-5.790664
-5.794156
-5.794156
-5.790664
-5.790664
-5.790664
-8.334593
-5.790664
-5.790664
-5.790664
-5.790664
-5.794156
-5.794156
-5.790664
-5.787169
-5.790664
-5.787169
-5.794156
-5.787169
-8.329568
-8.329568
-5.790664
-8.329568
-5.790664
-5.790664
-5.790664
-5.790664
-5.790664
-8.339618
-5.790664
-5.790664
-5.790664
-5.790664
-5.790664
-5.794156
-5.790664
-5.790664
-5.790664
-5.790664
-5.790664
-5.787169
-5.794156
-5.790664
-5.787169
-5.790664
-8.329568
-5.794156
-8.329568
-5.797651
-5.790664
-8.329568
-5.790664
-5.794156
-5.787169
-5.794156
-5.790664
-8.334593
-5.790664
-5.790664
-5.790664
-5.790664
-5.790664
-5.790664
-5.794156
-5.790664
-5.790664
-5.790664
-5.790664
-5.790664
-8.329568
-5.790664
-5.790664
-8.334593
-5.790664
-5.794156
-8.329568
-5.790664
-5.794156
-5.794156
-8.329568
-8.334593
-5.787169
-5.787169
-5.797651
-5.794156
-5.790664
-5.794156
-8.334593
-5.790664
-5.790664
-5.790664
-5.794156
-5.790664
-5.794156
-5.790664
-5.790664
-5.790664
-5.790664
-5.790664
-8.334593
-5.794156
-5.790664
-5.794156
-5.790664
-5.794156
-8.334593
-5.790664
-5.790664
-5.794156
-5.790664
-5.790664
-5.790664
-5.790664
-5.790664
-5.790664
-5.790664
-5.790664
-5.790664
-5.790664
-8.334593
-5.790664
-5.787169
-5.787169
-5.790664
-5.787169
-5.790664
-5.790664
-5.790664
-5.794156
-5.790664
-5.790664
-5.790664
-8.329568
-5.790664
-5.790664
-5.790664
-5.790664
-5.797651
-5.790664
-5.794156
-5.790664
-5.790664
-5.790664
-8.334593
-8.329568
-5.794156
-5.790664
-5.794156
-5.790664
-5.794156
-8.329568
-5.790664
-5.790664
-5.794156
-5.790664
-5.790664
-5.790664
-5.787169
-5.790664
-5.787169
-5.790664
-5.794156
-5.787169
-5.790664
-5.794156
-5.790664
-5.790664
-8.329568
-5.794156
-8.329568
-5.787169
-5.790664
-5.790664
-8.334593
-5.790664
-5.794156
-5.787169
-5.794156
-5.790664
-5.790664
-8.329568
-5.790664
-5.794156
-5.794156
-5.790664
-8.329568
-5.790664
-8.329568
-5.794156
-8.329568
-5.794156
-8.329568
-5.787169
-8.329568
-5.790664
-5.787169
-5.790664
-5.790664
-5.790664
-5.794156
-5.783683
-8.329568
-8.334593
-5.794156
-5.790664
-5.790664
-5.787169
-5.790664
-8.329568
-5.790664
-5.790664
-5.794156
-5.787169
-5.790664
-8.329568
-5.790664
-5.787169
-5.790664
-5.790664
-5.787169
-8.329568
-5.790664
-5.790664
-5.794156
-5.790664
-5.790664
-8.329568
-5.794156
-5.790664
-8.334593
-5.787169
-5.790664
-5.790664
-5.790664
-8.334593
-5.790664
-5.794156
-5.787169
-5.790664
-5.790664
-5.787169
-5.790664
-5.790664
-5.790664
-5.790664
-8.329568
-5.790664
-5.794156
-5.794156
-5.790664
-5.794156
-8.334593
-5.790664
-5.790664
-5.790664
-5.794156
-5.790664
-5.794156
-8.334593
-5.790664
-5.790664
-5.790664
-5.790664
-8.329568
-5.790664
-5.790664
-5.794156
-5.790664
-5.794156
-8.329568
-5.790664
-5.790664
-5.794156
-5.790664
-5.787169
-5.794156
-5.790664
-8.334593
-5.790664
-5.794156
-8.329568
-5.790664
-5.794156
-5.794156
-5.790664
-5.794156
-5.790664
-5.790664
-5.790664
-5.787169
-8.329568
-5.794156
-5.790664
-5.787169
-5.790664
-5.794156
-8.334593
-5.790664
-5.790664
-5.790664
-5.790664
-5.794156
-5.794156
-5.790664
-5.787169
-5.794156
-5.790664
-5.790664
-5.790664
-8.329568
-5.790664
-5.787169
-5.790664
-5.790664
-5.794156
-5.790664
-5.790664
-5.794156
-5.790664
-5.790664
-5.794156
-5.790664
-5.790664
-5.790664
-5.787169
-5.790664
-5.790664
-5.790664
-5.787169
-5.790664
-5.794156
-5.794156
-5.790664
-5.790664
-5.790664
-8.334593
-5.794156
-5.794156
-5.790664
-5.794156
-5.794156
-5.790664
-5.787169
-5.790664
-5.790664
-5.790664
-5.790664
-8.329568
-5.790664
-5.790664
-5.790664
-5.790664
-5.790664
-8.334593
-5.790664
-5.794156
-8.334593
-5.790664
-5.790664
-5.794156
-5.794156
-8.329568
-5.794156
-5.790664
-5.790664
-5.794156
-5.787169
-5.790664
-5.794156
-5.790664
-5.790664
-5.790664
-5.794156
-5.790664
-5.787169
-5.790664
-5.790664
-5.787169
-8.334593
-5.790664
-8.329568
-8.334593
-5.794156
-5.790664
-8.329568
-8.329568
-5.790664
-8.329568
-5.790664
-5.790664
-5.790664
-5.794156
-5.790664
-5.794156
-5.790664
-8.334593
-5.790664
-5.790664
-5.794156
-5.790664
-5.794156
-5.794156
-5.787169
-5.790664
-5.790664
-5.794156
-5.794156
-8.334593
-5.790664
-5.790664
-5.790664
-8.329568
-5.790664
-8.329568
-5.794156
-5.790664
-5.787169
-5.794156
-5.797651
-5.790664
-5.790664
-5.794156
-5.790664
-5.790664
-5.790664
-5.794156
-5.794156
-8.339618
-5.790664
-8.329568
-5.794156
-5.790664
-5.790664
-5.790664
-5.787169
-5.790664
-5.790664
-8.329568
-5.790664
-5.790664
-5.787169
-5.790664
-5.790664
-5.794156
-5.794156
-5.790664
-5.787169
-5.790664
-5.790664
-5.790664
-5.794156
-5.794156
-5.794156
-5.790664
-5.790664
-8.329568
-5.790664
-5.794156
-8.329568
-5.794156
-5.790664
-5.790664
-5.790664
-5.790664
-8.329568
-5.790664
-5.790664
-5.794156
-5.790664
-5.790664
-5.790664
-5.790664
-5.790664
-5.794156
-5.787169
-5.790664
-5.794156
-5.790664
-8.329568
-5.790664
-5.794156
-8.329568
-5.794156
-5.790664
-5.790664
-5.790664
-5.790664
-5.790664
-5.790664
-5.794156
-5.790664
-5.790664
-8.334593
-5.790664
-5.790664
-5.790664
-5.787169
-5.794156
-5.790664
-5.790664
-5.790664
-5.790664
-5.790664
-5.790664
-5.790664
-5.794156
-8.329568
-5.790664
-5.790664
-5.787169
-5.790664
-5.787169
-5.790664
-5.787169
-5.787169
-8.329568
-5.790664
-5.790664
-5.790664
-5.790664
-8.329568
-5.794156
-5.787169
-5.790664
-5.790664
-8.329568
-5.790664
-5.790664
-5.790664
-8.334593
-5.794156
-8.329568
-5.790664
-5.790664
-5.790664
-5.790664
-5.794156
-5.790664
-5.787169
-5.790664
-5.790664
-5.790664
-5.790664
-5.794156
-5.790664
-5.794156
-5.794156
-5.790664
-5.790664
-8.334593
-5.790664
-5.787169
-5.790664
-5.787169
-5.787169
-5.794156
-5.790664
-5.794156
-5.790664
-8.329568
-5.787169
-5.790664
-8.329568
-5.787169
-5.787169
-8.329568
-5.790664
-5.790664
-5.790664
-5.790664
-5.794156
-5.794156
-5.790664
-8.329568
-5.790664
-5.794156
-5.787169
-8.329568
-5.794156
-5.790664
-5.794156
-5.790664
-5.790664
-5.790664
-5.790664
-5.787169
-8.334593
-5.794156
-5.790664
-8.329568
-5.790664
-5.790664
-8.329568
-5.790664
-8.329568
-8.329568
-5.790664
-5.794156
-5.790664
-5.790664
-5.790664
-5.790664
-5.787169
-5.790664
-5.787169
-8.329568
-8.329568
-5.790664
-5.794156
-5.790664
-8.329568
-5.790664
-5.787169
-5.790664
-8.329568
-5.790664
-5.790664
-5.787169
-5.794156
-5.790664
-5.790664
-5.790664
-5.790664
-5.790664
-5.787169
-5.790664
-5.790664
-5.794156
-5.790664
-5.790664
-5.790664
-5.790664
-8.329568
-5.787169
-5.790664
-5.794156
-5.787169
-8.329568
-5.787169
-5.790664
-5.790664
-8.329568
-5.790664
-5.787169
-8.329568
-8.329568
-5.790664
-5.787169
-8.329568
-8.329568
-5.790664
-5.794156
-5.790664
-5.794156
-8.329568
-5.790664
-5.787169
-5.790664
-5.790664
-5.790664
-5.790664
-5.790664
-5.790664
-5.790664
-5.790664
-5.787169
-5.794156
-5.794156
-5.790664
-5.790664
-5.790664
-5.794156
-5.790664
-5.794156
-5.794156
-8.329568
-5.790664
-8.329568
-5.790664
-5.790664
-5.794156
-5.787169
-5.790664
-5.790664
-5.790664
-5.790664
-8.334593
-5.790664
-8.334593
-8.334593
-5.794156
-8.334593
-8.329568
-5.790664
-5.790664
-5.794156
-5.790664
-5.790664
-5.787169
-5.790664
-5.787169
-5.790664
-5.790664
-5.790664
-5.794156
-5.790664
-8.334593
-5.794156
-5.790664
-5.790664
-5.790664
-5.790664
-8.329568
-5.787169
-5.790664
-5.787169
-5.787169
-5.787169
-5.790664
-8.334593
-8.334593
-5.790664
-5.790664
-5.790664
-5.794156
-5.790664
-5.787169
-5.790664
-5.787169
-5.790664
-5.794156
-5.787169
-5.794156
-5.790664
-5.790664
-5.790664
-5.787169
-5.794156
-5.794156
-5.790664
-5.790664
-5.794156
-8.329568
-5.790664
-5.794156
-5.790664
-5.790664
-5.790664
-5.790664
-5.790664
-5.794156
-5.787169
-5.790664
-8.334593
-5.790664
-5.794156
-5.790664
-5.790664
-5.794156
-5.790664
-5.790664
-8.329568
-8.334593
-5.787169
-5.790664
-5.794156
-5.790664
-8.334593
-8.329568
-5.790664
-5.787169
-8.329568
-5.790664
-5.790664
-5.794156
-5.787169
-5.787169
-5.794156
-5.787169
-5.790664
-5.794156
-5.790664
-5.790664
-5.794156
-8.329568
-5.790664
-8.329568
-5.790664
-5.790664
-5.794156
-5.790664
-5.787169
-5.787169
-5.790664
-5.790664
-8.329568
-8.334593
-5.794156
-5.794156
-8.329568
-5.790664
-5.794156
-8.339618
-8.329568
-5.787169
-5.790664
-5.794156
-5.790664
-5.787169
-5.787169
-5.790664
-5.794156
-5.790664
-5.790664
-5.790664
-5.790664
-5.790664
-5.794156
-5.790664
-5.790664
-5.794156
-5.790664
-5.794156
-5.790664
-5.790664
-5.790664
-5.794156
-5.790664
-5.790664
-5.787169
-5.790664
-5.790664
-5.790664
-5.790664
-5.794156
-5.790664
-5.790664
-5.790664
-5.790664
-5.790664
-5.790664
-5.794156
-5.790664
-5.790664
-5.790664
-5.790664
-5.790664
-5.790664
-5.787169
-5.790664
-5.794156
-8.329568
-5.790664
-5.790664
-8.334593
-8.334593
-5.790664
-5.790664
-5.787169
-5.790664
-5.787169
-5.790664
-5.790664
-5.794156
-5.790664
-5.794156
-5.790664
-5.790664
-5.794156
-5.790664
-5.790664
-5.790664
-5.790664
-5.790664
-5.790664
-5.790664
-5.790664
-5.794156
-5.790664
-8.329568
-5.790664
-5.790664
-5.794156
-5.790664
-5.790664
-5.794156
-5.790664
-5.790664
-5.790664
-5.790664
-5.790664
-5.794156
-5.790664
-5.787169
-5.790664
-5.790664
-5.794156
-5.790664
-8.329568
-8.329568
-5.794156
-5.790664
-5.790664
-5.790664
-5.790664
-5.790664
-5.794156
-5.787169
-5.790664
-5.794156
-5.794156
-5.790664
-5.790664
-8.329568
-5.790664
-5.790664
-5.790664
-5.790664
-5.790664
-8.334593
-5.794156
-5.790664
-5.790664
-5.790664
-5.790664
-5.790664
-5.787169
-5.790664
-5.790664
-5.794156
-5.790664
-5.787169
-5.790664
-5.790664
-5.790664
-5.790664
-5.790664
-5.794156
-5.794156
-5.790664
-5.790664
-5.794156
-5.790664
-5.790664
-5.787169
-5.790664
-8.329568
-5.790664
-5.794156
-5.790664
-5.790664
-5.790664
-5.794156
-5.790664
-5.794156
-5.790664
-5.790664
-5.787169
-5.787169
-5.790664
-5.790664
-5.790664
-5.790664
-5.790664
-5.787169
-5.790664
-5.794156
-5.790664
-5.790664
-5.794156
-5.790664
-5.790664
-8.334593
-5.790664
-5.787169
-5.787169
-5.794156
-5.790664
-8.329568
-5.790664
-8.329568
-5.790664
-5.794156
-5.787169
-5.794156
-5.790664
-8.329568
-5.790664
-8.334593
-5.790664
-5.790664
-5.790664
-5.790664
-5.790664
-5.790664
-5.790664
-5.790664
-5.790664
-5.787169
-5.790664
-5.794156
-5.790664
-5.790664
-5.794156
-5.787169
-8.329568
-5.790664
-5.790664
-5.794156
-5.790664
-5.790664
-5.787169
-5.794156
-5.790664
-5.787169
-5.787169
-5.790664
-5.790664
-5.794156
-5.794156
-5.794156
-5.794156
-5.787169
-8.329568
-5.790664
-5.790664
-8.329568
-8.329568
-5.790664
-5.794156
-8.329568
-8.334593
-8.329568
-5.790664
-5.790664
-5.790664
-5.794156
-5.790664
-5.794156
-8.329568
-5.794156
-5.790664
-5.790664
-5.790664
-5.790664
-5.794156
-5.794156
-5.790664
-8.334593
-5.790664
-5.790664
-5.790664
-5.790664
-5.790664
-5.794156
-5.794156
-5.790664
-5.794156
-5.787169
-8.329568
-8.329568
-5.787169
-5.787169
-5.790664
-5.790664
-5.794156
-5.790664
-5.794156
-5.790664
-8.329568
-8.329568
-5.790664
-5.790664
-5.790664
-8.329568
-5.790664
-5.790664
-5.787169
-5.787169
-5.790664
-5.794156
-8.329568
-8.329568
-8.334593
-5.790664
-5.790664
-5.794156
-5.794156
-8.329568
-5.794156
-5.787169
-5.794156
-5.790664
-5.787169
-5.790664
-5.790664
-5.794156
-5.787169
-5.794156
-5.790664
-5.787169
-5.787169
-5.794156
-8.334593
-5.790664
-5.790664
-5.790664
-5.790664
-5.790664
-5.790664
-8.334593
-5.790664
-5.794156
-5.790664
-5.790664
-5.794156
-5.794156
-8.329568
-5.787169
-8.329568
-8.329568
-5.790664
-5.790664
-5.790664
-8.329568
-5.794156
-5.794156
-5.794156
-5.794156
-5.794156
-8.334593
-8.329568
-5.790664
-5.790664
-5.790664
-5.787169
-5.790664
-5.790664
-5.787169
-8.329568
-5.790664
-5.790664
-8.329568
-5.790664
-5.790664
-5.794156
-5.790664
-5.790664
-5.790664
-5.790664
-8.329568
-5.790664
-5.790664
-5.790664
-5.790664
-5.790664
-5.794156
-5.790664
-5.790664
-5.787169
-5.787169
-8.329568
-5.794156
-5.794156
-5.790664
-5.790664
-5.790664
-5.790664
-5.790664
-8.329568
-8.334593
-5.794156
-8.334593
-5.790664
-8.329568
-5.790664
-5.794156
-5.790664
-5.790664
-5.790664
-5.790664
-5.790664
-5.790664
-5.790664
-8.334593
-5.790664
-5.790664
-5.794156
-5.790664
-5.787169
-5.790664
-5.790664
-5.794156
-5.794156
-5.790664
-5.790664
-5.794156
-5.790664
-5.790664
-5.790664
-8.334593
-5.790664
-5.790664
-5.787169
-5.790664
-5.787169
-5.790664
-5.790664
-5.794156
-5.790664
-5.794156
-5.794156
-8.329568
-8.334593
-5.787169
-5.790664
-5.790664
-5.790664
-5.790664
-8.329568
-5.790664
-5.794156
-8.334593
-5.790664
-5.787169
-5.790664
-8.329568
-5.790664
-5.787169
-5.794156
-5.790664
-5.790664
-5.794156
-5.794156
-5.790664
-5.790664
-5.790664
-5.794156
-5.790664
-8.329568
-5.790664
-5.794156
-5.790664
-5.790664
-5.790664
-5.790664
-5.790664
-5.790664
-5.790664
-5.787169
-5.790664
-5.790664
-8.329568
-5.790664
-5.790664
-5.794156
-5.790664
-5.790664
-8.329568
-5.787169
-5.790664
-5.790664
-5.794156
-5.794156
-5.790664
-8.334593
-5.790664
-5.790664
-5.794156
-5.790664
-5.787169
-5.790664
-8.329568
-5.790664
-5.790664
-5.790664
-5.794156
-5.790664
-8.329568
-8.329568
-5.790664
-5.794156
-5.794156
-5.787169
-5.794156
-5.790664
-5.790664
-5.790664
-8.329568
-5.790664
-8.334593
-5.790664
-5.790664
-5.790664
-8.329568
-8.329568
-5.794156
-5.794156
-5.790664
-5.790664
-5.787169
-5.790664
-5.790664
-5.794156
-5.790664
-5.790664
-8.329568
-5.790664
-8.334593
-5.794156
-5.790664
-8.329568
-8.329568
-5.790664
-5.790664
-5.790664
-8.334593
-5.790664
-5.790664
-5.787169
-5.794156
-5.790664
-5.790664
-5.790664
-5.790664
-5.787169
-5.794156
-8.334593
-5.790664
-8.334593
-8.329568
-5.790664
-5.794156
-5.787169
-8.334593
-8.329568
-5.790664
-5.790664
-5.790664
-5.790664
-5.790664
-5.790664
-5.794156
-5.790664
-5.787169
-5.787169
-5.794156
-5.794156
-5.787169
-5.794156
-5.790664
-8.334593
-5.794156
-5.790664
-5.794156
-8.334593
-8.329568
-5.790664
-5.790664
-5.794156
-5.794156
-5.794156
-5.794156
-5.787169
-5.787169
-5.790664
-5.790664
-5.790664
-8.334593
-5.790664
-5.790664
-5.787169
-5.790664
-5.790664
-5.790664
-5.790664
-5.790664
-8.334593
-5.794156
-8.334593
-8.329568
-5.790664
-5.790664
-5.790664
-5.790664
-5.790664
-5.790664
-8.334593
-5.794156
-8.329568
-5.787169
-5.794156
-5.790664
-5.790664
-5.790664
-8.334593
-5.794156
-5.790664
-5.790664
-5.790664
-5.794156
-5.790664
-5.787169
-5.790664
-5.794156
-8.329568
-5.790664
-5.790664
-8.334593
-5.790664
-5.787169
-5.794156
-5.790664
-5.794156
-5.794156
-5.794156
-5.790664
-5.794156
-5.790664
-5.787169
-5.790664
-5.794156
-5.790664
-5.790664
-5.790664
-5.790664
-5.787169
-5.790664
-5.790664
-5.794156
-5.790664
-5.790664
-5.790664
-5.790664
-8.329568
-8.334593
-5.790664
-5.790664
-5.794156
-8.329568
-5.787169
-5.790664
-5.790664
-5.790664
-5.790664
-8.329568
-5.787169
-8.334593
-5.790664
-5.787169
-8.329568
-5.794156
-5.794156
-5.790664
-5.790664
-5.790664
-5.794156
-5.790664
-5.790664
-5.790664
-5.790664
-5.794156
-5.790664
-5.794156
-5.790664
-5.790664
-5.790664
-5.787169
-5.790664
-5.790664
-5.790664
-5.790664
-8.329568
-5.794156
-5.790664
-5.794156
-8.329568
-5.790664
-5.790664
-5.790664
-5.790664
-5.790664
-5.790664
-5.794156
-5.794156
-5.794156
-8.329568
-5.790664
-5.794156
-8.334593
-5.794156
-5.790664
-5.790664
-5.794156
-5.790664
-8.329568
-5.794156
-5.790664
-5.790664
-5.787169
-5.790664
-5.787169
-5.790664
-8.329568
-5.794156
-5.794156
-5.790664
-5.790664
-5.790664
-5.790664
-5.787169
-5.794156
-5.794156
-8.334593
-5.790664
-5.790664
-5.790664
-8.329568
-5.790664
-5.787169
-5.790664
-5.790664
-5.790664
-5.790664
-5.790664
-5.790664
-5.790664
-5.790664
-8.329568
-5.790664
-5.790664
-5.790664
-5.790664
-5.787169
-5.790664
-8.329568
-5.794156
-5.790664
-5.790664
-5.790664
-5.790664
-5.794156
-5.790664
-5.790664
-5.790664
-5.794156
-5.790664
-5.790664
-5.794156
-5.790664
-5.787169
-5.790664
-5.790664
-5.790664
-8.329568
-5.794156
-8.329568
-5.790664
-5.790664
-5.790664
-5.790664
-5.790664
-5.790664
-8.329568
-5.790664
-5.790664
-8.329568
-5.790664
-5.794156
-5.794156
-5.790664
-5.790664
-5.790664
-5.787169
-5.787169
-5.790664
-5.790664
-5.790664
-5.790664
-5.794156
-5.790664
-5.790664
-5.787169
-5.790664
-5.790664
-8.329568
-5.790664
-5.790664
-5.790664
-5.794156
-5.790664
-5.790664
-8.329568
-5.787169
-5.790664
-5.790664
-5.794156
-8.329568
-5.790664
-5.790664
-5.790664
-5.787169
-5.790664
-5.794156
-5.794156
-5.787169
-5.790664
-5.787169
-5.790664
-5.790664
-8.329568
-5.794156
-5.787169
-5.794156
-5.790664
-5.790664
-8.329568
-5.790664
-5.790664
-5.794156
-5.790664
-5.790664
-5.794156
-5.787169
-5.794156
-5.790664
-8.329568
-5.790664
-5.790664
-5.790664
-5.790664
-5.794156
-5.790664
-5.790664
-5.790664
-5.790664
-5.794156
-5.790664
-5.794156
-5.790664
-5.790664
-5.790664
-5.790664
-8.329568
-5.790664
-5.787169
-5.790664
-5.790664
-5.790664
-5.794156
-8.334593
-5.790664
-5.794156
-5.790664
-5.794156
-5.787169
-5.790664
-5.794156
-5.790664
-5.790664
-5.790664
-5.790664
-8.329568
-5.794156
-5.794156
-5.794156
-5.790664
-5.794156
-5.790664
-5.790664
-5.794156
-5.790664
-5.790664
-5.790664
-5.787169
-8.329568
-5.790664
-5.790664
-8.329568
-8.329568
-8.329568
-5.794156
-5.794156
-5.790664
-5.794156
-5.794156
-5.794156
-5.790664
-5.790664
-5.794156
-5.787169
-5.790664
-5.787169
-5.787169
-5.790664
-5.790664
-5.790664
-5.790664
-5.794156
-5.790664
-5.787169
-8.329568
-5.790664
-5.790664
-5.790664
-5.794156
-5.790664
-5.787169
-5.794156
-5.794156
-5.790664
-5.794156
-5.790664
-5.794156
-8.329568
-5.790664
-5.790664
-8.329568
-5.794156
-5.790664
-5.790664
-5.790664
-5.790664
-5.790664
-8.329568
-5.790664
-5.790664
-5.790664
-5.790664
-5.794156
-5.790664
-5.790664
-5.787169
-8.329568
-8.334593
-5.790664
-5.790664
-5.790664
-5.794156
-5.790664
-8.329568
-5.787169
-5.790664
-5.790664
-8.329568
-5.790664
-5.794156
-8.334593
-8.334593
-5.787169
-5.790664
-5.794156
-5.790664
-5.794156
-5.790664
-5.787169
-5.790664
-8.329568
-5.790664
-8.334593
-5.790664
-8.329568
-5.790664
-8.329568
-5.790664
-8.329568
-8.329568
-5.794156
-5.790664
-8.329568
-5.794156
-5.787169
-5.790664
-5.790664
-5.790664
-5.790664
-5.790664
-5.790664
-5.790664
-8.334593
-8.334593
-5.787169
-5.790664
-5.790664
-5.790664
-8.329568
-5.790664
-5.794156
-5.794156
-8.329568
-5.790664
-5.790664
-5.790664
-8.329568
-5.794156
-5.790664
-5.794156
-5.790664
-5.794156
-5.787169
-5.790664
-5.794156
-5.794156
-5.790664
-5.794156
-5.790664
-5.790664
-8.329568
-8.329568
-5.794156
-5.787169
-5.790664
-5.790664
-5.790664
-5.787169
-5.790664
-5.794156
-8.334593
-5.790664
-5.790664
-5.790664
-5.790664
-5.790664
-5.790664
-5.787169
-5.794156
-5.790664
-5.787169
-5.790664
-5.790664
-5.790664
-8.334593
-5.790664
-5.794156
-5.790664
-5.790664
-5.787169
-5.790664
-5.790664
-5.794156
-8.339618
-5.794156
-5.790664
-8.329568
-5.790664
-5.790664
-5.794156
-5.794156
-5.790664
-5.787169
-5.794156
-5.787169
-8.334593
-5.790664
-5.790664
-5.790664
-5.790664
-5.794156
-5.794156
-5.790664
-5.787169
-5.794156
-5.790664
-5.790664
-5.790664
-5.790664
-5.794156
-5.790664
-5.790664
-5.790664
-5.790664
-5.794156
-5.790664
-5.794156
-5.790664
-5.787169
-5.790664
-5.787169
-5.787169
-5.790664
-5.787169
-8.329568
-5.794156
-8.329568
-5.787169
-5.790664
-5.790664
-5.794156
-5.787169
-5.790664
-5.794156
-5.794156
-5.787169
-5.790664
-5.794156
-5.787169
-8.334593
-5.790664
-5.790664
-5.790664
-5.790664
-5.790664
-5.790664
-5.790664
-5.790664
-5.790664
-5.787169
-8.329568
-5.790664
-5.790664
-5.790664
-5.794156
-5.790664
-5.794156
-8.334593
-5.787169
-5.790664
-5.790664
-5.790664
-5.790664
-8.329568
-5.794156
-5.794156
-5.787169
-5.794156
-5.790664
-5.790664
-5.794156
-5.790664
-5.790664
-5.794156
-8.334593
-8.334593
-8.329568
-5.790664
-8.334593
-8.329568
-5.787169
-5.794156
-5.794156
-5.790664
-8.334593
-5.794156
-5.790664
-5.790664
-5.790664
-5.794156
-5.790664
-5.790664
-8.334593
-5.787169
-5.790664
-5.790664
-5.790664
-5.790664
-5.790664
-5.790664
-5.790664
-8.334593
-5.794156
-8.334593
-8.329568
-5.790664
-8.334593
-8.329568
-5.790664
-5.787169
-5.790664
-5.790664
-5.794156
-5.790664
-5.790664
-5.790664
-8.334593
-5.794156
-5.790664
-5.790664
-8.329568
-5.790664
-8.329568
-8.334593
-5.790664
-8.329568
-5.794156
-8.334593
-5.790664
-5.790664
-5.790664
-5.794156
-5.790664
-5.794156
-5.794156
-5.787169
-5.790664
-5.790664
-5.790664
-5.790664
-5.790664
-5.790664
-5.790664
-5.787169
-5.790664
-5.790664
-5.790664
-5.787169
-5.787169
-5.790664
-5.794156
-5.790664
-5.787169
-5.794156
-5.790664
-8.329568
-5.794156
-5.790664
-8.329568
-5.790664
-5.790664
-8.329568
-5.794156
-5.787169
-5.790664
-5.794156
-5.790664
-5.787169
-5.790664
-5.790664
-5.787169
-5.790664
-5.790664
-5.794156
-5.790664
-5.787169
-5.790664
-5.790664
-5.794156
-5.787169
-5.794156
-5.794156
-5.794156
-5.790664
-8.329568
-8.334593
-5.790664
-5.794156
-8.334593
-5.790664
-5.790664
-8.329568
-5.790664
-8.329568
-5.787169
-5.790664
-5.794156
-5.787169
-5.790664
-5.787169
-5.787169
-5.787169
-5.790664
-8.329568
-8.329568
-5.790664
-5.797651
-5.794156
-5.790664
-8.329568
-8.329568
-5.790664
-5.790664
-5.794156
-5.790664
-5.790664
-5.790664
-5.790664
-5.790664
-8.329568
-5.790664
-5.790664
-5.794156
-5.794156
-5.790664
-5.794156
-5.787169
-5.790664
-5.790664
-5.794156
-8.329568
-5.790664
-5.794156
-5.790664
-5.794156
-5.790664
-8.329568
-5.787169
-5.790664
-5.790664
-5.790664
-5.794156
-5.790664
-5.787169
-5.790664
-5.790664
-5.787169
-8.329568
-5.794156
-5.794156
-5.787169
-5.794156
-5.790664
-5.790664
-5.787169
-5.790664
-5.790664
-5.794156
-5.790664
-5.794156
-5.790664
-5.790664
-5.790664
-5.790664
-5.790664
-5.787169
-5.790664
-5.790664
-8.329568
-5.790664
-5.790664
-5.790664
-5.790664
-5.794156
-8.329568
-5.790664
-5.790664
-5.794156
-5.790664
-5.794156
-5.794156
-5.790664
-5.797651
-5.790664
-5.790664
-8.329568
-5.790664
-5.790664
-8.334593
-5.794156
-5.794156
-5.790664
-5.790664
-5.790664
-5.790664
-5.794156
-5.790664
-5.794156
-5.790664
-5.794156
-5.790664
-5.790664
-5.790664
-8.334593
-8.329568
-5.790664
-5.787169
-5.790664
-5.794156
-5.790664
-5.790664
-8.329568
-8.329568
-5.787169
-5.790664
-5.794156
-5.794156
-5.794156
-5.790664
-5.790664
-5.787169
-5.794156
-5.787169
-5.794156
-8.334593
-5.794156
-5.787169
-5.790664
-8.329568
-5.790664
-5.787169
-5.790664
-5.790664
-5.790664
-5.790664
-5.794156
-5.794156
-5.794156
-5.790664
-5.794156
-5.790664
-5.794156
-5.794156
-5.790664
-5.790664
-8.334593
-5.790664
-5.787169
-5.790664
-5.790664
-8.329568
-5.794156
-5.787169
-5.794156
-5.787169
-5.790664
-5.794156
-5.790664
-5.794156
-5.790664
-8.329568
-5.790664
-5.790664
-5.794156
-5.790664
-5.790664
-5.790664
-5.790664
-5.794156
-5.787169
-5.790664
-5.787169
-5.790664
-8.329568
-5.794156
-5.790664
-5.794156
-5.790664
-5.787169
-5.790664
-5.794156
-5.790664
-5.790664
-8.329568
-5.790664
-5.790664
-5.790664
-5.790664
-5.794156
-5.790664
-5.790664
-5.790664
-5.790664
-5.790664
-5.790664
-5.790664
-5.790664
-8.329568
-5.790664
-5.794156
-5.790664
-5.790664
-5.794156
-5.790664
-5.790664
-5.790664
-5.790664
-5.790664
-8.329568
-8.329568
-5.790664
-8.329568
-5.790664
-5.790664
-8.329568
-8.329568
-8.329568
-8.329568
-5.787169
-5.790664
-5.790664
-5.794156
-5.790664
-5.790664
-5.790664
-5.787169
-5.790664
-8.329568
-5.790664
-5.790664
-8.334593
-5.790664
-5.790664
-5.787169
-5.790664
-5.787169
-5.790664
-5.790664
-5.794156
-5.790664
-5.790664
-5.794156
-5.790664
-5.790664
-5.790664
-5.790664
-8.329568
-8.329568
-5.787169
-5.794156
-5.794156
-5.794156
-5.790664
-5.794156
-5.790664
-5.790664
-5.794156
-5.790664
-8.329568
-5.794156
-5.787169
-5.794156
-5.790664
-5.790664
-5.790664
-8.334593
-5.794156
-5.790664
-5.790664
-5.794156
-5.790664
-5.790664
-5.790664
-8.329568
-8.329568
-5.790664
-5.790664
-8.329568
-5.790664
-5.790664
-5.790664
-5.794156
-5.790664
-5.790664
-8.329568
-5.790664
-5.790664
-5.790664
-5.790664
-8.329568
-5.790664
-5.790664
-8.329568
-5.790664
-5.790664
-5.787169
-8.334593
-5.794156
-5.794156
-5.787169
-8.339618
-5.790664
-5.787169
-5.790664
-5.790664
-5.794156
-5.794156
-5.794156
-5.790664
-5.790664
-5.790664
-5.794156
-5.787169
-5.790664
-5.790664
-5.790664
-5.790664
-5.787169
-5.790664
-5.794156
-5.790664
-5.790664
-5.790664
-5.794156
-5.790664
-5.790664
-5.790664
-8.329568
-5.794156
-5.790664
-5.794156
-5.790664
-5.790664
-5.790664
-5.790664
-5.794156
-5.790664
-5.794156
-5.790664
-8.329568
-5.790664
-8.334593
-5.794156
-8.334593
-5.794156
-5.790664
-8.334593
-5.790664
-5.794156
-5.790664
-5.790664
-5.790664
-8.329568
-8.329568
-5.790664
-5.790664
-5.787169
-5.790664
-5.794156
-5.790664
-5.787169
-5.790664
-5.790664
-5.790664
-5.787169
-5.794156
-5.790664
-5.790664
-5.790664
-5.790664
-8.329568
-5.790664
-8.329568
-8.334593
-5.794156
-5.790664
-5.790664
-5.790664
-5.790664
-5.794156
-5.790664
-5.790664
-5.790664
-5.790664
-8.329568
-8.334593
-5.790664
-5.790664
-5.794156
-5.794156
-5.790664
-8.329568
-5.790664
-5.790664
-5.790664
-5.794156
-5.794156
-5.790664
-5.794156
-5.790664
-5.790664
-5.787169
-8.329568
-5.794156
-5.790664
-5.794156
-5.790664
-5.790664
-5.790664
-5.794156
-5.794156
-5.794156
-5.790664
-5.790664
-8.329568
-5.790664
-5.787169
-5.790664
-5.790664
-5.794156
-5.787169
-5.790664
-5.790664
-8.329568
-5.790664
-5.794156
-5.790664
-5.790664
-5.790664
-5.790664
-5.790664
-8.329568
-5.790664
-5.790664
-5.787169
-5.790664
-5.787169
-5.790664
-5.794156
-8.334593
-5.790664
-5.790664
-5.790664
-5.790664
-5.790664
-5.790664
-5.790664
-5.787169
-5.790664
-5.790664
-8.334593
-5.790664
-8.329568
-5.794156
-5.790664
-5.794156
-5.794156
-8.334593
-5.790664
-8.334593
-5.794156
-8.329568
-5.794156
-5.787169
-5.790664
-5.790664
-5.787169
-5.790664
-8.334593
-5.790664
-5.790664
-5.794156
-5.794156
-8.329568
-5.790664
-5.794156
-8.334593
-5.787169
-5.790664
-5.790664
-5.790664
-5.787169
-8.329568
-5.787169
-5.787169
-5.787169
-5.790664
-5.790664
-5.794156
-5.787169
-5.790664
-5.790664
-5.790664
-5.790664
-8.329568
-5.790664
-5.790664
-5.790664
-5.794156
-5.787169
-8.334593
-5.790664
-5.790664
-5.794156
-5.790664
-5.794156
-5.790664
-5.790664
-5.794156
-5.794156
-5.790664
-5.787169
-5.794156
-5.794156
-5.790664
-5.787169
-8.329568
-5.790664
-5.790664
-5.787169
-5.790664
-5.790664
-5.787169
-5.794156
-5.787169
-5.790664
-8.329568
-5.794156
-8.334593
-5.787169
-8.329568
-5.794156
-5.790664
-5.790664
-5.790664
-8.329568
-5.790664
-5.787169
-5.790664
-8.329568
-5.790664
-5.790664
-5.794156
-5.790664
-5.794156
-5.790664
-8.334593
-5.790664
-5.794156
-5.787169
-5.794156
-5.794156
-5.794156
-5.790664
-5.787169
-5.787169
-5.790664
-5.790664
-5.790664
-5.787169
-8.329568
-5.790664
-5.790664
-5.790664
-5.787169
-5.790664
-5.787169
-5.790664
-5.794156
-5.790664
-5.790664
-5.787169
-5.794156
-5.787169
-5.790664
-5.797651
-8.329568
-5.790664
-5.794156
-5.790664
-5.794156
-5.794156
-5.790664
-5.794156
-5.790664
-5.794156
-5.790664
-8.334593
-5.790664
-5.794156
-5.790664
-5.790664
-5.790664
-8.329568
-5.794156
-5.794156
-5.787169
-5.790664
-5.787169
-5.790664
-5.790664
-5.790664
-8.329568
-5.787169
-5.790664
-5.790664
-5.790664
-5.790664
-5.790664
-8.329568
-5.790664
-5.790664
-5.790664
-5.790664
-5.790664
-8.329568
-5.790664
-8.329568
-5.787169
-5.787169
-5.790664
-5.790664
-5.794156
-5.794156
-5.790664
-5.790664
-8.329568
-5.790664
-5.790664
-5.787169
-5.794156
-5.790664
-5.787169
-5.794156
-5.790664
-5.790664
-5.790664
-8.329568
-5.787169
-5.790664
-5.790664
-5.794156
-5.790664
-5.790664
-5.794156
-5.790664
-5.794156
-8.334593
-5.790664
-5.794156
-5.790664
-5.790664
-8.334593
-8.329568
-5.787169
-5.794156
-5.790664
-5.787169
-5.790664
-5.790664
-5.794156
-5.790664
-5.790664
-5.790664
-5.790664
-5.790664
-5.790664
-5.790664
-5.787169
-5.787169
-5.790664
-5.790664
-5.790664
-5.790664
-8.329568
-5.790664
-5.790664
-5.790664
-5.787169
-5.794156
-5.790664
-5.790664
-5.794156
-5.790664
-5.790664
-5.794156
-5.794156
-8.329568
-5.794156
-5.790664
-5.787169
-5.790664
-5.790664
-5.790664
-8.329568
-5.794156
-8.329568
-5.787169
-5.790664
-5.790664
-5.787169
-5.790664
-8.334593
-5.794156
-5.794156
-5.790664
-5.790664
-5.790664
-5.790664
-8.334593
-8.329568
-5.790664
-5.794156
-5.787169
-5.794156
-5.794156
-5.790664
-5.790664
-5.790664
-5.790664
-8.334593
-8.329568
-5.790664
-5.794156
-5.790664
-5.790664
-5.794156
-5.790664
-8.334593
-8.329568
-5.790664
-5.787169
-5.787169
-5.790664
-5.790664
-5.790664
-5.787169
-8.329568
-5.790664
-5.790664
-8.329568
-8.329568
-5.790664
-5.790664
-5.790664
-5.787169
-5.790664
-5.790664
-5.790664
-5.790664
-8.329568
-5.787169
-5.787169
-8.329568
-8.329568
-5.790664
-8.334593
-5.790664
-5.790664
-5.790664
-5.790664
-5.790664
-5.794156
-5.790664
-5.790664
-5.790664
-5.790664
-8.334593
-5.790664
-5.790664
-5.783683
-5.794156
-5.790664
-5.794156
-5.790664
-5.794156
-5.787169
-5.794156
-5.790664
-8.329568
-5.790664
-5.790664
-5.790664
-5.790664
-8.329568
-5.790664
-5.790664
-5.790664
-5.790664
-5.787169
-5.790664
-5.794156
-5.787169
-5.794156
-5.787169
-5.790664
-5.790664
-5.794156
-5.794156
-5.790664
-8.329568
-5.790664
-5.794156
-5.790664
-5.787169
-5.794156
-5.787169
-5.790664
-5.790664
-5.794156
-5.790664
-5.790664
-5.790664
-5.790664
-8.329568
-5.790664
-5.790664
-8.329568
-8.329568
-5.794156
-5.790664
-5.790664
-5.790664
-5.790664
-5.790664
-5.794156
-8.334593
-5.790664
-8.329568
-8.329568
-8.329568
-5.790664
-5.790664
-5.790664
-5.794156
-5.790664
-5.794156
-8.334593
-5.794156
-5.787169
-5.790664
-5.790664
-5.787169
-5.790664
-5.790664
-5.794156
-5.794156
-5.790664
-5.794156
-5.787169
-8.329568
-5.794156
-5.790664
-5.790664
-5.790664
-5.790664
-5.794156
-5.787169
-8.329568
-8.329568
-5.790664
-5.790664
-8.329568
-8.329568
-5.794156
-5.794156
-5.790664
-5.787169
-5.794156
-5.790664
-8.334593
-5.790664
-5.790664
-5.790664
-8.329568
-5.790664
-8.329568
-5.794156
-5.790664
-5.790664
-5.790664
-8.329568
-5.794156
-8.329568
-8.329568
-5.794156
-5.794156
-5.787169
-8.329568
-5.790664
-5.794156
-8.334593
-5.790664
-5.790664
-5.790664
-5.790664
-5.794156
-5.790664
-5.790664
-5.790664
-5.790664
-5.790664
-5.790664
-5.790664
-5.794156
-8.329568
-5.790664
-8.334593
-5.790664
-5.790664
-5.794156
-5.790664
-8.329568
-5.790664
-5.790664
-5.790664
-5.790664
-5.794156
-5.790664
-5.790664
-5.790664
-8.329568
-8.329568
-5.790664
-5.794156
-5.794156
-5.790664
-5.794156
-8.334593
-5.790664
-5.790664
-8.329568
-5.790664
-5.790664
-5.787169
-5.790664
-5.790664
-5.787169
-5.794156
-5.790664
-5.794156
-5.790664
-5.790664
-5.790664
-5.790664
-5.790664
-5.790664
-5.787169
-5.794156
-8.329568
-5.790664
-5.790664
-8.334593
-5.794156
-8.329568
-5.787169
-5.790664
-5.790664
-5.790664
-5.787169
-5.794156
-5.794156
-5.787169
-5.790664
-5.794156
-5.794156
-5.790664
-5.790664
-5.794156
-5.794156
-5.790664
-5.790664
-8.329568
-5.794156
-5.790664
-5.790664
-8.329568
-5.790664
-5.787169
-5.790664
-5.790664
-5.790664
-5.790664
-5.790664
-5.794156
-5.790664
-5.794156
-5.787169
-8.329568
-5.790664
-5.790664
-5.790664
-5.790664
-5.790664
-5.790664
-5.794156
-5.790664
-5.794156
-5.790664
-5.787169
-5.790664
-5.787169
-5.790664
-5.790664
-5.794156
-5.790664
-5.787169
-5.790664
-5.787169
-8.329568
-8.329568
-5.787169
-5.794156
-5.790664
-5.790664
-5.794156
-8.329568
-5.794156
-5.790664
-5.790664
-5.790664
-5.790664
-5.790664
-5.790664
-5.790664
-5.790664
-5.790664
-5.794156
-5.790664
-5.794156
-5.787169
-8.329568
-5.794156
-8.334593
-5.794156
-5.790664
-5.790664
-5.790664
-5.790664
-8.329568
-5.794156
-5.794156
-5.790664
-5.790664
-5.790664
-5.790664
-5.790664
-5.790664
-5.790664
-5.794156
-5.790664
-5.790664
-5.787169
-5.790664
-5.787169
-5.790664
-5.790664
-5.787169
-8.329568
-8.329568
-5.790664
-5.787169
-5.790664
-5.794156
-8.334593
-5.790664
-8.334593
-8.334593
-5.790664
-5.787169
-5.790664
-5.787169
-5.790664
-8.329568
-5.790664
-5.794156
-5.790664
-8.329568
-5.787169
-8.329568
-5.790664
-5.797651
-5.790664
-5.790664
-5.790664
-5.790664
-5.790664
-5.790664
-5.790664
-5.787169
-5.790664
-5.787169
-5.790664
-8.329568
-8.334593
-5.794156
-5.790664
-5.794156
-5.794156
-5.790664
-5.794156
-5.787169
-5.787169
-5.790664
-8.334593
-5.794156
-5.794156
-8.329568
-8.329568
-8.329568
-8.334593
-5.790664
-8.329568
-5.794156
-5.794156
-5.790664
-5.787169
-5.790664
-8.329568
-5.790664
-5.794156
-5.794156
-5.790664
-5.787169
-5.794156
-5.790664
-5.794156
-5.790664
-5.790664
-5.794156
-5.787169
-5.790664
-5.794156
-5.790664
-5.790664
-5.794156
-8.329568
-5.790664
-8.329568
-5.790664
-5.790664
-5.790664
-5.790664
-5.794156
-5.790664
-5.790664
-5.790664
-5.790664
-5.787169
-5.790664
-5.790664
-5.794156
-5.790664
-8.334593
-5.787169
-5.790664
-5.790664
-5.787169
-5.787169
-8.334593
-5.790664
-5.794156
-5.790664
-5.794156
-5.790664
-5.794156
-5.790664
-5.794156
-5.790664
-5.790664
-5.797651
-5.790664
-5.787169
-5.790664
-5.790664
-5.794156
-5.794156
-5.790664
-5.790664
-5.790664
-5.790664
-5.790664
-8.329568
-5.794156
-8.334593
-5.794156
-5.794156
-5.790664
-5.790664
-5.790664
-5.794156
-5.790664
-5.790664
-5.794156
-8.334593
-5.787169
-5.790664
-5.794156
-8.334593
-5.790664
-5.790664
-5.794156
-5.794156
-5.790664
-5.794156
-8.329568
-5.790664
-5.794156
-5.790664
-5.787169
-5.790664
-8.339618
-5.790664
-5.794156
-5.787169
-5.794156
-5.794156
-8.329568
-5.787169
-5.790664
-5.790664
-5.790664
-5.794156
-5.790664
-5.790664
-5.790664
-8.329568
-5.790664
-5.790664
-5.790664
-5.794156
-5.790664
-5.787169
-5.790664
-5.790664
-8.329568
-8.334593
-8.329568
-5.790664
-5.790664
-5.790664
-5.790664
-5.794156
-5.790664
-5.790664
-5.790664
-8.329568
-5.790664
-8.329568
-8.329568
-5.794156
-5.790664
-5.790664
-5.790664
-5.790664
-5.790664
-5.790664
-5.787169
-5.790664
-5.790664
-8.329568
-5.794156
-5.790664
-5.790664
-5.794156
-5.794156
-5.794156
-5.783683
-8.334593
-5.790664
-5.790664
-5.790664
-5.790664
-5.790664
-5.790664
-5.790664
-8.329568
-8.329568
-5.787169
-5.787169
-5.790664
-5.790664
-8.329568
-5.794156
-5.790664
-5.790664
-5.790664
-5.790664
-5.790664
-5.790664
-8.334593
-5.790664
-5.790664
-8.329568
-5.790664
-5.794156
-5.790664
-5.790664
-8.329568
-5.787169
-5.787169
-5.794156
-5.790664
-5.790664
-5.787169
-5.787169
-8.334593
-5.790664
-8.329568
-8.329568
-5.794156
-5.794156
-5.790664
-8.339618
-5.794156
-5.790664
-8.329568
-5.787169
-5.790664
-5.790664
-5.790664
-5.794156
-5.790664
-5.790664
-5.790664
-5.790664
-5.794156
-5.794156
-8.334593
-5.787169
-5.790664
-5.790664
-5.794156
-5.794156
-8.329568
-5.790664
-5.794156
-5.787169
-8.329568
-5.790664
-5.790664
-8.329568
-5.790664
-8.329568
-5.794156
-5.790664
-5.790664
-5.787169
-5.790664
-5.790664
-8.329568
-8.329568
-5.794156
-5.794156
-5.790664
-8.334593
-8.329568
-5.794156
-5.787169
-5.790664
-5.790664
-5.790664
-5.790664
-5.790664
-5.790664
-5.790664
-5.790664
-5.790664
-5.790664
-5.790664
-5.790664
-5.790664
-5.790664
-5.790664
-8.334593
-5.790664
-5.790664
-8.329568
-8.334593
-5.790664
-5.790664
-5.790664
-5.790664
-5.794156
-5.794156
-5.787169
-5.790664
-5.790664
-5.790664
-5.794156
-5.790664
-5.790664
-5.787169
-5.790664
-5.790664
-5.790664
-5.794156
-5.787169
-5.790664
-8.329568
-5.790664
-8.334593
-5.790664
-5.790664
-5.794156
-5.790664
-8.334593
-5.794156
-5.790664
-8.329568
-5.794156
-5.790664
-5.790664
-5.790664
-5.787169
-5.790664
-5.790664
-5.787169
-5.787169
-8.329568
-5.787169
-5.790664
-5.790664
-5.787169
-8.329568
-5.790664
-5.790664
-5.790664
-5.794156
-8.329568
-5.794156
-5.790664
-5.790664
-5.790664
-5.790664
-5.787169
-5.790664
-5.790664
-5.790664
-8.329568
-5.794156
-5.790664
-5.794156
-5.794156
-5.790664
-5.790664
-5.790664
-5.790664
-5.790664
-5.790664
-5.790664
-5.790664
-5.794156
-5.790664
-8.329568
-5.790664
-5.790664
-5.790664
-5.790664
-5.794156
-5.790664
-5.790664
-5.790664
-5.790664
-5.794156
-5.790664
-5.794156
-5.790664
-5.790664
-5.790664
-5.794156
-5.790664
-5.790664
-5.794156
-8.329568
-5.794156
-5.794156
-5.790664
-5.790664
-5.790664
-8.329568
-5.790664
-8.329568
-8.334593
-5.790664
-5.790664
-5.794156
-5.787169
-5.790664
-5.790664
-5.787169
-5.790664
-5.790664
-8.329568
-5.787169
-5.787169
-5.790664
-5.794156
-5.790664
-5.790664
-5.787169
-5.790664
-5.790664
-5.794156
-8.334593
-5.794156
-5.790664
-5.790664
-8.329568
-5.790664
-5.790664
-5.790664
-5.790664
-5.787169
-5.794156
-5.790664
-5.794156
-5.787169
-5.790664
-5.790664
-8.329568
-5.787169
-5.794156
-8.334593
-5.790664
-5.790664
-5.790664
-5.794156
-5.790664
-5.787169
-5.794156
-5.790664
-5.790664
-5.787169
-5.790664
-5.790664
-5.790664
-8.329568
-8.329568
-5.790664
-5.790664
-5.787169
-5.790664
-5.790664
-5.790664
-5.790664
-5.790664
-5.790664
-5.794156
-5.794156
-5.787169
-5.790664
-5.790664
-5.794156
-5.790664
-5.790664
-5.790664
-5.794156
-5.790664
-8.329568
-8.334593
-5.790664
-5.794156
-5.790664
-5.797651
-5.790664
-8.334593
-5.794156
-5.790664
-5.790664
-8.329568
-5.787169
-8.334593
-5.790664
-5.794156
-5.790664
-5.787169
-5.790664
-5.787169
-5.790664
-8.329568
-5.787169
-5.790664
-5.790664
-8.329568
-5.794156
-5.790664
-5.790664
-5.794156
-5.787169
-5.790664
-5.790664
-5.790664
-5.794156
-5.790664
-5.790664
-5.790664
-5.790664
-5.794156
-5.790664
-5.790664
-5.790664
-5.794156
-5.790664
-5.790664
-8.339618
-8.329568
-5.790664
-8.329568
-5.790664
-8.329568
-8.329568
-5.787169
-5.790664
-5.787169
-8.334593
-5.794156
-5.787169
-5.790664
-5.794156
-5.794156
-5.790664
-5.790664
-5.790664
-5.790664
-5.794156
-8.329568
-5.790664
-5.794156
-5.790664
-5.790664
-5.794156
-5.787169
-5.794156
-5.790664
-8.329568
-5.790664
-5.790664
-5.790664
-5.790664
-5.790664
-5.794156
-5.787169
-5.787169
-5.790664
-5.787169
-5.790664
-5.790664
-5.790664
-5.787169
-5.790664
-5.794156
-8.329568
-5.790664
-5.790664
-5.794156
-5.794156
-5.787169
-5.794156
-5.790664
-5.794156
-5.790664
-5.790664
-5.790664
-5.790664
-5.790664
-5.790664
-5.790664
-8.329568
-5.790664
-5.790664
-5.790664
-5.794156
-5.794156
-5.790664
-8.329568
-5.790664
-5.794156
-5.790664
-5.790664
-5.794156
-5.794156
-8.329568
-5.790664
-5.787169
-8.329568
-5.787169
-5.790664
-5.790664
-5.790664
-5.790664
-5.790664
-5.790664
-8.334593
-5.790664
-5.787169
-5.790664
-8.329568
-5.787169
-5.790664
-8.334593
-8.329568
-5.790664
-5.790664
-5.790664
-5.790664
-5.790664
-5.790664
-8.329568
-5.790664
-5.790664
-5.790664
-8.334593
-5.790664
-5.790664
-8.329568
-5.787169
-5.790664
-5.790664
-5.794156
-5.794156
-5.790664
-5.794156
-8.329568
-5.790664
-5.790664
-5.794156
-5.790664
-5.794156
-5.790664
-5.790664
-5.787169
-8.334593
-5.794156
-5.794156
-5.790664
-8.329568
-5.787169
-5.790664
-5.794156
-5.794156
-5.794156
-5.794156
-5.790664
-8.334593
-5.790664
-5.794156
-5.790664
-5.787169
-5.790664
-8.334593
-5.790664
-5.790664
-8.329568
-5.790664
-5.790664
-5.790664
-5.790664
-5.790664
-5.787169
-5.790664
-5.790664
-5.794156
-5.790664
-5.790664
-5.790664
-8.334593
-5.787169
-5.790664
-5.790664
-5.790664
-5.790664
-5.790664
-5.787169
-5.794156
-5.787169
-8.329568
-5.790664
-8.329568
-5.790664
-5.790664
-5.794156
-5.790664
-5.790664
-5.790664
-5.790664
-5.797651
-5.790664
-8.329568
-5.794156
-5.790664
-5.790664
-5.787169
-5.787169
-8.329568
-5.790664
-8.329568
-5.790664
-5.794156
-8.329568
-8.334593
-5.790664
-5.787169
-5.794156
-8.329568
-8.329568
-5.790664
-5.790664
-5.790664
-8.329568
-5.790664
-5.790664
-5.794156
-5.790664
-5.790664
-8.329568
-5.794156
-5.790664
-8.329568
-8.334593
-5.790664
-5.794156
-5.787169
-5.790664
-5.790664
-5.790664
-8.329568
-5.790664
-5.794156
-5.790664
-5.790664
-5.790664
-8.334593
-5.787169
-5.787169
-5.790664
-8.329568
-5.790664
-5.790664
-5.794156
-5.790664
-5.790664
-5.794156
-5.794156
-5.790664
-5.790664
-8.329568
-5.790664
-8.334593
-8.339618
-5.790664
-5.790664
-5.794156
-5.794156
-5.787169
-5.787169
-5.790664
-5.790664
-8.329568
-5.790664
-5.790664
-5.790664
-5.790664
-5.790664
-5.790664
-5.790664
-5.790664
-5.787169
-5.790664
-5.787169
-5.790664
-5.790664
-5.790664
-5.790664
-5.787169
-5.790664
-8.329568
-5.790664
-5.790664
-5.790664
-5.787169
-8.329568
-5.790664
-5.790664
-5.790664
-5.790664
-5.790664
-5.790664
-5.790664
-5.794156
-5.790664
-5.794156
-5.790664
-5.790664
-5.794156
-5.794156
-5.794156
-8.334593
-5.794156
-5.790664
-5.794156
-5.790664
-5.790664
-5.794156
-8.329568
-5.787169
-5.790664
-5.790664
-5.790664
-5.794156
-5.790664
-5.794156
-5.794156
-8.334593
-8.329568
-5.787169
-5.790664
-8.329568
-5.790664
-5.790664
-5.794156
-5.790664
-5.794156
-8.329568
-5.790664
-8.339618
-5.790664
-5.790664
-5.790664
-8.334593
-5.794156
-5.790664
-8.329568
-5.790664
-5.794156
-5.794156
-8.334593
-5.790664
-5.794156
-8.329568
-5.790664
-5.790664
-5.794156
-5.790664
-5.794156
-5.794156
-8.329568
-5.787169
-5.794156
-5.787169
-5.787169
-5.790664
-8.329568
-5.794156
-5.787169
-5.790664
-5.794156
-5.790664
-5.794156
-5.787169
-5.787169
-5.790664
-5.790664
-8.329568
-8.329568
-5.790664
-5.794156
-5.790664
-5.794156
-5.790664
-8.329568
-5.790664
-5.790664
-5.790664
-8.329568
-5.790664
-5.790664
-5.790664
-5.787169
-5.790664
-5.790664
-5.790664
-5.794156
-5.787169
-5.790664
-5.790664
-5.794156
-5.794156
-5.790664
-5.790664
-5.794156
-5.790664
-5.790664
-8.329568
-5.790664
-8.329568
-5.790664
-5.790664
-5.790664
-5.790664
-5.790664
-5.790664
-5.790664
-5.790664
-5.794156
-5.790664
-5.790664
-5.794156
-5.790664
-5.790664
-5.790664
-5.790664
-5.794156
-5.790664
-5.790664
-8.329568
-5.794156
-5.790664
-5.787169
-5.790664
-5.790664
-5.794156
-5.790664
-5.794156
-5.790664
-8.329568
-5.790664
-5.790664
-5.787169
-5.794156
-5.794156
-5.790664
-5.790664
-5.790664
-5.787169
-8.329568
-5.790664
-5.790664
-5.790664
-5.790664
-5.790664
-5.794156
-5.787169
-5.794156
-5.790664
-5.790664
-5.790664
-5.790664
-8.329568
-5.794156
-5.794156
-5.794156
-5.794156
-5.790664
-5.790664
-5.790664
-5.790664
-8.334593
-5.794156
-5.794156
-8.329568
-5.787169
-8.334593
-5.794156
-5.790664
-5.787169
-5.794156
-8.339618
-5.790664
-5.790664
-5.794156
-5.790664
-5.790664
-5.790664
-5.790664
-5.790664
-5.790664
-5.790664
-5.794156
-5.790664
-5.794156
-5.790664
-5.790664
-5.790664
-5.790664
-5.790664
-5.790664
-5.794156
-5.787169
-5.794156
-5.794156
-5.790664
-8.329568
-5.790664
-5.794156
-5.794156
-5.790664
-5.790664
-5.790664
-5.790664
-5.787169
-5.790664
-5.790664
-5.794156
-5.794156
-5.790664
-5.794156
-5.790664
-5.790664
-5.794156
-5.787169
-5.790664
-5.794156
-5.794156
-5.787169
-5.787169
-5.787169
-5.790664
-5.790664
-5.790664
-5.794156
-5.794156
-5.794156
-5.790664
-5.790664
-5.794156
-5.790664
-5.790664
-5.790664
-5.790664
-5.794156
-5.794156
-5.790664
-5.790664
-8.334593
-5.790664
-5.794156
-5.790664
-5.790664
-5.787169
-5.790664
-5.790664
-5.794156
-5.794156
-5.794156
-5.790664
-8.329568
-5.790664
-5.794156
-5.790664
-8.329568
-5.790664
-5.790664
-5.790664
-5.790664
-5.790664
-5.790664
-5.790664
-5.790664
-5.790664
-5.794156
-5.790664
-5.794156
-5.790664
-5.790664
-8.329568
-5.790664
-5.790664
-5.787169
-5.787169
-5.790664
-5.790664
-5.790664
-5.794156
-5.790664
-5.790664
-5.794156
-5.794156
-5.790664
-8.329568
-8.339618
-5.790664
-5.790664
-8.329568
-5.794156
-5.790664
-5.790664
-5.794156
-5.794156
-5.790664
-5.794156
-5.790664
-5.790664
-5.794156
-5.790664
-8.334593
-8.329568
-5.790664
-8.329568
-5.790664
-5.790664
-5.794156
-5.790664
-5.794156
-5.790664
-5.794156
-5.790664
-5.794156
-5.790664
-8.329568
-8.329568
-5.790664
-8.329568
-8.334593
-5.790664
-5.790664
-5.790664
-5.794156
-5.790664
-8.329568
-5.790664
-5.794156
-8.329568
-5.790664
-5.790664
-5.787169
-8.329568
-5.790664
-5.797651
-5.790664
-5.794156
-5.790664
-8.329568
-5.794156
-5.790664
-5.787169
-8.329568
-5.787169
-5.794156
-8.329568
-5.794156
-8.334593
-5.790664
-5.790664
-5.790664
-5.790664
-8.329568
-5.794156
-5.787169
-5.790664
-5.790664
-5.790664
-5.794156
-5.794156
-5.794156
-5.790664
-5.790664
-5.790664
-5.790664
-5.790664
-5.790664
-5.790664
-5.794156
-5.787169
-5.790664
-5.790664
-8.329568
-5.794156
-5.794156
-5.794156
-5.794156
-5.787169
-5.794156
-5.790664
-5.790664
-5.790664
-5.794156
-8.329568
-5.790664
-5.790664
-5.794156
-5.790664
-5.790664
-5.787169
-8.334593
-5.794156
-5.790664
-5.794156
-5.794156
-5.790664
-5.787169
-5.794156
-5.794156
-5.794156
-5.787169
-8.329568
-5.794156
-5.790664
-5.790664
-5.790664
-5.790664
-5.790664
-5.790664
-5.790664
-5.787169
-5.790664
-5.790664
-5.790664
-8.334593
-5.790664
-5.794156
-5.794156
-8.334593
-5.790664
-5.790664
-5.790664
-5.790664
-5.794156
-5.790664
-5.790664
-5.790664
-5.790664
-5.790664
-5.790664
-5.794156
-5.790664
-5.794156
-5.790664
-5.790664
-5.790664
-5.790664
-5.790664
-5.790664
-5.790664
-8.334593
-5.787169
-5.790664
-5.790664
-8.334593
-5.790664
-8.329568
-5.794156
-5.790664
-5.787169
-5.787169
-5.790664
-5.790664
-5.790664
-5.794156
-8.329568
-5.790664
-5.790664
-5.790664
-5.790664
-5.794156
-8.329568
-5.797651
-5.790664
-5.790664
-5.790664
-5.790664
-5.790664
-5.790664
-5.790664
-8.329568
-5.790664
-8.329568
-5.790664
-5.790664
-5.794156
-5.794156
-5.790664
-5.794156
-5.790664
-5.794156
-5.787169
-8.334593
-8.329568
-5.790664
-5.794156
-5.790664
-5.790664
-5.790664
-5.787169
-5.790664
-5.794156
-5.790664
-5.790664
-5.790664
-5.790664
-5.790664
-5.794156
-5.790664
-5.790664
-5.790664
-5.790664
-5.790664
-5.794156
-5.794156
-5.790664
-5.794156
-5.790664
-5.794156
-5.794156
-5.790664
-5.790664
-5.790664
-8.329568
-5.794156
-8.329568
-5.790664
-5.794156
-5.790664
-5.790664
-5.790664
-5.794156
-5.790664
-5.794156
-5.790664
-5.794156
-8.329568
-5.790664
-5.790664
-5.790664
-5.794156
-5.790664
-5.790664
-5.790664
-5.790664
-5.790664
-5.790664
-5.790664
-5.790664
-5.794156
-5.790664
-5.794156
-5.790664
-8.334593
-5.794156
-8.334593
-5.790664
-5.790664
-8.329568
-5.790664
-5.787169
-5.794156
-8.329568
-5.787169
-5.790664
-5.787169
-5.790664
-5.787169
-5.787169
-5.794156
-5.790664
-5.790664
-5.794156
-5.790664
-5.790664
-8.329568
-8.329568
-5.790664
-5.787169
-5.790664
-5.794156
-8.329568
-5.790664
-5.787169
-5.790664
-5.790664
-5.794156
-5.790664
-5.794156
-5.790664
-5.790664
-5.794156
-5.794156
-5.790664
-5.787169
-5.790664
-8.329568
-5.787169
-5.787169
-5.790664
-5.794156
-5.787169
-5.794156
-5.790664
-5.794156
-5.790664
-8.329568
-5.790664
-5.790664
-5.790664
-5.787169
-5.794156
-5.787169
-5.790664
-5.790664
-5.787169
-5.790664
-5.794156
-5.794156
-5.794156
-5.790664
-5.787169
-5.790664
-5.790664
-8.334593
-5.790664
-5.790664
-5.790664
-8.334593
-5.790664
-5.787169
-5.790664
-5.790664
-5.790664
-5.790664
-8.329568
-5.790664
-5.787169
-5.794156
-5.790664
-8.329568
-5.790664
-5.794156
-5.790664
-8.329568
-5.790664
-5.790664
-5.790664
-5.790664
-5.790664
-5.794156
-5.790664
-5.794156
-8.329568
-5.790664
-5.790664
-5.790664
-8.329568
-5.790664
-8.329568
-8.329568
-5.794156
-5.794156
-5.790664
-8.334593
-5.790664
-5.790664
-5.790664
-5.794156
-5.794156
-5.790664
-5.790664
-5.790664
-5.790664
-5.790664
-5.790664
-5.790664
-5.787169
-5.790664
-5.794156
-5.790664
-5.790664
-5.790664
-5.794156
-5.790664
-5.790664
-5.790664
-5.790664
-8.329568
-5.787169
-8.329568
-5.787169
-5.790664
-5.787169
-5.794156
-5.790664
-5.790664
-5.794156
-8.329568
-5.794156
-5.790664
-5.790664
-5.787169
-5.790664
-5.790664
-5.787169
-5.790664
-5.790664
-5.794156
-8.329568
-8.329568
-5.794156
-5.790664
-8.329568
-5.794156
-5.790664
-5.790664
-5.790664
-5.790664
-5.790664
-5.790664
-5.794156
-5.790664
-8.329568
-5.794156
-5.790664
-8.329568
-5.794156
-5.787169
-5.790664
-5.790664
-8.329568
-5.790664
-5.790664
-5.790664
-8.329568
-5.790664
-5.794156
-5.790664
-8.334593
-5.790664
-5.790664
-5.787169
-5.790664
-5.790664
-5.790664
-5.790664
-5.790664
-5.794156
-5.790664
-5.790664
-5.790664
-5.794156
-8.329568
-5.790664
-5.790664
-5.790664
-5.787169
-8.329568
-5.790664
-8.329568
-5.794156
-5.790664
-5.790664
-5.790664
-5.790664
-5.790664
-5.787169
-5.787169
-8.334593
-5.794156
-5.790664
-5.790664
-5.790664
-5.794156
-5.794156
-5.790664
-5.790664
-5.790664
-5.790664
-5.790664
-5.794156
-5.794156
-5.794156
-5.790664
-5.790664
-5.790664
-5.790664
-5.794156
-5.790664
-5.790664
-5.790664
-5.790664
-5.790664
-5.787169
-5.790664
-5.787169
-5.790664
-5.790664
-5.790664
-5.794156
-5.790664
-5.790664
-5.790664
-5.787169
-5.787169
-5.794156
-5.787169
-5.790664
-5.787169
-5.790664
-5.790664
-5.787169
-5.794156
-5.790664
-5.790664
-5.787169
-5.787169
-5.790664
-5.790664
-5.790664
-5.790664
-5.790664
-5.794156
-5.794156
-8.329568
-5.790664
-5.790664
-5.790664
-5.790664
-5.787169
-5.787169
-8.339618
-5.794156
-5.790664
-5.790664
-5.790664
-5.790664
-5.790664
-5.790664
-5.787169
-8.329568
-5.794156
-8.329568
-5.790664
-5.790664
-5.787169
-5.794156
-8.334593
-5.790664
-5.794156
-5.790664
-5.790664
-5.787169
-5.790664
-5.790664
-5.790664
-5.794156
-5.787169
-5.790664
-5.790664
-5.790664
-5.790664
-5.794156
-5.790664
-8.329568
-5.794156
-5.790664
-5.790664
-5.790664
-8.334593
-5.790664
-5.787169
-8.329568
-8.329568
-5.790664
-5.790664
-5.787169
-8.334593
-5.790664
-8.329568
-5.794156
-5.790664
-5.794156
-5.790664
-5.790664
-8.334593
-5.790664
-5.790664
-5.790664
-5.794156
-5.790664
-5.787169
-5.787169
-5.790664
-5.790664
-5.790664
-8.329568
-5.790664
-5.790664
-5.787169
-5.794156
-8.334593
-5.790664
-5.790664
-5.790664
-5.794156
-5.790664
-5.790664
-8.329568
-5.790664
-8.334593
-5.787169
-5.790664
-5.794156
-8.329568
-5.790664
-5.790664
-5.794156
-5.794156
-5.790664
-5.787169
-8.339618
-5.790664
-5.787169
-5.787169
-5.794156
-8.329568
-5.787169
-5.787169
-5.790664
-5.790664
-5.790664
-5.790664
-8.329568
-5.790664
-5.790664
-8.334593
-8.329568
-5.790664
-5.790664
-5.790664
-5.790664
-5.794156
-5.790664
-8.329568
-5.794156
-5.790664
-5.790664
-5.790664
-5.790664
-5.790664
-5.790664
-5.790664
-5.787169
-5.790664
-8.329568
-5.794156
-5.787169
-5.790664
-5.794156
-5.790664
-5.790664
-8.329568
-5.790664
-5.794156
-8.334593
-5.787169
-5.794156
-5.794156
-5.794156
-5.794156
-5.790664
-5.794156
-5.790664
-5.790664
-5.794156
-5.790664
-5.790664
-8.329568
-8.329568
-5.790664
-5.787169
-5.787169
-5.787169
-5.790664
-5.790664
-8.334593
-5.790664
-5.787169
-5.794156
-5.794156
-5.787169
-5.794156
-5.787169
-5.790664
-8.329568
-5.794156
-5.790664
-5.794156
-8.329568
-5.790664
-5.790664
-5.790664
-5.787169
-5.790664
-5.790664
-5.794156
-5.790664
-5.794156
-5.790664
-5.794156
-5.787169
-5.790664
-8.329568
-8.334593
-5.790664
-5.794156
-5.787169
-5.790664
-5.790664
-5.790664
-5.790664
-8.329568
-5.794156
-5.790664
-5.794156
-5.790664
-5.794156
-5.790664
-8.329568
-5.790664
-5.790664
-5.794156
-5.790664
-5.790664
-5.790664
-5.794156
-5.790664
-5.794156
-5.794156
-8.334593
-5.794156
-8.334593
-5.787169
-5.787169
-5.787169
-8.329568
-5.790664
-5.790664
-5.790664
-5.790664
-8.329568
-5.790664
-5.790664
-5.790664
-5.790664
-8.334593
-5.790664
-5.790664
-5.787169
-5.790664
-5.790664
-5.790664
-5.794156
-5.794156
-5.787169
-5.794156
-5.794156
-5.790664
-5.790664
-5.794156
-5.790664
-8.329568
-5.790664
-5.787169
-5.794156
-5.794156
-5.790664
-5.790664
-5.790664
-5.794156
-5.790664
-5.794156
-5.787169
-5.794156
-5.787169
-8.329568
-5.787169
-8.329568
-5.790664
-5.790664
-8.329568
-5.787169
-8.334593
-5.790664
-5.790664
-5.790664
-5.790664
-5.790664
-5.790664
-5.790664
-5.794156
-5.790664
-8.329568
-5.794156
-5.790664
-5.790664
-5.790664
-5.790664
-5.794156
-5.790664
-5.790664
-5.794156
-5.790664
-5.790664
-5.790664
-5.790664
-5.790664
-5.790664
-5.790664
-5.794156
-8.329568
-5.790664
-5.794156
-5.790664
-5.790664
-5.790664
-5.790664
-5.787169
-5.790664
-5.790664
-8.329568
-5.790664
-5.790664
-5.790664
-5.790664
-5.787169
-5.794156
-5.790664
-5.790664
-5.790664
-5.787169
-5.787169
-5.794156
-5.790664
-5.790664
-5.790664
-5.790664
-5.790664
-8.339618
-5.790664
-5.790664
-5.790664
-5.790664
-5.790664
-5.790664
-5.790664
-5.794156
-5.794156
-5.790664
-5.794156
-5.794156
-8.334593
-5.790664
-5.790664
-5.790664
-5.790664
-5.790664
-5.794156
-5.794156
-5.790664
-5.787169
-5.787169
-8.334593
-5.794156
-5.790664
-5.790664
-5.790664
-8.329568
-8.334593
-8.334593
-5.794156
-5.790664
-5.794156
-5.790664
-5.790664
-5.787169
-5.794156
-5.790664
-5.790664
-5.790664
-5.790664
-5.790664
-5.790664
-8.334593
-5.790664
-5.794156
-5.794156
-8.329568
-5.794156
-5.790664
-5.790664
-5.794156
-5.790664
-8.334593
-5.790664
-5.794156
-5.790664
-5.790664
-5.794156
-5.794156
-5.794156
-5.790664
-5.790664
-5.790664
-5.790664
-5.794156
-5.794156
-5.787169
-5.790664
-5.790664
-5.794156
-5.790664
-5.790664
-5.794156
-5.790664
-5.794156
-5.790664
-5.790664
-5.794156
-5.790664
-5.790664
-5.790664
-5.787169
-8.334593
-5.794156
-5.794156
-5.794156
-8.329568
-5.790664
-5.790664
-5.790664
-5.794156
-5.790664
-5.790664
-5.794156
-5.790664
-5.790664
-5.790664
-5.790664
-5.794156
-5.790664
-5.794156
-8.329568
-5.794156
-5.787169
-5.790664
-5.790664
-5.790664
-8.334593
-5.790664
-5.790664
-5.790664
-5.790664
-5.794156
-5.790664
-5.790664
-5.790664
-8.329568
-5.794156
-5.794156
-5.790664
-5.790664
-5.794156
-5.794156
-5.794156
-5.794156
-5.790664
-5.790664
-5.794156
-5.794156
-5.787169
-5.794156
-5.794156
-5.794156
-5.790664
-5.790664
-5.794156
-5.790664
-5.790664
-5.794156
-5.790664
-5.787169
-8.329568
-5.790664
-5.794156
-5.790664
-5.790664
-5.790664
-8.329568
-5.790664
-5.790664
-5.794156
-5.790664
-5.787169
-5.790664
-5.794156
-5.790664
-8.334593
-5.790664
-5.790664
-8.334593
-5.790664
-5.790664
-5.790664
-5.790664
-5.794156
-5.794156
-5.787169
-5.790664
-5.794156
-5.794156
-5.790664
-5.790664
-8.329568
-5.790664
-5.790664
-5.790664
-8.334593
-8.334593
-8.329568
-5.794156
-8.329568
-5.790664
-5.790664
-5.790664
-5.790664
-8.329568
-5.787169
-5.790664
-5.794156
-5.790664
-5.790664
-5.790664
-5.794156
-5.790664
-5.794156
-5.790664
-5.790664
-5.794156
-5.790664
-5.790664
-5.787169
-5.790664
-5.790664
-5.790664
-5.790664
-5.787169
-5.790664
-5.790664
-5.794156
-8.329568
-5.790664
-5.790664
-5.790664
-8.329568
-5.790664
-5.790664
-5.790664
-5.790664
-5.790664
-5.790664
-5.790664
-5.790664
-5.794156
-5.794156
-8.329568
-5.790664
-5.787169
-5.787169
-5.794156
-5.790664
-5.794156
-8.334593
-5.787169
-5.790664
-5.790664
-5.787169
-5.790664
-5.794156
-5.790664
-8.329568
-5.794156
-5.787169
-5.790664
-5.794156
-8.334593
-5.790664
-5.790664
-5.790664
-5.790664
-5.790664
-5.790664
-5.790664
-8.329568
-5.790664
-5.790664
-5.790664
-5.790664
-5.790664
-5.794156
-5.787169
-8.329568
-5.790664
-5.787169
-5.790664
-5.794156
-5.790664
-5.794156
-5.790664
-5.790664
-5.794156
-5.794156
-5.790664
-5.790664
-5.790664
-5.790664
-5.794156
-5.790664
-5.790664
-5.794156
-5.790664
-5.790664
-5.794156
-5.790664
-5.794156
-5.790664
-5.790664
-5.790664
-5.794156
-5.790664
-8.334593
-5.790664
-5.790664
-5.790664
-5.790664
-5.790664
-5.790664
-5.790664
-5.790664
-5.787169
-5.794156
-5.794156
-5.790664
-5.790664
-5.794156
-8.329568
-5.787169
-5.790664
-8.334593
-5.790664
-5.794156
-8.329568
-5.794156
-5.794156
-8.334593
-5.790664
-5.790664
-8.334593
-5.794156
-5.790664
-5.794156
-5.790664
-5.787169
-5.787169
-8.329568
-5.790664
-5.790664
-5.790664
-5.790664
-8.334593
-5.794156
-5.790664
-5.787169
-5.790664
-5.790664
-5.790664
-5.787169
-5.790664
-5.787169
-5.790664
-8.334593
-8.334593
-5.790664
-5.790664
-5.790664
-8.329568
-5.790664
-5.790664
-5.794156
-5.794156
-5.790664
-5.794156
-5.787169
-5.787169
-5.790664
-5.790664
-5.794156
-5.787169
-5.790664
-5.790664
-8.329568
-5.787169
-8.329568
-8.329568
-5.790664
-5.794156
-5.794156
-8.329568
-5.787169
-5.787169
-5.790664
